idRule,agent,module,tier,confidence,rationale_text
4334,Trichloroethylene,DRYC_Dry Cleaner,EST,high,"Your answers indicate: “Trichloroethylene” for “In the last working week, did you use any of the following dry cleaning chemicals?”; and “Transferred dry cleaned clothing from the washer to the dryer” for “In the last working week, did you do any of the following tasks?”. You may have been exposed to a solvent used in some manufacturing such as degreasing, classified as a known human carcinogen."
4335,Trichloroethylene,DRYC_Dry Cleaner,EST,high,"Your answers indicate: “Trichloroethylene” for “In the last working week, did you use any of the following dry cleaning chemicals?”; and “Manually transferred dry cleaning chemicals from a storage tank to a washing machine” for “In the last working week, did you do any of the following tasks?”. You may have been exposed to a solvent used in some manufacturing such as degreasing, classified as a known human carcinogen."
4339,Tetrachloroethylene (PERC),DRYC_Dry Cleaner,EST,medium,"Your answers indicate: “Perchloroethylene or tetrachloroethylene (PERC)” for “In the last working week, did you use any of the following dry cleaning chemicals?”; and “Transferred dry cleaned clothing from the washer to the dryer” for “In the last working week, did you do any of the following tasks?”. You may have been exposed to a solvent used in dry cleaning and some manufacturing, classified as a probable human carcinogen."
4340,Tetrachloroethylene (PERC),DRYC_Dry Cleaner,EST,medium,"Your answers indicate: “Perchloroethylene or tetrachloroethylene (PERC)” for “In the last working week, did you use any of the following dry cleaning chemicals?”; and “Manually transferred dry cleaning chemicals from a storage tank to a washing machine” for “In the last working week, did you do any of the following tasks?”. You may have been exposed to a solvent used in dry cleaning and some manufacturing, classified as a probable human carcinogen."
5350,Diesel Exhaust,aDVM Driving/Maintenance aJSM,EST,high,"Your answers indicate: “Underground in a mine” for “What types of roads or areas did you drive or travel on?”; and “Diesel” for “What types of fuel did the vehicles that you drove, maintained or travelled in use?”. You may have been exposed to exhaust from diesel engines, classified as a known human carcinogen."
5382,Diesel Exhaust,aDVM Driving/Maintenance aJSM,EST,high,"Your answers indicate: “Diesel” for “What types of fuel did the vehicles that you drove, maintained or travelled in use?”; and “Inside a building (e.g., warehouse)” for “What types of roads or areas did you drive or travel on?”. You may have been exposed to exhaust from diesel engines, classified as a known human carcinogen."
5401,Carbon Monoxide,aDVM Driving/Maintenance aJSM,ACUTE,high,"Your answers indicate: “Underground in a mine” for “What types of roads or areas did you drive or travel on?”. You may have been exposed to a gas from combustion sources, capable of serious acute poisoning at high concentrations."
5490,Carbon Monoxide,aDVM Driving/Maintenance aJSM,ACUTE,high,"Your answers indicate: “No” for “In the last working week, did you attach a hose to the exhaust pipe of the vehicle you maintained to lead the exhaust fumes outside?”. You may have been exposed to a gas from combustion sources, capable of serious acute poisoning at high concentrations."
5582,Benzene,aMAH Material Handling aJSM,EST,high,"Your answers indicate: “Petroleum” for “What petroleum products did you load, unload or carry in the last working week?”; and “From the top of the tanker with an open hatch” for “In the last working week, how was the loading done when you loaded the tank truck using a hose or fill tube?”. You may have been exposed to a solvent found in fuels and some industrial processes, classified as a known human carcinogen."
5656,Asbestos,aMAH Material Handling aJSM,EST,high,"Your answers indicate: “Friable (e.g., pipe lagging, insulation)” for “Were the asbestos-containing products you loaded/unloaded friable or non-friable?”; and “No” for “In the last working week, did you wear respiratory protection when you loaded/unloaded asbestos-containing products?”. You may have been exposed to a mineral fibre once widely used in building materials, classified as a known human carcinogen."
5659,Asbestos,aMAH Material Handling aJSM,EST,high,"Your answers indicate: “Poor (where release of fibres is likely)” for “In what condition was the asbestos?”; and “No” for “In the last working week, did you wear respiratory protection when you loaded/unloaded asbestos-containing products?”. You may have been exposed to a mineral fibre once widely used in building materials, classified as a known human carcinogen."
5971,Styrene,aMAC Machining Parts aJSM,EST,medium,"Your answers indicate: “Yes” for “Did you mould styrene or polystyrene?”; and “No” for “In the last working week, was there a ventilation system operating on the machines that you used to mould or machine plastic or synthetic resin parts (local exhaust ventilation or on-tool extraction)?”. You may have been exposed to a chemical used in plastics and resin manufacturing, classified as a possible human carcinogen."
5975,Styrene,aMAC Machining Parts aJSM,EST,medium,"Your answers indicate: “Acrylonitrile butadiene styrene (ABS)” for “What types of plastics or synthetic resins did you mould?”; and “No” for “In the last working week, was there a ventilation system operating on the machines that you used to mould or machine plastic or synthetic resin parts (local exhaust ventilation or on-tool extraction)?”. You may have been exposed to a chemical used in plastics and resin manufacturing, classified as a possible human carcinogen."
6094,Lead,aPAI Painting aJSM,EST,high,"Your answers indicate: “Red lead” for “In the last working week, did you use chromate primers or red lead?”; and “Don't know” for “In the last working week, did you use a cartridge filter respirator, a powered air-purifying respirator (PAPR) or an air-supplied respirator when applying primers or undercoats with a spray/gun?”; and “Don't know” for “In the last working week, did you spray the primer or undercoat in a spray booth?”. You may have been exposed to a metal used in some manufacturing, a recognised cause of serious effects on the nervous system, kidneys and reproductive health."
6119,Wood Dust,aSAN Sanding aJSM,EST,high,"Your answers indicate: “Wood” for “In the last working week, did you sand any of the following items?”; and “A power sander or polisher” for “In the last working week, which of the following did you use to sand or polish the items?”; and “No” for “Was there a ventilation system that removed dust or fume from where you worked in the last working week (local exhaust ventilation or on-tool extraction)?”; and “No” for “In the last working week, did you use respiratory protection while sanding or polishing items?”. You may have been exposed to dust from wood processing, classified as a known human carcinogen, particularly from hardwoods."
6120,Wood Dust,aSAN Sanding aJSM,EST,high,"Your answers indicate: “Wood” for “In the last working week, did you sand any of the following items?”; and “A power sander or polisher” for “In the last working week, which of the following did you use to sand or polish the items?”; and “Don't know” for “Was there a ventilation system that removed dust or fume from where you worked in the last working week (local exhaust ventilation or on-tool extraction)?”; and “Don't know” for “In the last working week, did you use respiratory protection while sanding or polishing items?”. You may have been exposed to dust from wood processing, classified as a known human carcinogen, particularly from hardwoods."
6121,Wood Dust,aSAN Sanding aJSM,EST,high,"Your answers indicate: “Wood” for “In the last working week, did you sand any of the following items?”; and “A power sander or polisher” for “In the last working week, which of the following did you use to sand or polish the items?”; and “No” for “Was there a ventilation system that removed dust or fume from where you worked in the last working week (local exhaust ventilation or on-tool extraction)?”; and “Don't know” for “In the last working week, did you use respiratory protection while sanding or polishing items?”. You may have been exposed to dust from wood processing, classified as a known human carcinogen, particularly from hardwoods."
6370,p-xylene,aPAI Painting aJSM,UNC,high,"Your answers indicate: “Oil or solvent-based” for “In the last working week, did you use oil/solvent-based or water-based/non-toxic primer or undercoat?”; and “No” for “In the last working week, did you use a cartridge filter respirator, a powered air-purifying respirator (PAPR) or an air-supplied respirator when applying primers or undercoats with a spray/gun?”; and “No” for “In the last working week, did you spray the primer or undercoat in a spray booth?”. You may have been exposed to a solvent found in fuels, such as during vehicle refuelling, and some industrial processes; it is not classified as a carcinogen, and evidence on health effects at low, brief exposure levels is still developing."
6376,Toluene,aPAI Painting aJSM,EST,high,"Your answers indicate: “Oil or solvent-based” for “In the last working week, did you use oil/solvent-based or water-based/non-toxic primer or undercoat?”; and “No” for “In the last working week, did you use a cartridge filter respirator, a powered air-purifying respirator (PAPR) or an air-supplied respirator when applying primers or undercoats with a spray/gun?”; and “No” for “In the last working week, did you spray the primer or undercoat in a spray booth?”. You may have been exposed to a solvent used in some manufacturing, a recognised cause of nervous system effects and, with heavy exposure, reproductive harm."
6379,n-hexane,aPAI Painting aJSM,EST,high,"Your answers indicate: “Oil or solvent-based” for “In the last working week, did you use oil/solvent-based or water-based/non-toxic primer or undercoat?”; and “No” for “In the last working week, did you use a cartridge filter respirator, a powered air-purifying respirator (PAPR) or an air-supplied respirator when applying primers or undercoats with a spray/gun?”; and “No” for “In the last working week, did you spray the primer or undercoat in a spray booth?”. You may have been exposed to a solvent used in some manufacturing, a recognised cause of nerve damage with prolonged exposure."
6392,p-xylene,aPAI Painting aJSM,UNC,high,"Your answers indicate: “Yes” for “In the last working week, did you spray/powder coat solvent or oil-based paints?”; and “No” for “In the last working week, did you use a cartridge filter respirator, a powered air-purifying respirator (PAPR) or an air-supplied respirator when painting or applying coats?”; and “No” for “In the last working week, did you spray/powder coat in a spray booth?”. You may have been exposed to a solvent found in fuels, such as during vehicle refuelling, and some industrial processes; it is not classified as a carcinogen, and evidence on health effects at low, brief exposure levels is still developing."
6401,Toluene,aPAI Painting aJSM,EST,high,"Your answers indicate: “Yes” for “In the last working week, did you spray/powder coat solvent or oil-based paints?”; and “No” for “In the last working week, did you use a cartridge filter respirator, a powered air-purifying respirator (PAPR) or an air-supplied respirator when painting or applying coats?”; and “No” for “In the last working week, did you spray/powder coat in a spray booth?”. You may have been exposed to a solvent used in some manufacturing, a recognised cause of nervous system effects and, with heavy exposure, reproductive harm."
6405,n-hexane,aPAI Painting aJSM,EST,high,"Your answers indicate: “Yes” for “In the last working week, did you spray/powder coat solvent or oil-based paints?”; and “No” for “In the last working week, did you use a cartridge filter respirator, a powered air-purifying respirator (PAPR) or an air-supplied respirator when painting or applying coats?”; and “No” for “In the last working week, did you spray/powder coat in a spray booth?”. You may have been exposed to a solvent used in some manufacturing, a recognised cause of nerve damage with prolonged exposure."
6406,n-hexane,aPAI Painting aJSM,EST,high,"Your answers indicate: “Yes” for “In the last working week, did you spray/powder coat solvent or oil-based paints?”; and “No” for “In the last working week, did you use a cartridge filter respirator, a powered air-purifying respirator (PAPR) or an air-supplied respirator when painting or applying coats?”; and “Don't know” for “In the last working week, did you spray/powder coat in a spray booth?”. You may have been exposed to a solvent used in some manufacturing, a recognised cause of nerve damage with prolonged exposure."
6407,n-hexane,aPAI Painting aJSM,EST,high,"Your answers indicate: “Yes” for “In the last working week, did you spray/powder coat solvent or oil-based paints?”; and “Don't know” for “In the last working week, did you use a cartridge filter respirator, a powered air-purifying respirator (PAPR) or an air-supplied respirator when painting or applying coats?”; and “No” for “In the last working week, did you spray/powder coat in a spray booth?”. You may have been exposed to a solvent used in some manufacturing, a recognised cause of nerve damage with prolonged exposure."
6408,n-hexane,aPAI Painting aJSM,EST,high,"Your answers indicate: “Yes” for “In the last working week, did you spray/powder coat solvent or oil-based paints?”; and “Don't know” for “In the last working week, did you use a cartridge filter respirator, a powered air-purifying respirator (PAPR) or an air-supplied respirator when painting or applying coats?”; and “Don't know” for “In the last working week, did you spray/powder coat in a spray booth?”. You may have been exposed to a solvent used in some manufacturing, a recognised cause of nerve damage with prolonged exposure."
6543,Trichloroethylene,aDEG Degreasing,EST,high,"Your answers indicate: “Yes” for “Did you use trichloroethylene (Trike) to spray parts?”. You may have been exposed to a solvent used in some manufacturing such as degreasing, classified as a known human carcinogen."
6544,Trichloroethylene,aDEG Degreasing,EST,high,"Your answers indicate: “Trichloroethylene (Trike)” for “What chemicals did you use to clean by hand?”. You may have been exposed to a solvent used in some manufacturing such as degreasing, classified as a known human carcinogen."
6550,Tetrachloroethylene (PERC),aDEG Degreasing,EST,medium,"Your answers indicate: “Perchloroethylene or Tetrachloroethylene (PERC)” for “What chemicals did you use to clean by hand?”. You may have been exposed to a solvent used in dry cleaning and some manufacturing, classified as a probable human carcinogen."
6722,Chromium VI,aPAI Painting aJSM,EST,high,"Your answers indicate: “Zinc chromate or other chromate primers” for “In the last working week, did you use chromate primers or red lead?”; and “No” for “In the last working week, did you use a cartridge filter respirator, a powered air-purifying respirator (PAPR) or an air-supplied respirator when applying primers or undercoats with a spray/gun?”; and “No” for “In the last working week, did you spray the primer or undercoat in a spray booth?”. You may have been exposed to a form of chromium used in some manufacturing such as plating or welding, classified as a known human carcinogen."
7297,Isocyanates,FOUN_Foundry,BIO,high,"Your answers indicate: “Hot or warm box” for “What processes did you use to set or cure the moulds or cores in the last working week?”. You may have been exposed to chemicals used in some manufacturing such as spray painting or foam production, a leading cause of occupational asthma and a possible carcinogen."
7302,Isocyanates,FOUN_Foundry,BIO,high,"Your answers indicate: “Thermosetting (hot box or warm box or shell moulding)” for “What processes did you use in the casting station?”; and “No” for “Was this casting station inside a ventilated booth?”. You may have been exposed to chemicals used in some manufacturing such as spray painting or foam production, a leading cause of occupational asthma and a possible carcinogen."
7345,Other PAHs,FOUN_Foundry,EST,high,"Your answers indicate: “Greensand moulds” for “What materials did you use to make the moulds?”; and “No” for “Was this casting station inside a ventilated booth?”. You may have been exposed to polycyclic aromatic hydrocarbons formed by combustion, such as in coal, tar or soot, several classified as known or probable human carcinogens."
7346,Other PAHs,FOUN_Foundry,EST,high,"Your answers indicate: “Greensand moulds” for “What materials did you use to make the moulds?”; and “Don't know” for “Was this casting station inside a ventilated booth?”. You may have been exposed to polycyclic aromatic hydrocarbons formed by combustion, such as in coal, tar or soot, several classified as known or probable human carcinogens."
7347,Other PAHs,FOUN_Foundry,EST,high,"Your answers indicate: “Sand with resin binders” for “What materials did you use to make the moulds?”; and “No” for “Was this casting station inside a ventilated booth?”. You may have been exposed to polycyclic aromatic hydrocarbons formed by combustion, such as in coal, tar or soot, several classified as known or probable human carcinogens."
7348,Other PAHs,FOUN_Foundry,EST,high,"Your answers indicate: “Sand with resin binders” for “What materials did you use to make the moulds?”; and “Don't know” for “Was this casting station inside a ventilated booth?”. You may have been exposed to polycyclic aromatic hydrocarbons formed by combustion, such as in coal, tar or soot, several classified as known or probable human carcinogens."
7381,Silica,FOUN_Foundry,EST,high,"Your answers indicate: “Yes” for “In the last working week, did you apply silica parting powder to the moulds or cores?”. You may have been exposed to crystalline silica dust from cutting, grinding or drilling into materials like concrete, classified as a known human carcinogen and cause of silicosis."
7382,Silica,FOUN_Foundry,EST,high,"Your answers indicate: “Manual shakeout” for “Was the shakeout done manually or done using an automated system?”. You may have been exposed to crystalline silica dust from cutting, grinding or drilling into materials like concrete, classified as a known human carcinogen and cause of silicosis."
7384,Silica,FOUN_Foundry,EST,high,"Your answers indicate: “Sand” for “What did you blast with?”; and “No” for “Was the blasting done in an enclosed area?”. You may have been exposed to crystalline silica dust from cutting, grinding or drilling into materials like concrete, classified as a known human carcinogen and cause of silicosis."
7385,Silica,FOUN_Foundry,EST,high,"Your answers indicate: “Sand” for “What did you blast with?”; and “Don't know” for “Was the blasting done in an enclosed area?”. You may have been exposed to crystalline silica dust from cutting, grinding or drilling into materials like concrete, classified as a known human carcinogen and cause of silicosis."
7386,Silica,FOUN_Foundry,EST,high,"Your answers indicate: “Silica sand bound with clay” for “What materials did you use to make the moulds?”; and “Pneumatic tools” for “How did you clean the excess metal from the castings?”. You may have been exposed to crystalline silica dust from cutting, grinding or drilling into materials like concrete, classified as a known human carcinogen and cause of silicosis."
7457,Formaldehyde,FOUN_Foundry,EST,high,"Your answers indicate: “Thermosetting (hot box, warm box or shell moulding)” for “How did you set or cure the sand with resin binder moulds?”. You may have been exposed to a chemical used in some manufacturing and building materials, classified as a known human carcinogen."
7820,Cadmium,"IMAR_Industrial Manufacturing, Assembly and repair",EST,high,"Your answers indicate: “Nickel cadmium” for “What types of batteries were manufactured, assembled, processed or repaired?”. You may have been exposed to a metal used in some manufacturing such as batteries or coatings, classified as a known human carcinogen."
7821,Nickel,"IMAR_Industrial Manufacturing, Assembly and repair",EST,high,"Your answers indicate: “Nickel cadmium” for “What types of batteries were manufactured, assembled, processed or repaired?”. You may have been exposed to a metal used in some manufacturing such as plating or welding, with some compounds classified as known human carcinogens."
8077,Formaldehyde,aSTE Sterilising aJSM,EST,high,"Your answers indicate: “In a solution” for “Which sterilisation method did you use?”; and “Formaldehyde or formalin” for “Which of the following chemicals did you use?”. You may have been exposed to a chemical used in some manufacturing and building materials, classified as a known human carcinogen."
8715,Formaldehyde,FOUN_Foundry,EST,high,"Your answers indicate: “Hot or warm box” for “What processes did you use to set or cure the moulds or cores in the last working week?”. You may have been exposed to a chemical used in some manufacturing and building materials, classified as a known human carcinogen."
8749,Trichloroethylene,aDEG Degreasing,EST,high,"Your answers indicate: “Yes” for “Did you use trichloroethylene (Trike) in the dip tank?”; and “No” for “Was the dip tank kept covered when not in use?”; and “No” for “Was there a ventilation system on the dip tank?”. You may have been exposed to a solvent used in some manufacturing such as degreasing, classified as a known human carcinogen."
8786,Trichloroethylene,aDEG Degreasing,EST,high,"Your answers indicate: “Yes” for “Did you use trichloroethylene (Trike) in the vapour degreaser?”; and “No” for “Was the vapour degreaser covered when not in use?”; and “No” for “Was there a ventilation system on the vapour degreaser?”. You may have been exposed to a solvent used in some manufacturing such as degreasing, classified as a known human carcinogen."
8899,Silica,FARM_Farmer,EST,high,"Your answers indicate: “No” for “In the last working week, did you use an enclosed cab when you ploughed, harrowed, or otherwise disturbed soil?”; and “Yes” for “Was there sand dust where you ploughed, harrowed, or disturbed soil in the last working week?”. You may have been exposed to crystalline silica dust from cutting, grinding or drilling into materials like concrete, classified as a known human carcinogen and cause of silicosis."
8900,Silica,FARM_Farmer,EST,high,"Your answers indicate: “Don't know” for “In the last working week, did you use an enclosed cab when you ploughed, harrowed, or otherwise disturbed soil?”; and “Yes” for “Was there sand dust where you ploughed, harrowed, or disturbed soil in the last working week?”. You may have been exposed to crystalline silica dust from cutting, grinding or drilling into materials like concrete, classified as a known human carcinogen and cause of silicosis."
8967,Diesel Exhaust,ROAD_RoadConstruction,EST,high,"Your answers indicate: “Road paving and/or sealing ” for “In the last working week, which of the following activities did you perform?”. You may have been exposed to exhaust from diesel engines, classified as a known human carcinogen."
8976,Silica,ROAD_RoadConstruction,EST,high,"Your answers indicate: “Road sweeping” for “In the last working week, which of the following activities did you perform?”. You may have been exposed to crystalline silica dust from cutting, grinding or drilling into materials like concrete, classified as a known human carcinogen and cause of silicosis."
8977,Silica,ROAD_RoadConstruction,EST,high,"Your answers indicate: “Asphalt milling, or recycling of asphalt” for “In the last working week, which of the following activities did you perform?”. You may have been exposed to crystalline silica dust from cutting, grinding or drilling into materials like concrete, classified as a known human carcinogen and cause of silicosis."
9076,Cadmium,MFAC_Metal Finishing & Coating,EST,high,"Your answers indicate: “Cadmium” for “What metals did you use for plating?”. You may have been exposed to a metal used in some manufacturing such as batteries or coatings, classified as a known human carcinogen."
9256,Other PAHs,aBBU Back Burning aJSM,EST,high,"Your answers indicate: “No” for “Did you wear an air-supplied respirator or SCBA (self-contained breathing apparatus) when managing fires in the last working week?”. You may have been exposed to polycyclic aromatic hydrocarbons formed by combustion, such as in coal, tar or soot, several classified as known or probable human carcinogens."
9320,Leather dust,SHOE_Shoes and leather goods,EST,medium,"Your answers indicate: “Yes” for “In the last working week, did you rough, scour, finish or cut the leather?”; and “Don't know” for “How was the area where you worked ventilated?”. You may have been exposed to dust from leather processing, linked to an increased risk of nasal cancer in some studies."
9328,Carbon Monoxide,FIRE_Firefighter,ACUTE,high,"Your answers indicate: “No” for “In the last working week, did you wear an air-supplied breathing apparatus or self-contained breathing apparatus (SCBA) during frontline firefighting?”. You may have been exposed to a gas from combustion sources, capable of serious acute poisoning at high concentrations."
9330,Carbon Monoxide,FIRE_Firefighter,ACUTE,high,"Your answers indicate: “No” for “In the last working week, did you wear an air-supplied breathing apparatus or self-contained breathing apparatus (SCBA) during overhaul or clean up?”. You may have been exposed to a gas from combustion sources, capable of serious acute poisoning at high concentrations."
9332,Carbon Monoxide,FIRE_Firefighter,ACUTE,high,"Your answers indicate: “No” for “In the last working week, did you wear an air-supplied breathing apparatus or self-contained breathing apparatus (SCBA) when doing preventative burning or controlled burning?”. You may have been exposed to a gas from combustion sources, capable of serious acute poisoning at high concentrations."
9338,Benzene,FIRE_Firefighter,EST,high,"Your answers indicate: “No” for “In the last working week, did you wear an air-supplied breathing apparatus or self-contained breathing apparatus (SCBA) during overhaul or clean up?”. You may have been exposed to a solvent found in fuels and some industrial processes, classified as a known human carcinogen."
9340,Benzene,FIRE_Firefighter,EST,high,"Your answers indicate: “No” for “In the last working week, did you wear an air-supplied breathing apparatus or self-contained breathing apparatus (SCBA) when doing preventative burning or controlled burning?”. You may have been exposed to a solvent found in fuels and some industrial processes, classified as a known human carcinogen."
9577,Carbon Monoxide,aWEL Welding aJSM,ACUTE,high,"Your answers indicate: “Yes” for “In the last working week, did you use carbon dioxide or argon as a shielding gas?”; and “Yes” for “In the last working week, did you mostly weld in confined spaces?”. You may have been exposed to a gas from combustion sources, capable of serious acute poisoning at high concentrations."
9581,Carbon Monoxide,aWEL Welding aJSM,ACUTE,high,"Your answers indicate: “Yes” for “In the last working week, did you weld metal surfaces that were painted?”; and “Yes” for “In the last working week, did you mostly weld in confined spaces?”. You may have been exposed to a gas from combustion sources, capable of serious acute poisoning at high concentrations."
9677,Silica,CERA_Ceramics Glass Prod,EST,high,"Your answers indicate: “Bricks” for “What types of ceramic or glass products are made where you work?”; and “None of these” for “What types of measures were used to reduce the amount of dust in your work area in the last working week?”. You may have been exposed to crystalline silica dust from cutting, grinding or drilling into materials like concrete, classified as a known human carcinogen and cause of silicosis."
9678,Silica,CERA_Ceramics Glass Prod,EST,high,"Your answers indicate: “Tiles” for “What types of ceramic or glass products are made where you work?”; and “None of these” for “What types of measures were used to reduce the amount of dust in your work area in the last working week?”. You may have been exposed to crystalline silica dust from cutting, grinding or drilling into materials like concrete, classified as a known human carcinogen and cause of silicosis."
9679,Silica,CERA_Ceramics Glass Prod,EST,high,"Your answers indicate: “Clay pipes” for “What types of ceramic or glass products are made where you work?”; and “None of these” for “What types of measures were used to reduce the amount of dust in your work area in the last working week?”. You may have been exposed to crystalline silica dust from cutting, grinding or drilling into materials like concrete, classified as a known human carcinogen and cause of silicosis."
9680,Silica,CERA_Ceramics Glass Prod,EST,high,"Your answers indicate: “Sanitary ware” for “What types of ceramic or glass products are made where you work?”; and “None of these” for “What types of measures were used to reduce the amount of dust in your work area in the last working week?”. You may have been exposed to crystalline silica dust from cutting, grinding or drilling into materials like concrete, classified as a known human carcinogen and cause of silicosis."
9681,Silica,CERA_Ceramics Glass Prod,EST,high,"Your answers indicate: “Pottery” for “What types of ceramic or glass products are made where you work?”; and “None of these” for “What types of measures were used to reduce the amount of dust in your work area in the last working week?”. You may have been exposed to crystalline silica dust from cutting, grinding or drilling into materials like concrete, classified as a known human carcinogen and cause of silicosis."
9694,Silica,CERA_Ceramics Glass Prod,EST,high,"Your answers indicate: “Bricks” for “What types of ceramic or glass products are made where you work?”; and “Power tools” for “In the last working week, did you use hand or power tools for fettling?”; and “None of these” for “In the last working week, what type of measures were used to reduce the amount of dust in your work area?”. You may have been exposed to crystalline silica dust from cutting, grinding or drilling into materials like concrete, classified as a known human carcinogen and cause of silicosis."
9695,Silica,CERA_Ceramics Glass Prod,EST,high,"Your answers indicate: “Tiles” for “What types of ceramic or glass products are made where you work?”; and “Power tools” for “In the last working week, did you use hand or power tools for fettling?”; and “None of these” for “In the last working week, what type of measures were used to reduce the amount of dust in your work area?”. You may have been exposed to crystalline silica dust from cutting, grinding or drilling into materials like concrete, classified as a known human carcinogen and cause of silicosis."
9696,Silica,CERA_Ceramics Glass Prod,EST,high,"Your answers indicate: “Clay pipes” for “What types of ceramic or glass products are made where you work?”; and “Power tools” for “In the last working week, did you use hand or power tools for fettling?”; and “None of these” for “In the last working week, what type of measures were used to reduce the amount of dust in your work area?”. You may have been exposed to crystalline silica dust from cutting, grinding or drilling into materials like concrete, classified as a known human carcinogen and cause of silicosis."
9697,Silica,CERA_Ceramics Glass Prod,EST,high,"Your answers indicate: “Sanitary ware” for “What types of ceramic or glass products are made where you work?”; and “Power tools” for “In the last working week, did you use hand or power tools for fettling?”; and “None of these” for “In the last working week, what type of measures were used to reduce the amount of dust in your work area?”. You may have been exposed to crystalline silica dust from cutting, grinding or drilling into materials like concrete, classified as a known human carcinogen and cause of silicosis."
9698,Silica,CERA_Ceramics Glass Prod,EST,high,"Your answers indicate: “Pottery” for “What types of ceramic or glass products are made where you work?”; and “Power tools” for “In the last working week, did you use hand or power tools for fettling?”; and “None of these” for “In the last working week, what type of measures were used to reduce the amount of dust in your work area?”. You may have been exposed to crystalline silica dust from cutting, grinding or drilling into materials like concrete, classified as a known human carcinogen and cause of silicosis."
9732,Cobalt,CERA_Ceramics Glass Prod,EST,medium,"Your answers indicate: “Yes” for “In the last working week, did you handle or come in contact with pigments that contained cobalt?”. You may have been exposed to a metal used in some manufacturing such as hard-metal tooling or batteries, linked to lung disease and classified as a possible human carcinogen."
9801,Toluene,MFAC_Metal Finishing & Coating,EST,high,"Your answers indicate: “By conventional spraying” for “How did you apply the organic coating?”; and “Solvent-based paint (e.g Petroleum distillates)” for “What types of organic coatings did you apply?”. You may have been exposed to a solvent used in some manufacturing, a recognised cause of nervous system effects and, with heavy exposure, reproductive harm."
9951,Silica,CONS_Construction Trades,EST,high,"Your answers indicate: “Yes” for “In the last working week, did you mix concrete or cement?”. You may have been exposed to crystalline silica dust from cutting, grinding or drilling into materials like concrete, classified as a known human carcinogen and cause of silicosis."
10386,Diesel Exhaust,MINE_Miners/Quarrymen,EST,high,"Your answers indicate: “In the passageways used to transport the ore to the surface” for “In the last working week, where did you work?”. You may have been exposed to exhaust from diesel engines, classified as a known human carcinogen."
10398,Ionizing radiation,MINE_Miners/Quarrymen,EST,high,"Your answers indicate: “At the mine face” for “In the last working week, where did you work?”; and “Uranium” for “What was mined or quarried where you worked?”; and “Below/underground” for “In the last working week, what type of mine or quarry did you work in?”. You may have been exposed to radiation from sources such as X-rays or radioactive materials, classified as a known human carcinogen."
10399,Ionizing radiation,MINE_Miners/Quarrymen,EST,high,"Your answers indicate: “In the passageways used to transport the ore to the surface” for “In the last working week, where did you work?”; and “Uranium” for “What was mined or quarried where you worked?”; and “Below/underground” for “In the last working week, what type of mine or quarry did you work in?”. You may have been exposed to radiation from sources such as X-rays or radioactive materials, classified as a known human carcinogen."
10400,Ionizing radiation,MINE_Miners/Quarrymen,EST,high,"Your answers indicate: “At the shaft” for “In the last working week, where did you work?”; and “Uranium” for “What was mined or quarried where you worked?”; and “Below/underground” for “In the last working week, what type of mine or quarry did you work in?”. You may have been exposed to radiation from sources such as X-rays or radioactive materials, classified as a known human carcinogen."
10475,Silica,MINE_Miners/Quarrymen,EST,high,"Your answers indicate: “At the mine face” for “In the last working week, where did you work?”; and “Clay, gravel or any stone (e.g. granite)” for “What was mined or quarried where you worked?”; and “Below/underground” for “In the last working week, what type of mine or quarry did you work in?”. You may have been exposed to crystalline silica dust from cutting, grinding or drilling into materials like concrete, classified as a known human carcinogen and cause of silicosis."
10476,Silica,MINE_Miners/Quarrymen,EST,high,"Your answers indicate: “In the passageways used to transport the ore to the surface” for “In the last working week, where did you work?”; and “Clay, gravel or any stone (e.g. granite)” for “What was mined or quarried where you worked?”; and “Below/underground” for “In the last working week, what type of mine or quarry did you work in?”. You may have been exposed to crystalline silica dust from cutting, grinding or drilling into materials like concrete, classified as a known human carcinogen and cause of silicosis."
10478,Silica,MINE_Miners/Quarrymen,EST,high,"Your answers indicate: “At the mine face” for “In the last working week, where did you work?”; and “Coal” for “What was mined or quarried where you worked?”; and “Below/underground” for “In the last working week, what type of mine or quarry did you work in?”. You may have been exposed to crystalline silica dust from cutting, grinding or drilling into materials like concrete, classified as a known human carcinogen and cause of silicosis."
10479,Silica,MINE_Miners/Quarrymen,EST,high,"Your answers indicate: “At the shaft” for “In the last working week, where did you work?”; and “Clay, gravel or any stone (e.g. granite)” for “What was mined or quarried where you worked?”; and “Below/underground” for “In the last working week, what type of mine or quarry did you work in?”. You may have been exposed to crystalline silica dust from cutting, grinding or drilling into materials like concrete, classified as a known human carcinogen and cause of silicosis."
10480,Silica,MINE_Miners/Quarrymen,EST,high,"Your answers indicate: “In the passageways used to transport the ore to the surface” for “In the last working week, where did you work?”; and “Coal” for “What was mined or quarried where you worked?”; and “Below/underground” for “In the last working week, what type of mine or quarry did you work in?”. You may have been exposed to crystalline silica dust from cutting, grinding or drilling into materials like concrete, classified as a known human carcinogen and cause of silicosis."
10481,Silica,MINE_Miners/Quarrymen,EST,high,"Your answers indicate: “At the shaft” for “In the last working week, where did you work?”; and “Coal” for “What was mined or quarried where you worked?”; and “Below/underground” for “In the last working week, what type of mine or quarry did you work in?”. You may have been exposed to crystalline silica dust from cutting, grinding or drilling into materials like concrete, classified as a known human carcinogen and cause of silicosis."
10483,Silica,MINE_Miners/Quarrymen,EST,high,"Your answers indicate: “At the mine face” for “In the last working week, where did you work?”; and “Copper” for “What was mined or quarried where you worked?”; and “Below/underground” for “In the last working week, what type of mine or quarry did you work in?”. You may have been exposed to crystalline silica dust from cutting, grinding or drilling into materials like concrete, classified as a known human carcinogen and cause of silicosis."
10484,Silica,MINE_Miners/Quarrymen,EST,high,"Your answers indicate: “In the passageways used to transport the ore to the surface” for “In the last working week, where did you work?”; and “Copper” for “What was mined or quarried where you worked?”; and “Below/underground” for “In the last working week, what type of mine or quarry did you work in?”. You may have been exposed to crystalline silica dust from cutting, grinding or drilling into materials like concrete, classified as a known human carcinogen and cause of silicosis."
10485,Silica,MINE_Miners/Quarrymen,EST,high,"Your answers indicate: “At the shaft” for “In the last working week, where did you work?”; and “Copper” for “What was mined or quarried where you worked?”; and “Below/underground” for “In the last working week, what type of mine or quarry did you work in?”. You may have been exposed to crystalline silica dust from cutting, grinding or drilling into materials like concrete, classified as a known human carcinogen and cause of silicosis."
10489,Silica,MINE_Miners/Quarrymen,EST,high,"Your answers indicate: “At the mine face” for “In the last working week, where did you work?”; and “Iron” for “What was mined or quarried where you worked?”; and “Below/underground” for “In the last working week, what type of mine or quarry did you work in?”. You may have been exposed to crystalline silica dust from cutting, grinding or drilling into materials like concrete, classified as a known human carcinogen and cause of silicosis."
10490,Silica,MINE_Miners/Quarrymen,EST,high,"Your answers indicate: “In the passageways used to transport the ore to the surface” for “In the last working week, where did you work?”; and “Iron” for “What was mined or quarried where you worked?”; and “Below/underground” for “In the last working week, what type of mine or quarry did you work in?”. You may have been exposed to crystalline silica dust from cutting, grinding or drilling into materials like concrete, classified as a known human carcinogen and cause of silicosis."
10491,Silica,MINE_Miners/Quarrymen,EST,high,"Your answers indicate: “At the shaft” for “In the last working week, where did you work?”; and “Iron” for “What was mined or quarried where you worked?”; and “Below/underground” for “In the last working week, what type of mine or quarry did you work in?”. You may have been exposed to crystalline silica dust from cutting, grinding or drilling into materials like concrete, classified as a known human carcinogen and cause of silicosis."
10492,Silica,MINE_Miners/Quarrymen,EST,high,"Your answers indicate: “At the mine face” for “In the last working week, where did you work?”; and “Lead” for “What was mined or quarried where you worked?”; and “Below/underground” for “In the last working week, what type of mine or quarry did you work in?”. You may have been exposed to crystalline silica dust from cutting, grinding or drilling into materials like concrete, classified as a known human carcinogen and cause of silicosis."
10493,Silica,MINE_Miners/Quarrymen,EST,high,"Your answers indicate: “In the passageways used to transport the ore to the surface” for “In the last working week, where did you work?”; and “Lead” for “What was mined or quarried where you worked?”; and “Below/underground” for “In the last working week, what type of mine or quarry did you work in?”. You may have been exposed to crystalline silica dust from cutting, grinding or drilling into materials like concrete, classified as a known human carcinogen and cause of silicosis."
10494,Silica,MINE_Miners/Quarrymen,EST,high,"Your answers indicate: “At the shaft” for “In the last working week, where did you work?”; and “Lead” for “What was mined or quarried where you worked?”; and “Below/underground” for “In the last working week, what type of mine or quarry did you work in?”. You may have been exposed to crystalline silica dust from cutting, grinding or drilling into materials like concrete, classified as a known human carcinogen and cause of silicosis."
10495,Silica,MINE_Miners/Quarrymen,EST,high,"Your answers indicate: “At the mine face” for “In the last working week, where did you work?”; and “Lime, lime stone or marble” for “What was mined or quarried where you worked?”; and “Below/underground” for “In the last working week, what type of mine or quarry did you work in?”. You may have been exposed to crystalline silica dust from cutting, grinding or drilling into materials like concrete, classified as a known human carcinogen and cause of silicosis."
10496,Silica,MINE_Miners/Quarrymen,EST,high,"Your answers indicate: “In the passageways used to transport the ore to the surface” for “In the last working week, where did you work?”; and “Lime, lime stone or marble” for “What was mined or quarried where you worked?”; and “Below/underground” for “In the last working week, what type of mine or quarry did you work in?”. You may have been exposed to crystalline silica dust from cutting, grinding or drilling into materials like concrete, classified as a known human carcinogen and cause of silicosis."
10497,Silica,MINE_Miners/Quarrymen,EST,high,"Your answers indicate: “At the shaft” for “In the last working week, where did you work?”; and “Lime, lime stone or marble” for “What was mined or quarried where you worked?”; and “Below/underground” for “In the last working week, what type of mine or quarry did you work in?”. You may have been exposed to crystalline silica dust from cutting, grinding or drilling into materials like concrete, classified as a known human carcinogen and cause of silicosis."
10498,Silica,MINE_Miners/Quarrymen,EST,high,"Your answers indicate: “At the mine face” for “In the last working week, where did you work?”; and “Mineral sands” for “What was mined or quarried where you worked?”; and “Below/underground” for “In the last working week, what type of mine or quarry did you work in?”. You may have been exposed to crystalline silica dust from cutting, grinding or drilling into materials like concrete, classified as a known human carcinogen and cause of silicosis."
10499,Silica,MINE_Miners/Quarrymen,EST,high,"Your answers indicate: “In the passageways used to transport the ore to the surface” for “In the last working week, where did you work?”; and “Mineral sands” for “What was mined or quarried where you worked?”; and “Below/underground” for “In the last working week, what type of mine or quarry did you work in?”. You may have been exposed to crystalline silica dust from cutting, grinding or drilling into materials like concrete, classified as a known human carcinogen and cause of silicosis."
10500,Silica,MINE_Miners/Quarrymen,EST,high,"Your answers indicate: “At the shaft” for “In the last working week, where did you work?”; and “Mineral sands” for “What was mined or quarried where you worked?”; and “Below/underground” for “In the last working week, what type of mine or quarry did you work in?”. You may have been exposed to crystalline silica dust from cutting, grinding or drilling into materials like concrete, classified as a known human carcinogen and cause of silicosis."
10501,Silica,MINE_Miners/Quarrymen,EST,high,"Your answers indicate: “At the mine face” for “In the last working week, where did you work?”; and “Nickel” for “What was mined or quarried where you worked?”; and “Below/underground” for “In the last working week, what type of mine or quarry did you work in?”. You may have been exposed to crystalline silica dust from cutting, grinding or drilling into materials like concrete, classified as a known human carcinogen and cause of silicosis."
10502,Silica,MINE_Miners/Quarrymen,EST,high,"Your answers indicate: “In the passageways used to transport the ore to the surface” for “In the last working week, where did you work?”; and “Nickel” for “What was mined or quarried where you worked?”; and “Below/underground” for “In the last working week, what type of mine or quarry did you work in?”. You may have been exposed to crystalline silica dust from cutting, grinding or drilling into materials like concrete, classified as a known human carcinogen and cause of silicosis."
10503,Silica,MINE_Miners/Quarrymen,EST,high,"Your answers indicate: “At the shaft” for “In the last working week, where did you work?”; and “Nickel” for “What was mined or quarried where you worked?”; and “Below/underground” for “In the last working week, what type of mine or quarry did you work in?”. You may have been exposed to crystalline silica dust from cutting, grinding or drilling into materials like concrete, classified as a known human carcinogen and cause of silicosis."
10504,Silica,MINE_Miners/Quarrymen,EST,high,"Your answers indicate: “At the mine face” for “In the last working week, where did you work?”; and “Titanium, vanadium, platinum” for “What was mined or quarried where you worked?”; and “Below/underground” for “In the last working week, what type of mine or quarry did you work in?”. You may have been exposed to crystalline silica dust from cutting, grinding or drilling into materials like concrete, classified as a known human carcinogen and cause of silicosis."
10505,Silica,MINE_Miners/Quarrymen,EST,high,"Your answers indicate: “In the passageways used to transport the ore to the surface” for “In the last working week, where did you work?”; and “Titanium, vanadium, platinum” for “What was mined or quarried where you worked?”; and “Below/underground” for “In the last working week, what type of mine or quarry did you work in?”. You may have been exposed to crystalline silica dust from cutting, grinding or drilling into materials like concrete, classified as a known human carcinogen and cause of silicosis."
10506,Silica,MINE_Miners/Quarrymen,EST,high,"Your answers indicate: “At the shaft” for “In the last working week, where did you work?”; and “Titanium, vanadium, platinum” for “What was mined or quarried where you worked?”; and “Below/underground” for “In the last working week, what type of mine or quarry did you work in?”. You may have been exposed to crystalline silica dust from cutting, grinding or drilling into materials like concrete, classified as a known human carcinogen and cause of silicosis."
10510,Silica,MINE_Miners/Quarrymen,EST,high,"Your answers indicate: “At the mine face” for “In the last working week, where did you work?”; and “Tin” for “What was mined or quarried where you worked?”; and “Below/underground” for “In the last working week, what type of mine or quarry did you work in?”. You may have been exposed to crystalline silica dust from cutting, grinding or drilling into materials like concrete, classified as a known human carcinogen and cause of silicosis."
10511,Silica,MINE_Miners/Quarrymen,EST,high,"Your answers indicate: “In the passageways used to transport the ore to the surface” for “In the last working week, where did you work?”; and “Tin” for “What was mined or quarried where you worked?”; and “Below/underground” for “In the last working week, what type of mine or quarry did you work in?”. You may have been exposed to crystalline silica dust from cutting, grinding or drilling into materials like concrete, classified as a known human carcinogen and cause of silicosis."
10512,Silica,MINE_Miners/Quarrymen,EST,high,"Your answers indicate: “At the shaft” for “In the last working week, where did you work?”; and “Tin” for “What was mined or quarried where you worked?”; and “Below/underground” for “In the last working week, what type of mine or quarry did you work in?”. You may have been exposed to crystalline silica dust from cutting, grinding or drilling into materials like concrete, classified as a known human carcinogen and cause of silicosis."
10513,Silica,MINE_Miners/Quarrymen,EST,high,"Your answers indicate: “At the mine face” for “In the last working week, where did you work?”; and “Uranium” for “What was mined or quarried where you worked?”; and “Below/underground” for “In the last working week, what type of mine or quarry did you work in?”. You may have been exposed to crystalline silica dust from cutting, grinding or drilling into materials like concrete, classified as a known human carcinogen and cause of silicosis."
10515,Silica,MINE_Miners/Quarrymen,EST,high,"Your answers indicate: “In the passageways used to transport the ore to the surface” for “In the last working week, where did you work?”; and “Uranium” for “What was mined or quarried where you worked?”; and “Below/underground” for “In the last working week, what type of mine or quarry did you work in?”. You may have been exposed to crystalline silica dust from cutting, grinding or drilling into materials like concrete, classified as a known human carcinogen and cause of silicosis."
10516,Silica,MINE_Miners/Quarrymen,EST,high,"Your answers indicate: “At the shaft” for “In the last working week, where did you work?”; and “Uranium” for “What was mined or quarried where you worked?”; and “Below/underground” for “In the last working week, what type of mine or quarry did you work in?”. You may have been exposed to crystalline silica dust from cutting, grinding or drilling into materials like concrete, classified as a known human carcinogen and cause of silicosis."
10577,Lead,MINE_Miners/Quarrymen,EST,high,"Your answers indicate: “At the mine face” for “In the last working week, where did you work?”; and “Nickel” for “What was mined or quarried where you worked?”; and “Below/underground” for “In the last working week, what type of mine or quarry did you work in?”. You may have been exposed to a metal used in some manufacturing, a recognised cause of serious effects on the nervous system, kidneys and reproductive health."
10578,Lead,MINE_Miners/Quarrymen,EST,high,"Your answers indicate: “At the mine face” for “In the last working week, where did you work?”; and “Uranium” for “What was mined or quarried where you worked?”; and “Below/underground” for “In the last working week, what type of mine or quarry did you work in?”. You may have been exposed to a metal used in some manufacturing, a recognised cause of serious effects on the nervous system, kidneys and reproductive health."
10579,Lead,MINE_Miners/Quarrymen,EST,high,"Your answers indicate: “In the passageways used to transport the ore to the surface” for “In the last working week, where did you work?”; and “Lead” for “What was mined or quarried where you worked?”; and “Below/underground” for “In the last working week, what type of mine or quarry did you work in?”. You may have been exposed to a metal used in some manufacturing, a recognised cause of serious effects on the nervous system, kidneys and reproductive health."
10580,Lead,MINE_Miners/Quarrymen,EST,high,"Your answers indicate: “In the passageways used to transport the ore to the surface” for “In the last working week, where did you work?”; and “Nickel” for “What was mined or quarried where you worked?”; and “Below/underground” for “In the last working week, what type of mine or quarry did you work in?”. You may have been exposed to a metal used in some manufacturing, a recognised cause of serious effects on the nervous system, kidneys and reproductive health."
10581,Lead,MINE_Miners/Quarrymen,EST,high,"Your answers indicate: “In the passageways used to transport the ore to the surface” for “In the last working week, where did you work?”; and “Uranium” for “What was mined or quarried where you worked?”; and “Below/underground” for “In the last working week, what type of mine or quarry did you work in?”. You may have been exposed to a metal used in some manufacturing, a recognised cause of serious effects on the nervous system, kidneys and reproductive health."
10582,Lead,MINE_Miners/Quarrymen,EST,high,"Your answers indicate: “Lead” for “What was mined or quarried where you worked?”; and “Yes” for “In the last working week, did you work in an area that was dusty from the crusher?”. You may have been exposed to a metal used in some manufacturing, a recognised cause of serious effects on the nervous system, kidneys and reproductive health."
10583,Lead,MINE_Miners/Quarrymen,EST,high,"Your answers indicate: “Nickel” for “What was mined or quarried where you worked?”; and “Yes” for “In the last working week, did you work in an area that was dusty from the crusher?”. You may have been exposed to a metal used in some manufacturing, a recognised cause of serious effects on the nervous system, kidneys and reproductive health."
10584,Lead,MINE_Miners/Quarrymen,EST,high,"Your answers indicate: “Uranium” for “What was mined or quarried where you worked?”; and “Yes” for “In the last working week, did you work in an area that was dusty from the crusher?”. You may have been exposed to a metal used in some manufacturing, a recognised cause of serious effects on the nervous system, kidneys and reproductive health."
10585,Lead,MINE_Miners/Quarrymen,EST,high,"Your answers indicate: “At the shaft” for “In the last working week, where did you work?”; and “Lead” for “What was mined or quarried where you worked?”; and “Below/underground” for “In the last working week, what type of mine or quarry did you work in?”. You may have been exposed to a metal used in some manufacturing, a recognised cause of serious effects on the nervous system, kidneys and reproductive health."
10586,Lead,MINE_Miners/Quarrymen,EST,high,"Your answers indicate: “At the shaft” for “In the last working week, where did you work?”; and “Nickel” for “What was mined or quarried where you worked?”; and “Below/underground” for “In the last working week, what type of mine or quarry did you work in?”. You may have been exposed to a metal used in some manufacturing, a recognised cause of serious effects on the nervous system, kidneys and reproductive health."
10587,Lead,MINE_Miners/Quarrymen,EST,high,"Your answers indicate: “At the shaft” for “In the last working week, where did you work?”; and “Uranium” for “What was mined or quarried where you worked?”; and “Below/underground” for “In the last working week, what type of mine or quarry did you work in?”. You may have been exposed to a metal used in some manufacturing, a recognised cause of serious effects on the nervous system, kidneys and reproductive health."
10601,Nickel,MINE_Miners/Quarrymen,EST,high,"Your answers indicate: “At the mine face” for “In the last working week, where did you work?”; and “Nickel” for “What was mined or quarried where you worked?”; and “Below/underground” for “In the last working week, what type of mine or quarry did you work in?”. You may have been exposed to a metal used in some manufacturing such as plating or welding, with some compounds classified as known human carcinogens."
10602,Nickel,MINE_Miners/Quarrymen,EST,high,"Your answers indicate: “In the passageways used to transport the ore to the surface” for “In the last working week, where did you work?”; and “Nickel” for “What was mined or quarried where you worked?”; and “Below/underground” for “In the last working week, what type of mine or quarry did you work in?”. You may have been exposed to a metal used in some manufacturing such as plating or welding, with some compounds classified as known human carcinogens."
10603,Nickel,MINE_Miners/Quarrymen,EST,high,"Your answers indicate: “At the shaft” for “In the last working week, where did you work?”; and “Nickel” for “What was mined or quarried where you worked?”; and “Below/underground” for “In the last working week, what type of mine or quarry did you work in?”. You may have been exposed to a metal used in some manufacturing such as plating or welding, with some compounds classified as known human carcinogens."
10604,Nickel,MINE_Miners/Quarrymen,EST,high,"Your answers indicate: “Nickel” for “What was mined or quarried where you worked?”; and “Yes” for “In the last working week, did you work in an area that was dusty from the crusher?”. You may have been exposed to a metal used in some manufacturing such as plating or welding, with some compounds classified as known human carcinogens."
10629,Ionizing radiation,MINE_Miners/Quarrymen,EST,high,"Your answers indicate: “Uranium” for “What was mined or quarried where you worked?”; and “Yes” for “In the last working week, did you work in an area that was dusty from the crusher?”. You may have been exposed to radiation from sources such as X-rays or radioactive materials, classified as a known human carcinogen."
10758,Benzene,OPET_Oil/Petroleum Industry,EST,high,"Your answers indicate: “Cleaning” for “In the last working week, did you personally get involved in the receiving, launching or cleaning of the pig?”; and “No” for “Did you wear a rubber face mask fitted with a particle/vapour filter or cartridge or an air-supplied respirator (SCBA) during the pigging process?”. You may have been exposed to a solvent found in fuels and some industrial processes, classified as a known human carcinogen."
10814,Lead,PRMM_Metal Refining/Smelting,EST,high,"Your answers indicate: “Crushing and grinding” for “In the last working week, at what stages of the smelting and refining process were you involved in?”; and “No” for “Were you in a refuge when crushing indoors?”; and “No” for “Was there water dust suppression in the crushing area?”; and “No” for “In the last working week, did you use respiratory protection when crushing or grinding metal?”. You may have been exposed to a metal used in some manufacturing, a recognised cause of serious effects on the nervous system, kidneys and reproductive health."
10816,Lead,PRMM_Metal Refining/Smelting,EST,high,"Your answers indicate: “Crushing and grinding” for “In the last working week, at what stages of the smelting and refining process were you involved in?”; and “No” for “Were you in a refuge when crushing indoors?”; and “No” for “Was there water dust suppression in the crushing area?”; and “A filtering face piece mask or dust mask (called an FFP)” for “What type of respiratory protective equipment (RPE) did you use when crushing and grinding metal?”. You may have been exposed to a metal used in some manufacturing, a recognised cause of serious effects on the nervous system, kidneys and reproductive health."
10854,Chromium VI,PRMM_Metal Refining/Smelting,EST,high,"Your answers indicate: “Basic oxygen furnace” for “What types of furnaces were used?”. You may have been exposed to a form of chromium used in some manufacturing such as plating or welding, classified as a known human carcinogen."
10855,Chromium VI,PRMM_Metal Refining/Smelting,EST,high,"Your answers indicate: “Blast furnace” for “What types of furnaces were used?”. You may have been exposed to a form of chromium used in some manufacturing such as plating or welding, classified as a known human carcinogen."
10856,Chromium VI,PRMM_Metal Refining/Smelting,EST,high,"Your answers indicate: “Electric furnace” for “What types of furnaces were used?”. You may have been exposed to a form of chromium used in some manufacturing such as plating or welding, classified as a known human carcinogen."
10862,Chromium VI,PRMM_Metal Refining/Smelting,EST,high,"Your answers indicate: “Chromium” for “What types of metal additives did you handle?”. You may have been exposed to a form of chromium used in some manufacturing such as plating or welding, classified as a known human carcinogen."
10927,Silica,PRMM_Metal Refining/Smelting,EST,high,"Your answers indicate: “No” for “Were you in a refuge when crushing indoors?”; and “No” for “Was there water dust suppression in the crushing area?”; and “No” for “In the last working week, did you use respiratory protection when crushing or grinding metal?”. You may have been exposed to crystalline silica dust from cutting, grinding or drilling into materials like concrete, classified as a known human carcinogen and cause of silicosis."
10930,Silica,PRMM_Metal Refining/Smelting,EST,high,"Your answers indicate: “No” for “Were you in a refuge when crushing indoors?”; and “No” for “Was there water dust suppression in the crushing area?”; and “A filtering face piece mask or dust mask (called an FFP)” for “What type of respiratory protective equipment (RPE) did you use when crushing and grinding metal?”. You may have been exposed to crystalline silica dust from cutting, grinding or drilling into materials like concrete, classified as a known human carcinogen and cause of silicosis."
10932,Silica,PRMM_Metal Refining/Smelting,EST,high,"Your answers indicate: “No” for “Were you in a refuge when crushing indoors?”; and “No” for “Was there water dust suppression in the crushing area?”; and “Other” for “What type of respiratory protective equipment (RPE) did you use when crushing and grinding metal?”. You may have been exposed to crystalline silica dust from cutting, grinding or drilling into materials like concrete, classified as a known human carcinogen and cause of silicosis."
11235,Toluene,aFTC Fuel tank cleaning,EST,high,"Your answers indicate: “Petrol” for “What type of fuel was in the fuel tank that you cleaned?”; and “Don't know” for “In the last working week, did you use respiratory protection when manually cleaning inside the fuel tanks?”. You may have been exposed to a solvent used in some manufacturing, a recognised cause of nervous system effects and, with heavy exposure, reproductive harm."
11623,Leather dust,SHOE_Shoes and leather goods,EST,medium,"Your answers indicate: “Yes” for “In the last working week, did you make or repair leather shoe heels or soles?”; and “Don't know” for “How was the area where you worked ventilated?”. You may have been exposed to dust from leather processing, linked to an increased risk of nasal cancer in some studies."
11637,Leather dust,SHOE_Shoes and leather goods,EST,medium,"Your answers indicate: “Yes” for “In the last working week, did you make or repair leather shoe heels or soles?”; and “No ventilation was applied to the area” for “How was the area where you worked ventilated?”. You may have been exposed to dust from leather processing, linked to an increased risk of nasal cancer in some studies."
11638,Leather dust,SHOE_Shoes and leather goods,EST,medium,"Your answers indicate: “Yes” for “In the last working week, did you make or repair leather shoe heels or soles?”; and “By open doors or windows” for “How was the area where you worked ventilated?”. You may have been exposed to dust from leather processing, linked to an increased risk of nasal cancer in some studies."
11639,Leather dust,SHOE_Shoes and leather goods,EST,medium,"Your answers indicate: “Yes” for “In the last working week, did you make or repair leather shoe heels or soles?”; and “By fans in the window or doorway” for “How was the area where you worked ventilated?”. You may have been exposed to dust from leather processing, linked to an increased risk of nasal cancer in some studies."
11640,Leather dust,SHOE_Shoes and leather goods,EST,medium,"Your answers indicate: “Yes” for “In the last working week, did you rough, scour, finish or cut the leather?”; and “No ventilation was applied to the area” for “How was the area where you worked ventilated?”. You may have been exposed to dust from leather processing, linked to an increased risk of nasal cancer in some studies."
11641,Leather dust,SHOE_Shoes and leather goods,EST,medium,"Your answers indicate: “Yes” for “In the last working week, did you rough, scour, finish or cut the leather?”; and “By open doors or windows” for “How was the area where you worked ventilated?”. You may have been exposed to dust from leather processing, linked to an increased risk of nasal cancer in some studies."
11642,Leather dust,SHOE_Shoes and leather goods,EST,medium,"Your answers indicate: “Yes” for “In the last working week, did you rough, scour, finish or cut the leather?”; and “By fans in the window or doorway” for “How was the area where you worked ventilated?”. You may have been exposed to dust from leather processing, linked to an increased risk of nasal cancer in some studies."
11688,Cotton Dust,TEXT_Textiles,BIO,high,"Your answers indicate: “Yes” for “In the last working week, did you work in the weaving, knitting, or tufting area?”. You may have been exposed to dust from raw cotton processing, a recognised cause of occupational respiratory disease (byssinosis)."
11716,Formaldehyde,TEXT_Textiles,EST,high,"Your answers indicate: “Wrinkle resistance or durable or permanent press” for “Which of the following processes did you apply to the fabric?”. You may have been exposed to a chemical used in some manufacturing and building materials, classified as a known human carcinogen."
11717,Formaldehyde,TEXT_Textiles,EST,high,"Your answers indicate: “Flame resistance” for “Which of the following processes did you apply to the fabric?”. You may have been exposed to a chemical used in some manufacturing and building materials, classified as a known human carcinogen."
11718,Formaldehyde,TEXT_Textiles,EST,high,"Your answers indicate: “Water resistance” for “Which of the following processes did you apply to the fabric?”. You may have been exposed to a chemical used in some manufacturing and building materials, classified as a known human carcinogen."
11732,Cotton Dust,TEXT_Textiles,BIO,high,"Your answers indicate: “Cotton” for “What type of natural fibres were made or processed in the last working week?”. You may have been exposed to dust from raw cotton processing, a recognised cause of occupational respiratory disease (byssinosis)."
11792,Formaldehyde,UPHO_Upholstery,EST,high,"Your answers indicate: “Wrinkle resistance or durable or permanent press” for “What finishes did you apply to the fabrics or finished products?”. You may have been exposed to a chemical used in some manufacturing and building materials, classified as a known human carcinogen."
11793,Formaldehyde,UPHO_Upholstery,EST,high,"Your answers indicate: “Flame or fire resistance” for “What finishes did you apply to the fabrics or finished products?”. You may have been exposed to a chemical used in some manufacturing and building materials, classified as a known human carcinogen."
11794,Formaldehyde,UPHO_Upholstery,EST,high,"Your answers indicate: “Water resistance” for “What finishes did you apply to the fabrics or finished products?”. You may have been exposed to a chemical used in some manufacturing and building materials, classified as a known human carcinogen."
11873,Asbestos,aASR Asbestos Removal,EST,high,"Your answers indicate: “Lagging/insulation from boilers/ovens/furnaces or similar fixed plant” for “Which of the following asbestos-containing materials did you remove?”. You may have been exposed to a mineral fibre once widely used in building materials, classified as a known human carcinogen."
12103,Carbon Monoxide,aGEX Generator Exhaust aJSM,ACUTE,high,"Your answers indicate: “Diesel” for “What were these generators powered by?”; and “Indoors” for “Where were these generators located?”; and “Less than 20 metres” for “How far away were you working from these generators?”. You may have been exposed to a gas from combustion sources, capable of serious acute poisoning at high concentrations."
12106,Carbon Monoxide,aGEX Generator Exhaust aJSM,ACUTE,high,"Your answers indicate: “Petrol” for “What were these generators powered by?”; and “Less than 20 metres” for “How far away were you working from these generators?”; and “Indoors” for “Where were these generators located?”. You may have been exposed to a gas from combustion sources, capable of serious acute poisoning at high concentrations."
12362,Lead,aPAI Painting aJSM,EST,high,"Your answers indicate: “Red lead” for “In the last working week, did you use chromate primers or red lead?”; and “No” for “In the last working week, did you use a cartridge filter respirator, a powered air-purifying respirator (PAPR) or an air-supplied respirator when applying primers or undercoats with a spray/gun?”; and “No” for “In the last working week, did you spray the primer or undercoat in a spray booth?”. You may have been exposed to a metal used in some manufacturing, a recognised cause of serious effects on the nervous system, kidneys and reproductive health."
12363,Lead,aPAI Painting aJSM,EST,high,"Your answers indicate: “Red lead” for “In the last working week, did you use chromate primers or red lead?”; and “No” for “In the last working week, did you spray the primer or undercoat in a spray booth?”; and “Don't know” for “In the last working week, did you use a cartridge filter respirator, a powered air-purifying respirator (PAPR) or an air-supplied respirator when applying primers or undercoats with a spray/gun?”. You may have been exposed to a metal used in some manufacturing, a recognised cause of serious effects on the nervous system, kidneys and reproductive health."
12373,Other PAHs,LINE_Power Line / Station,EST,high,"Your answers indicate: “Coal power plant/station” for “In the last working week, what types of power plant/stations did you work at?”. You may have been exposed to polycyclic aromatic hydrocarbons formed by combustion, such as in coal, tar or soot, several classified as known or probable human carcinogens."
12606,Ocular UV EU,aWEL Welding aJSM,EST,high,"Your answers indicate: “No” for “In the last working week, did you wear welding goggles, a welding helmet that includes goggles, or a welding shield when welding, brazing or cutting?”. You may have been exposed to ultraviolet light exposure to the eyes, a recognised cause of eye damage including cataracts."
12627,Artificial UV,aWEL Welding aJSM,EST,high,"Your answers indicate: “No” for “In the last working week, did you wear clothing that completely covered your skin whilst welding (i.e., long pants, long shirt, overalls, gloves etc.)?”; and “More than 6 others” for “How many other welders were there in the area where you worked?”. You may have been exposed to ultraviolet light from artificial sources such as welding or UV lamps, a recognised cause of skin and eye damage including cancer with cumulative exposure."
12637,Lead,AIRT_Air Transport Workers,EST,high,"Your answers indicate: “Yes” for “Did the aircraft use leaded fuel (such as 100 or 130), or fuel that was dyed green?”; and “Yes” for “In the last working week, did you refuel the aircraft yourself?”. You may have been exposed to a metal used in some manufacturing, a recognised cause of serious effects on the nervous system, kidneys and reproductive health."
12708,Silica,FOUN_Foundry,EST,high,"Your answers indicate: “Yes” for “In the last working week, did your work involve sand reclamation?”. You may have been exposed to crystalline silica dust from cutting, grinding or drilling into materials like concrete, classified as a known human carcinogen and cause of silicosis."
12827,Other PAHs,OPET_Oil/Petroleum Industry,EST,high,"Your answers indicate: “Yes” for “In the last working week, did you work at a refinery?”. You may have been exposed to polycyclic aromatic hydrocarbons formed by combustion, such as in coal, tar or soot, several classified as known or probable human carcinogens."
13967,Benzene,aDVM Driving/Maintenance aJSM,EST,high,"Your answers indicate: “No” for “In the last working week, did you attach a hose to the exhaust pipe of the vehicle you maintained to lead the exhaust fumes outside?”; and “Petrol” for “What types of fuel did the vehicles that you drove, maintained or travelled in use?”. You may have been exposed to a solvent found in fuels and some industrial processes, classified as a known human carcinogen."
14045,Benzene,aDVM Driving/Maintenance aJSM,EST,high,"Your answers indicate: “Don't know” for “In the last working week, did you attach a hose to the exhaust pipe of the vehicle you maintained to lead the exhaust fumes outside?”; and “Petrol” for “What types of fuel did the vehicles that you drove, maintained or travelled in use?”. You may have been exposed to a solvent found in fuels and some industrial processes, classified as a known human carcinogen."
14052,Toluene,AIRT_Air Transport Workers,EST,high,"Your answers indicate: “Yes” for “In the last working week, did you work on engines?”. You may have been exposed to a solvent used in some manufacturing, a recognised cause of nervous system effects and, with heavy exposure, reproductive harm."
14053,p-xylene,AIRT_Air Transport Workers,UNC,high,"Your answers indicate: “Yes” for “In the last working week, did you work on engines?”. You may have been exposed to a solvent found in fuels, such as during vehicle refuelling, and some industrial processes; it is not classified as a carcinogen, and evidence on health effects at low, brief exposure levels is still developing."
14055,Ethyl Benzene,AIRT_Air Transport Workers,EST,medium,"Your answers indicate: “Yes” for “In the last working week, did you work on engines?”. You may have been exposed to a solvent used in some manufacturing, classified as a possible human carcinogen."
14176,Benzene,aBBU Back Burning aJSM,EST,high,"Your answers indicate: “No” for “Did you wear an air-supplied respirator or SCBA (self-contained breathing apparatus) when managing fires in the last working week?”. You may have been exposed to a solvent found in fuels and some industrial processes, classified as a known human carcinogen."
14344,Other PAHs,aWOP wood preservatives,EST,high,"Your answers indicate: “Creosote” for “What wood preservatives did you apply in the last working week?”. You may have been exposed to polycyclic aromatic hydrocarbons formed by combustion, such as in coal, tar or soot, several classified as known or probable human carcinogens."
14427,Other PAHs,aSTP Stripping Paint aJSM,EST,high,"Your answers indicate: “Heat gun or burning off the paint” for “Did you use any of the following methods to strip paint?”; and “Don't know” for “In the last working week, did you use respiratory protection while stripping paint?”. You may have been exposed to polycyclic aromatic hydrocarbons formed by combustion, such as in coal, tar or soot, several classified as known or probable human carcinogens."
14428,Other PAHs,aSTP Stripping Paint aJSM,EST,high,"Your answers indicate: “Heat gun or burning off the paint” for “Did you use any of the following methods to strip paint?”; and “No” for “In the last working week, did you use respiratory protection while stripping paint?”. You may have been exposed to polycyclic aromatic hydrocarbons formed by combustion, such as in coal, tar or soot, several classified as known or probable human carcinogens."
14546,Toluene,aFTC Fuel tank cleaning,EST,high,"Your answers indicate: “Petrol” for “What type of fuel was in the fuel tank that you cleaned?”; and “No” for “In the last working week, did you use respiratory protection when manually cleaning inside the fuel tanks?”. You may have been exposed to a solvent used in some manufacturing, a recognised cause of nervous system effects and, with heavy exposure, reproductive harm."
14565,Silica,aCTS Cutting Stone etc,EST,high,"Your answers indicate: “Artificial stone such as engineered, agglomerated or reconstituted stone, also known as quartz conglomerate or quartzites, Caesarstone, Silestone, Technistone” for “Which of the following materials did you work with?”. You may have been exposed to crystalline silica dust from cutting, grinding or drilling into materials like concrete, classified as a known human carcinogen and cause of silicosis."
15471,Methylene chloride,aDEG Degreasing,EST,medium,"Your answers indicate: “Methylene chloride” for “What chemicals did you use to clean by hand?”. You may have been exposed to a solvent used in some manufacturing, classified as a probable human carcinogen."
15493,Carbon Monoxide,aBBU Back Burning aJSM,ACUTE,high,"Your answers indicate: “No” for “Did you wear an air-supplied respirator or SCBA (self-contained breathing apparatus) when managing fires in the last working week?”. You may have been exposed to a gas from combustion sources, capable of serious acute poisoning at high concentrations."
16593,Sleep disturbances,aFFL Frequent Flyer aJSM,PHYS,medium,"Your answers indicate: “Extremely badly” for “On these long haul flights, how well did you sleep while on the plane?”. You may have been exposed to disrupted sleep patterns, often linked to shift work, associated with a range of health effects."
16599,Phase shift,aFFL Frequent Flyer aJSM,PHYS,medium,"Your answers indicate: “8 or more” for “How many flights did you take which had more than 6 hours time difference between your departure and arrival locations?”. You may have been exposed to circadian disruption from shift work involving changing shift times, classified by international health authorities as a probable carcinogen, alongside other health effects."
16600,Light at night,aFFL Frequent Flyer aJSM,PHYS,medium,"Your answers indicate: “8 or more” for “How many flights did you take which had more than 6 hours time difference between your departure and arrival locations?”. You may have been exposed to exposure to light during normal sleeping hours, such as from night shift work, associated with circadian disruption; international health authorities classify shift work involving this as a probable carcinogen."
16674,Diesel Exhaust,aDVM Driving/Maintenance aJSM,EST,high,"Your answers indicate: “Diesel” for “What types of fuel did the vehicles that you drove, maintained or travelled in use?”; and “No” for “In the last working week, did you attach a hose to the exhaust pipe of the vehicle you maintained to lead the exhaust fumes outside?”. You may have been exposed to exhaust from diesel engines, classified as a known human carcinogen."
16675,Diesel Exhaust,aDVM Driving/Maintenance aJSM,EST,high,"Your answers indicate: “Diesel” for “What types of fuel did the vehicles that you drove, maintained or travelled in use?”; and “Don't know” for “In the last working week, did you attach a hose to the exhaust pipe of the vehicle you maintained to lead the exhaust fumes outside?”. You may have been exposed to exhaust from diesel engines, classified as a known human carcinogen."
16693,Benzene,aDVM Driving/Maintenance aJSM,EST,high,"Your answers indicate: “Yes” for “In the last working week, did you drain fuel tanks or change fuel filters?”; and “Petrol” for “What types of fuel did the vehicles that you drove, maintained or travelled in use?”. You may have been exposed to a solvent found in fuels and some industrial processes, classified as a known human carcinogen."
16743,Carbon Monoxide,aDVM Driving/Maintenance aJSM,ACUTE,high,"Your answers indicate: “Don't know” for “In the last working week, did you attach a hose to the exhaust pipe of the vehicle you maintained to lead the exhaust fumes outside?”. You may have been exposed to a gas from combustion sources, capable of serious acute poisoning at high concentrations."
16769,Carbon Monoxide,aVEX Vehicle Exhausts aJSM,ACUTE,high,"Your answers indicate: “Diesel” for “What types of fuel were used in these vehicles?”; and “Indoors” for “Were these vehicles indoors or outdoors?”; and “Less than 20 metres” for “How far away did you work from these vehicles?”. You may have been exposed to a gas from combustion sources, capable of serious acute poisoning at high concentrations."
16773,Carbon Monoxide,aVEX Vehicle Exhausts aJSM,ACUTE,high,"Your answers indicate: “Petrol” for “What types of fuel were used in these vehicles?”; and “Indoors” for “Were these vehicles indoors or outdoors?”; and “Less than 20 metres” for “How far away did you work from these vehicles?”. You may have been exposed to a gas from combustion sources, capable of serious acute poisoning at high concentrations."
16777,Carbon Monoxide,aVEX Vehicle Exhausts aJSM,ACUTE,high,"Your answers indicate: “Liquefied Petroleum Gas (LPG) or propane” for “What types of fuel were used in these vehicles?”; and “Indoors” for “Were these vehicles indoors or outdoors?”; and “Less than 20 metres” for “How far away did you work from these vehicles?”. You may have been exposed to a gas from combustion sources, capable of serious acute poisoning at high concentrations."
16822,Silica,"aFUR Furnace cleaning, installation and maintenance",EST,high,"Your answers indicate: “Refractory bricks” for “What did you use to re-line the furnaces?”; and “No” for “Was there a ventilated hood over the furnace when you were working on it?”. You may have been exposed to crystalline silica dust from cutting, grinding or drilling into materials like concrete, classified as a known human carcinogen and cause of silicosis."
16826,Silica,"aFUR Furnace cleaning, installation and maintenance",EST,high,"Your answers indicate: “Refractory bricks” for “What did you use to re-line the furnaces?”; and “Don't know” for “In the last working week, did you use respiratory protection when re-lining, cleaning or maintaining furnaces?”. You may have been exposed to crystalline silica dust from cutting, grinding or drilling into materials like concrete, classified as a known human carcinogen and cause of silicosis."
16831,Silica,"aFUR Furnace cleaning, installation and maintenance",EST,high,"Your answers indicate: “Ceramic fibres or alumino-silicate wools (ASW)” for “What did you use to re-line the furnaces?”; and “Don't know” for “In the last working week, did you use respiratory protection when re-lining, cleaning or maintaining furnaces?”. You may have been exposed to crystalline silica dust from cutting, grinding or drilling into materials like concrete, classified as a known human carcinogen and cause of silicosis."
16832,Silica,"aFUR Furnace cleaning, installation and maintenance",EST,high,"Your answers indicate: “Ceramic fibres or alumino-silicate wools (ASW)” for “What did you use to re-line the furnaces?”; and “No” for “In the last working week, did you use respiratory protection when re-lining, cleaning or maintaining furnaces?”. You may have been exposed to crystalline silica dust from cutting, grinding or drilling into materials like concrete, classified as a known human carcinogen and cause of silicosis."
16833,Silica,"aFUR Furnace cleaning, installation and maintenance",EST,high,"Your answers indicate: “Ceramic fibres or alumino-silicate wools (ASW)” for “What did you use to re-line the furnaces?”; and “No” for “Was there a ventilated hood over the furnace when you were working on it?”. You may have been exposed to crystalline silica dust from cutting, grinding or drilling into materials like concrete, classified as a known human carcinogen and cause of silicosis."
16902,Methylene chloride,aSTP Stripping Paint aJSM,EST,medium,"Your answers indicate: “No” for “Was there a hood on the tank with an extraction fan to the outdoors?”. You may have been exposed to a solvent used in some manufacturing, classified as a probable human carcinogen."
16903,Methylene chloride,aSTP Stripping Paint aJSM,EST,medium,"Your answers indicate: “Don't know” for “Was there a hood on the tank with an extraction fan to the outdoors?”. You may have been exposed to a solvent used in some manufacturing, classified as a probable human carcinogen."
16942,Cadmium,aSTP Stripping Paint aJSM,EST,high,"Your answers indicate: “Yes” for “In the last working week, did you strip old paint which was likely to have been applied before 2001?”; and “Don't know” for “In the last working week, did you use respiratory protection while stripping paint?”; and “Don't know” for “Which of the following measures did you use while sanding, blasting or grinding?”. You may have been exposed to a metal used in some manufacturing such as batteries or coatings, classified as a known human carcinogen."
16943,Cadmium,aSTP Stripping Paint aJSM,EST,high,"Your answers indicate: “Yes” for “In the last working week, did you strip old paint which was likely to have been applied before 2001?”; and “None of these” for “Which of the following measures did you use while sanding, blasting or grinding?”; and “Don't know” for “In the last working week, did you use respiratory protection while stripping paint?”. You may have been exposed to a metal used in some manufacturing such as batteries or coatings, classified as a known human carcinogen."
16944,Cadmium,aSTP Stripping Paint aJSM,EST,high,"Your answers indicate: “Yes” for “In the last working week, did you strip old paint which was likely to have been applied before 2001?”; and “Don't know” for “Which of the following measures did you use while sanding, blasting or grinding?”; and “No” for “In the last working week, did you use respiratory protection while stripping paint?”. You may have been exposed to a metal used in some manufacturing such as batteries or coatings, classified as a known human carcinogen."
16945,Cadmium,aSTP Stripping Paint aJSM,EST,high,"Your answers indicate: “Yes” for “In the last working week, did you strip old paint which was likely to have been applied before 2001?”; and “None of these” for “Which of the following measures did you use while sanding, blasting or grinding?”; and “No” for “In the last working week, did you use respiratory protection while stripping paint?”. You may have been exposed to a metal used in some manufacturing such as batteries or coatings, classified as a known human carcinogen."
16949,Chromium VI,aSTP Stripping Paint aJSM,EST,high,"Your answers indicate: “Yes” for “In the last working week, did you strip old paint which was likely to have been applied before 2001?”; and “Don't know” for “Which of the following measures did you use while sanding, blasting or grinding?”; and “Don't know” for “In the last working week, did you use respiratory protection while stripping paint?”. You may have been exposed to a form of chromium used in some manufacturing such as plating or welding, classified as a known human carcinogen."
16950,Chromium VI,aSTP Stripping Paint aJSM,EST,high,"Your answers indicate: “Yes” for “In the last working week, did you strip old paint which was likely to have been applied before 2001?”; and “Don't know” for “Which of the following measures did you use while sanding, blasting or grinding?”; and “No” for “In the last working week, did you use respiratory protection while stripping paint?”. You may have been exposed to a form of chromium used in some manufacturing such as plating or welding, classified as a known human carcinogen."
16951,Chromium VI,aSTP Stripping Paint aJSM,EST,high,"Your answers indicate: “Yes” for “In the last working week, did you strip old paint which was likely to have been applied before 2001?”; and “None of these” for “Which of the following measures did you use while sanding, blasting or grinding?”; and “Don't know” for “In the last working week, did you use respiratory protection while stripping paint?”. You may have been exposed to a form of chromium used in some manufacturing such as plating or welding, classified as a known human carcinogen."
16952,Chromium VI,aSTP Stripping Paint aJSM,EST,high,"Your answers indicate: “Yes” for “In the last working week, did you strip old paint which was likely to have been applied before 2001?”; and “None of these” for “Which of the following measures did you use while sanding, blasting or grinding?”; and “No” for “In the last working week, did you use respiratory protection while stripping paint?”. You may have been exposed to a form of chromium used in some manufacturing such as plating or welding, classified as a known human carcinogen."
16956,Nickel,aSTP Stripping Paint aJSM,EST,high,"Your answers indicate: “Yes” for “In the last working week, did you strip old paint which was likely to have been applied before 2001?”; and “Don't know” for “Which of the following measures did you use while sanding, blasting or grinding?”; and “Don't know” for “In the last working week, did you use respiratory protection while stripping paint?”. You may have been exposed to a metal used in some manufacturing such as plating or welding, with some compounds classified as known human carcinogens."
16957,Nickel,aSTP Stripping Paint aJSM,EST,high,"Your answers indicate: “Yes” for “In the last working week, did you strip old paint which was likely to have been applied before 2001?”; and “None of these” for “Which of the following measures did you use while sanding, blasting or grinding?”; and “Don't know” for “In the last working week, did you use respiratory protection while stripping paint?”. You may have been exposed to a metal used in some manufacturing such as plating or welding, with some compounds classified as known human carcinogens."
16958,Nickel,aSTP Stripping Paint aJSM,EST,high,"Your answers indicate: “Yes” for “In the last working week, did you strip old paint which was likely to have been applied before 2001?”; and “Don't know” for “Which of the following measures did you use while sanding, blasting or grinding?”; and “No” for “In the last working week, did you use respiratory protection while stripping paint?”. You may have been exposed to a metal used in some manufacturing such as plating or welding, with some compounds classified as known human carcinogens."
16959,Nickel,aSTP Stripping Paint aJSM,EST,high,"Your answers indicate: “Yes” for “In the last working week, did you strip old paint which was likely to have been applied before 2001?”; and “None of these” for “Which of the following measures did you use while sanding, blasting or grinding?”; and “No” for “In the last working week, did you use respiratory protection while stripping paint?”. You may have been exposed to a metal used in some manufacturing such as plating or welding, with some compounds classified as known human carcinogens."
16997,Lead,MINE_Miners/Quarrymen,EST,high,"Your answers indicate: “At the mine face” for “In the last working week, where did you work?”; and “Lead” for “What was mined or quarried where you worked?”; and “Below/underground” for “In the last working week, what type of mine or quarry did you work in?”. You may have been exposed to a metal used in some manufacturing, a recognised cause of serious effects on the nervous system, kidneys and reproductive health."
17025,Toluene,aPAI Painting aJSM,EST,high,"Your answers indicate: “Chlorinated rubber paints (e.g., lining swimming pools or line marking for roads)” for “Did you use any of the following paints?”. You may have been exposed to a solvent used in some manufacturing, a recognised cause of nervous system effects and, with heavy exposure, reproductive harm."
17026,p-xylene,aPAI Painting aJSM,UNC,high,"Your answers indicate: “Chlorinated rubber paints (e.g., lining swimming pools or line marking for roads)” for “Did you use any of the following paints?”. You may have been exposed to a solvent found in fuels, such as during vehicle refuelling, and some industrial processes; it is not classified as a carcinogen, and evidence on health effects at low, brief exposure levels is still developing."
17038,Toluene,aPAI Painting aJSM,EST,high,"Your answers indicate: “Oil or solvent-based” for “In the last working week, did you use oil/solvent-based or water-based/non-toxic primer or undercoat?”; and “Don't know” for “In the last working week, did you use a cartridge filter respirator, a powered air-purifying respirator (PAPR) or an air-supplied respirator when applying primers or undercoats with a spray/gun?”; and “Don't know” for “In the last working week, did you spray the primer or undercoat in a spray booth?”. You may have been exposed to a solvent used in some manufacturing, a recognised cause of nervous system effects and, with heavy exposure, reproductive harm."
17042,Toluene,aPAI Painting aJSM,EST,high,"Your answers indicate: “Oil or solvent-based” for “In the last working week, did you use oil/solvent-based or water-based/non-toxic primer or undercoat?”; and “Don't know” for “In the last working week, did you use a cartridge filter respirator, a powered air-purifying respirator (PAPR) or an air-supplied respirator when applying primers or undercoats with a spray/gun?”; and “No” for “In the last working week, did you spray the primer or undercoat in a spray booth?”. You may have been exposed to a solvent used in some manufacturing, a recognised cause of nervous system effects and, with heavy exposure, reproductive harm."
17043,Toluene,aPAI Painting aJSM,EST,high,"Your answers indicate: “Oil or solvent-based” for “In the last working week, did you use oil/solvent-based or water-based/non-toxic primer or undercoat?”; and “No” for “In the last working week, did you use a cartridge filter respirator, a powered air-purifying respirator (PAPR) or an air-supplied respirator when applying primers or undercoats with a spray/gun?”; and “Don't know” for “In the last working week, did you spray the primer or undercoat in a spray booth?”. You may have been exposed to a solvent used in some manufacturing, a recognised cause of nervous system effects and, with heavy exposure, reproductive harm."
17046,p-xylene,aPAI Painting aJSM,UNC,high,"Your answers indicate: “Oil or solvent-based” for “In the last working week, did you use oil/solvent-based or water-based/non-toxic primer or undercoat?”; and “No” for “In the last working week, did you use a cartridge filter respirator, a powered air-purifying respirator (PAPR) or an air-supplied respirator when applying primers or undercoats with a spray/gun?”; and “Don't know” for “In the last working week, did you spray the primer or undercoat in a spray booth?”. You may have been exposed to a solvent found in fuels, such as during vehicle refuelling, and some industrial processes; it is not classified as a carcinogen, and evidence on health effects at low, brief exposure levels is still developing."
17047,p-xylene,aPAI Painting aJSM,UNC,high,"Your answers indicate: “Oil or solvent-based” for “In the last working week, did you use oil/solvent-based or water-based/non-toxic primer or undercoat?”; and “Don't know” for “In the last working week, did you use a cartridge filter respirator, a powered air-purifying respirator (PAPR) or an air-supplied respirator when applying primers or undercoats with a spray/gun?”; and “No” for “In the last working week, did you spray the primer or undercoat in a spray booth?”. You may have been exposed to a solvent found in fuels, such as during vehicle refuelling, and some industrial processes; it is not classified as a carcinogen, and evidence on health effects at low, brief exposure levels is still developing."
17048,p-xylene,aPAI Painting aJSM,UNC,high,"Your answers indicate: “Oil or solvent-based” for “In the last working week, did you use oil/solvent-based or water-based/non-toxic primer or undercoat?”; and “Don't know” for “In the last working week, did you use a cartridge filter respirator, a powered air-purifying respirator (PAPR) or an air-supplied respirator when applying primers or undercoats with a spray/gun?”; and “Don't know” for “In the last working week, did you spray the primer or undercoat in a spray booth?”. You may have been exposed to a solvent found in fuels, such as during vehicle refuelling, and some industrial processes; it is not classified as a carcinogen, and evidence on health effects at low, brief exposure levels is still developing."
17051,n-hexane,aPAI Painting aJSM,EST,high,"Your answers indicate: “Oil or solvent-based” for “In the last working week, did you use oil/solvent-based or water-based/non-toxic primer or undercoat?”; and “Don't know” for “In the last working week, did you use a cartridge filter respirator, a powered air-purifying respirator (PAPR) or an air-supplied respirator when applying primers or undercoats with a spray/gun?”; and “No” for “In the last working week, did you spray the primer or undercoat in a spray booth?”. You may have been exposed to a solvent used in some manufacturing, a recognised cause of nerve damage with prolonged exposure."
17052,n-hexane,aPAI Painting aJSM,EST,high,"Your answers indicate: “Oil or solvent-based” for “In the last working week, did you use oil/solvent-based or water-based/non-toxic primer or undercoat?”; and “Don't know” for “In the last working week, did you use a cartridge filter respirator, a powered air-purifying respirator (PAPR) or an air-supplied respirator when applying primers or undercoats with a spray/gun?”; and “Don't know” for “In the last working week, did you spray the primer or undercoat in a spray booth?”. You may have been exposed to a solvent used in some manufacturing, a recognised cause of nerve damage with prolonged exposure."
17053,n-hexane,aPAI Painting aJSM,EST,high,"Your answers indicate: “Oil or solvent-based” for “In the last working week, did you use oil/solvent-based or water-based/non-toxic primer or undercoat?”; and “No” for “In the last working week, did you use a cartridge filter respirator, a powered air-purifying respirator (PAPR) or an air-supplied respirator when applying primers or undercoats with a spray/gun?”; and “Don't know” for “In the last working week, did you spray the primer or undercoat in a spray booth?”. You may have been exposed to a solvent used in some manufacturing, a recognised cause of nerve damage with prolonged exposure."
17054,Toluene,aPAI Painting aJSM,EST,high,"Your answers indicate: “Yes” for “In the last working week, did you spray/powder coat solvent or oil-based paints?”; and “No” for “In the last working week, did you use a cartridge filter respirator, a powered air-purifying respirator (PAPR) or an air-supplied respirator when painting or applying coats?”; and “Don't know” for “In the last working week, did you spray/powder coat in a spray booth?”. You may have been exposed to a solvent used in some manufacturing, a recognised cause of nervous system effects and, with heavy exposure, reproductive harm."
17056,Toluene,aPAI Painting aJSM,EST,high,"Your answers indicate: “Yes” for “In the last working week, did you spray/powder coat solvent or oil-based paints?”; and “Don't know” for “In the last working week, did you use a cartridge filter respirator, a powered air-purifying respirator (PAPR) or an air-supplied respirator when painting or applying coats?”; and “Don't know” for “In the last working week, did you spray/powder coat in a spray booth?”. You may have been exposed to a solvent used in some manufacturing, a recognised cause of nervous system effects and, with heavy exposure, reproductive harm."
17057,Toluene,aPAI Painting aJSM,EST,high,"Your answers indicate: “Yes” for “In the last working week, did you spray/powder coat solvent or oil-based paints?”; and “Don't know” for “In the last working week, did you use a cartridge filter respirator, a powered air-purifying respirator (PAPR) or an air-supplied respirator when painting or applying coats?”; and “No” for “In the last working week, did you spray/powder coat in a spray booth?”. You may have been exposed to a solvent used in some manufacturing, a recognised cause of nervous system effects and, with heavy exposure, reproductive harm."
17059,p-xylene,aPAI Painting aJSM,UNC,high,"Your answers indicate: “Yes” for “In the last working week, did you spray/powder coat solvent or oil-based paints?”; and “Don't know” for “In the last working week, did you use a cartridge filter respirator, a powered air-purifying respirator (PAPR) or an air-supplied respirator when painting or applying coats?”; and “Don't know” for “In the last working week, did you spray/powder coat in a spray booth?”. You may have been exposed to a solvent found in fuels, such as during vehicle refuelling, and some industrial processes; it is not classified as a carcinogen, and evidence on health effects at low, brief exposure levels is still developing."
17061,p-xylene,aPAI Painting aJSM,UNC,high,"Your answers indicate: “Yes” for “In the last working week, did you spray/powder coat solvent or oil-based paints?”; and “Don't know” for “In the last working week, did you use a cartridge filter respirator, a powered air-purifying respirator (PAPR) or an air-supplied respirator when painting or applying coats?”; and “No” for “In the last working week, did you spray/powder coat in a spray booth?”. You may have been exposed to a solvent found in fuels, such as during vehicle refuelling, and some industrial processes; it is not classified as a carcinogen, and evidence on health effects at low, brief exposure levels is still developing."
17063,p-xylene,aPAI Painting aJSM,UNC,high,"Your answers indicate: “Yes” for “In the last working week, did you spray/powder coat solvent or oil-based paints?”; and “No” for “In the last working week, did you use a cartridge filter respirator, a powered air-purifying respirator (PAPR) or an air-supplied respirator when painting or applying coats?”; and “Don't know” for “In the last working week, did you spray/powder coat in a spray booth?”. You may have been exposed to a solvent found in fuels, such as during vehicle refuelling, and some industrial processes; it is not classified as a carcinogen, and evidence on health effects at low, brief exposure levels is still developing."
17091,Wood Dust,aSAN Sanding aJSM,EST,high,"Your answers indicate: “Chipboard, MDF, plywood, or pressed wood” for “In the last working week, did you sand any of the following items?”; and “A power sander or polisher” for “In the last working week, which of the following did you use to sand or polish the items?”; and “Don't know” for “Was there a ventilation system that removed dust or fume from where you worked in the last working week (local exhaust ventilation or on-tool extraction)?”; and “No” for “In the last working week, did you use respiratory protection while sanding or polishing items?”. You may have been exposed to dust from wood processing, classified as a known human carcinogen, particularly from hardwoods."
17092,Wood Dust,aSAN Sanding aJSM,EST,high,"Your answers indicate: “Chipboard, MDF, plywood, or pressed wood” for “In the last working week, did you sand any of the following items?”; and “A power sander or polisher” for “In the last working week, which of the following did you use to sand or polish the items?”; and “No” for “Was there a ventilation system that removed dust or fume from where you worked in the last working week (local exhaust ventilation or on-tool extraction)?”; and “No” for “In the last working week, did you use respiratory protection while sanding or polishing items?”. You may have been exposed to dust from wood processing, classified as a known human carcinogen, particularly from hardwoods."
17094,Wood Dust,aSAN Sanding aJSM,EST,high,"Your answers indicate: “Chipboard, MDF, plywood, or pressed wood” for “In the last working week, did you sand any of the following items?”; and “A power sander or polisher” for “In the last working week, which of the following did you use to sand or polish the items?”; and “No” for “Was there a ventilation system that removed dust or fume from where you worked in the last working week (local exhaust ventilation or on-tool extraction)?”; and “Don't know” for “In the last working week, did you use respiratory protection while sanding or polishing items?”. You may have been exposed to dust from wood processing, classified as a known human carcinogen, particularly from hardwoods."
17143,Benzene,aDVM Driving/Maintenance aJSM,EST,high,"Your answers indicate: “Petrol” for “What types of fuel did the vehicles that you drove, maintained or travelled in use?”; and “Inside a building (e.g., warehouse)” for “What types of roads or areas did you drive or travel on?”. You may have been exposed to a solvent found in fuels and some industrial processes, classified as a known human carcinogen."
17170,Carbon Monoxide,aFPE Fuel-powered equipment,ACUTE,high,"Your answers indicate: “Yes” for “Were you indoors when you were using or repairing the equipment?”. You may have been exposed to a gas from combustion sources, capable of serious acute poisoning at high concentrations."
17188,Silica,"aFUR Furnace cleaning, installation and maintenance",EST,high,"Your answers indicate: “Refractory bricks” for “What did you use to re-line the furnaces?”; and “Don't know” for “Was there a ventilated hood over the furnace when you were working on it?”. You may have been exposed to crystalline silica dust from cutting, grinding or drilling into materials like concrete, classified as a known human carcinogen and cause of silicosis."
17191,Silica,"aFUR Furnace cleaning, installation and maintenance",EST,high,"Your answers indicate: “Ceramic fibres or alumino-silicate wools (ASW)” for “What did you use to re-line the furnaces?”; and “Don't know” for “Was there a ventilated hood over the furnace when you were working on it?”. You may have been exposed to crystalline silica dust from cutting, grinding or drilling into materials like concrete, classified as a known human carcinogen and cause of silicosis."
17202,Nickel,FOUN_Foundry,EST,high,"Your answers indicate: “Nickel or nickel alloys” for “In the last working week, what types of metals were cast at your workplace?”; and “No” for “Was this casting station inside a ventilated booth?”. You may have been exposed to a metal used in some manufacturing such as plating or welding, with some compounds classified as known human carcinogens."
17203,Nickel,FOUN_Foundry,EST,high,"Your answers indicate: “Nickel or nickel alloys” for “In the last working week, what types of metals were cast at your workplace?”; and “Don't know” for “Was this casting station inside a ventilated booth?”. You may have been exposed to a metal used in some manufacturing such as plating or welding, with some compounds classified as known human carcinogens."
17206,Nickel,FOUN_Foundry,EST,high,"Your answers indicate: “Nickel or nickel alloys” for “In the last working week, what types of metals were cast at your workplace?”; and “Pneumatic tools” for “How did you clean the excess metal from the castings?”. You may have been exposed to a metal used in some manufacturing such as plating or welding, with some compounds classified as known human carcinogens."
17208,Nickel,FOUN_Foundry,EST,high,"Your answers indicate: “Stainless steel” for “Which of the following types of iron or steel were cast at your workplace?”; and “No” for “Was this casting station inside a ventilated booth?”. You may have been exposed to a metal used in some manufacturing such as plating or welding, with some compounds classified as known human carcinogens."
17209,Nickel,FOUN_Foundry,EST,high,"Your answers indicate: “Stainless steel” for “Which of the following types of iron or steel were cast at your workplace?”; and “Don't know” for “Was this casting station inside a ventilated booth?”. You may have been exposed to a metal used in some manufacturing such as plating or welding, with some compounds classified as known human carcinogens."
17211,Nickel,FOUN_Foundry,EST,high,"Your answers indicate: “Stainless steel” for “Which of the following types of iron or steel were cast at your workplace?”; and “Pneumatic tools” for “How did you clean the excess metal from the castings?”. You may have been exposed to a metal used in some manufacturing such as plating or welding, with some compounds classified as known human carcinogens."
17265,Carbon Monoxide,aGEX Generator Exhaust aJSM,ACUTE,high,"Your answers indicate: “No” for “Were these generators portable?”; and “Indoors” for “Where were these generators located?”; and “Less than 20 metres” for “How far away were you working from these generators?”. You may have been exposed to a gas from combustion sources, capable of serious acute poisoning at high concentrations."
17284,Ionizing radiation,aMXR Medical radiation,EST,high,"Your answers indicate: “No” for “In the last working week, did you use radio-protective shields (e.g., lead or plexiglass shields) when working with these radioisotopes?”; and “No” for “In the last working week, did you use radio-protective garments, (such as lead aprons, gloves, thyroid guards) when working with these radioisotopes?”. You may have been exposed to radiation from sources such as X-rays or radioactive materials, classified as a known human carcinogen."
17285,Ionizing radiation,aMXR Medical radiation,EST,high,"Your answers indicate: “Don't know” for “In the last working week, did you use radio-protective shields (e.g., lead or plexiglass shields) when working with these radioisotopes?”; and “No” for “In the last working week, did you use radio-protective garments, (such as lead aprons, gloves, thyroid guards) when working with these radioisotopes?”. You may have been exposed to radiation from sources such as X-rays or radioactive materials, classified as a known human carcinogen."
17286,Ionizing radiation,aMXR Medical radiation,EST,high,"Your answers indicate: “No” for “In the last working week, did you use radio-protective shields (e.g., lead or plexiglass shields) when working with these radioisotopes?”; and “Don't know” for “In the last working week, did you use radio-protective garments, (such as lead aprons, gloves, thyroid guards) when working with these radioisotopes?”. You may have been exposed to radiation from sources such as X-rays or radioactive materials, classified as a known human carcinogen."
17287,Ionizing radiation,aMXR Medical radiation,EST,high,"Your answers indicate: “Don't know” for “In the last working week, did you use radio-protective shields (e.g., lead or plexiglass shields) when working with these radioisotopes?”; and “Don't know” for “In the last working week, did you use radio-protective garments, (such as lead aprons, gloves, thyroid guards) when working with these radioisotopes?”. You may have been exposed to radiation from sources such as X-rays or radioactive materials, classified as a known human carcinogen."
17296,Ionizing radiation,aMXR Medical radiation,EST,high,"Your answers indicate: “No” for “In the last working week, did you use radio-protective shields (e.g., screens, drapes) when working with these machines?”; and “Don't know” for “In the last working week, did you use radio-protective garments, (such as lead aprons, gloves, thyroid guards) when working with these machines?”. You may have been exposed to radiation from sources such as X-rays or radioactive materials, classified as a known human carcinogen."
17299,Ionizing radiation,aMXR Medical radiation,EST,high,"Your answers indicate: “Don't know” for “In the last working week, did you use radio-protective shields (e.g., screens, drapes) when working with these machines?”; and “Don't know” for “In the last working week, did you use radio-protective garments, (such as lead aprons, gloves, thyroid guards) when working with these machines?”. You may have been exposed to radiation from sources such as X-rays or radioactive materials, classified as a known human carcinogen."
17300,Ionizing radiation,aMXR Medical radiation,EST,high,"Your answers indicate: “Don't know” for “In the last working week, did you use radio-protective shields (e.g., screens, drapes) when working with these machines?”; and “No” for “In the last working week, did you use radio-protective garments, (such as lead aprons, gloves, thyroid guards) when working with these machines?”. You may have been exposed to radiation from sources such as X-rays or radioactive materials, classified as a known human carcinogen."
17306,Ionizing radiation,aMXR Medical radiation,EST,high,"Your answers indicate: “No” for “In the last working week, did you use shielding (fixed or mobile) when administering radiotherapy?”; and “No” for “In the last working week, did you use radio-protective garments (such as lead aprons, gloves, thyroid guards) when administering radiotherapy?”. You may have been exposed to radiation from sources such as X-rays or radioactive materials, classified as a known human carcinogen."
17307,Ionizing radiation,aMXR Medical radiation,EST,high,"Your answers indicate: “No” for “In the last working week, did you use shielding (fixed or mobile) when administering radiotherapy?”; and “Don't know” for “In the last working week, did you use radio-protective garments (such as lead aprons, gloves, thyroid guards) when administering radiotherapy?”. You may have been exposed to radiation from sources such as X-rays or radioactive materials, classified as a known human carcinogen."
17309,Ionizing radiation,aMXR Medical radiation,EST,high,"Your answers indicate: “Don't know” for “In the last working week, did you use shielding (fixed or mobile) when administering radiotherapy?”; and “Don't know” for “In the last working week, did you use radio-protective garments (such as lead aprons, gloves, thyroid guards) when administering radiotherapy?”. You may have been exposed to radiation from sources such as X-rays or radioactive materials, classified as a known human carcinogen."
17310,Ionizing radiation,aMXR Medical radiation,EST,high,"Your answers indicate: “Don't know” for “In the last working week, did you use shielding (fixed or mobile) when administering radiotherapy?”; and “No” for “In the last working week, did you use radio-protective garments (such as lead aprons, gloves, thyroid guards) when administering radiotherapy?”. You may have been exposed to radiation from sources such as X-rays or radioactive materials, classified as a known human carcinogen."
17340,Ethyl Benzene,aPAI Painting aJSM,EST,medium,"Your answers indicate: “Oil or solvent-based” for “In the last working week, did you use oil/solvent-based or water-based/non-toxic primer or undercoat?”; and “Don't know” for “In the last working week, did you use a cartridge filter respirator, a powered air-purifying respirator (PAPR) or an air-supplied respirator when applying primers or undercoats with a spray/gun?”; and “Don't know” for “In the last working week, did you spray the primer or undercoat in a spray booth?”. You may have been exposed to a solvent used in some manufacturing, classified as a possible human carcinogen."
17341,Ethyl Benzene,aPAI Painting aJSM,EST,medium,"Your answers indicate: “Oil or solvent-based” for “In the last working week, did you use oil/solvent-based or water-based/non-toxic primer or undercoat?”; and “Don't know” for “In the last working week, did you use a cartridge filter respirator, a powered air-purifying respirator (PAPR) or an air-supplied respirator when applying primers or undercoats with a spray/gun?”; and “No” for “In the last working week, did you spray the primer or undercoat in a spray booth?”. You may have been exposed to a solvent used in some manufacturing, classified as a possible human carcinogen."
17342,Ethyl Benzene,aPAI Painting aJSM,EST,medium,"Your answers indicate: “Oil or solvent-based” for “In the last working week, did you use oil/solvent-based or water-based/non-toxic primer or undercoat?”; and “No” for “In the last working week, did you use a cartridge filter respirator, a powered air-purifying respirator (PAPR) or an air-supplied respirator when applying primers or undercoats with a spray/gun?”; and “Don't know” for “In the last working week, did you spray the primer or undercoat in a spray booth?”. You may have been exposed to a solvent used in some manufacturing, classified as a possible human carcinogen."
17343,Ethyl Benzene,aPAI Painting aJSM,EST,medium,"Your answers indicate: “Oil or solvent-based” for “In the last working week, did you use oil/solvent-based or water-based/non-toxic primer or undercoat?”; and “No” for “In the last working week, did you use a cartridge filter respirator, a powered air-purifying respirator (PAPR) or an air-supplied respirator when applying primers or undercoats with a spray/gun?”; and “No” for “In the last working week, did you spray the primer or undercoat in a spray booth?”. You may have been exposed to a solvent used in some manufacturing, classified as a possible human carcinogen."
17344,Benzene,aPAI Painting aJSM,EST,high,"Your answers indicate: “Oil or solvent-based” for “In the last working week, did you use oil/solvent-based or water-based/non-toxic primer or undercoat?”; and “No” for “In the last working week, did you use a cartridge filter respirator, a powered air-purifying respirator (PAPR) or an air-supplied respirator when applying primers or undercoats with a spray/gun?”; and “No” for “In the last working week, did you spray the primer or undercoat in a spray booth?”. You may have been exposed to a solvent found in fuels and some industrial processes, classified as a known human carcinogen."
17345,Benzene,aPAI Painting aJSM,EST,high,"Your answers indicate: “Oil or solvent-based” for “In the last working week, did you use oil/solvent-based or water-based/non-toxic primer or undercoat?”; and “No” for “In the last working week, did you use a cartridge filter respirator, a powered air-purifying respirator (PAPR) or an air-supplied respirator when applying primers or undercoats with a spray/gun?”; and “Don't know” for “In the last working week, did you spray the primer or undercoat in a spray booth?”. You may have been exposed to a solvent found in fuels and some industrial processes, classified as a known human carcinogen."
17346,Benzene,aPAI Painting aJSM,EST,high,"Your answers indicate: “Oil or solvent-based” for “In the last working week, did you use oil/solvent-based or water-based/non-toxic primer or undercoat?”; and “Don't know” for “In the last working week, did you use a cartridge filter respirator, a powered air-purifying respirator (PAPR) or an air-supplied respirator when applying primers or undercoats with a spray/gun?”; and “No” for “In the last working week, did you spray the primer or undercoat in a spray booth?”. You may have been exposed to a solvent found in fuels and some industrial processes, classified as a known human carcinogen."
17347,Benzene,aPAI Painting aJSM,EST,high,"Your answers indicate: “Oil or solvent-based” for “In the last working week, did you use oil/solvent-based or water-based/non-toxic primer or undercoat?”; and “Don't know” for “In the last working week, did you use a cartridge filter respirator, a powered air-purifying respirator (PAPR) or an air-supplied respirator when applying primers or undercoats with a spray/gun?”; and “Don't know” for “In the last working week, did you spray the primer or undercoat in a spray booth?”. You may have been exposed to a solvent found in fuels and some industrial processes, classified as a known human carcinogen."
17362,Benzene,aPAI Painting aJSM,EST,high,"Your answers indicate: “Yes” for “In the last working week, did you spray/powder coat solvent or oil-based paints?”; and “Don't know” for “In the last working week, did you use a cartridge filter respirator, a powered air-purifying respirator (PAPR) or an air-supplied respirator when painting or applying coats?”; and “Don't know” for “In the last working week, did you spray/powder coat in a spray booth?”. You may have been exposed to a solvent found in fuels and some industrial processes, classified as a known human carcinogen."
17363,Benzene,aPAI Painting aJSM,EST,high,"Your answers indicate: “Yes” for “In the last working week, did you spray/powder coat solvent or oil-based paints?”; and “Don't know” for “In the last working week, did you use a cartridge filter respirator, a powered air-purifying respirator (PAPR) or an air-supplied respirator when painting or applying coats?”; and “No” for “In the last working week, did you spray/powder coat in a spray booth?”. You may have been exposed to a solvent found in fuels and some industrial processes, classified as a known human carcinogen."
17364,Benzene,aPAI Painting aJSM,EST,high,"Your answers indicate: “Yes” for “In the last working week, did you spray/powder coat solvent or oil-based paints?”; and “No” for “In the last working week, did you use a cartridge filter respirator, a powered air-purifying respirator (PAPR) or an air-supplied respirator when painting or applying coats?”; and “Don't know” for “In the last working week, did you spray/powder coat in a spray booth?”. You may have been exposed to a solvent found in fuels and some industrial processes, classified as a known human carcinogen."
17365,Benzene,aPAI Painting aJSM,EST,high,"Your answers indicate: “Yes” for “In the last working week, did you spray/powder coat solvent or oil-based paints?”; and “No” for “In the last working week, did you use a cartridge filter respirator, a powered air-purifying respirator (PAPR) or an air-supplied respirator when painting or applying coats?”; and “No” for “In the last working week, did you spray/powder coat in a spray booth?”. You may have been exposed to a solvent found in fuels and some industrial processes, classified as a known human carcinogen."
17371,Ethyl Benzene,aPAI Painting aJSM,EST,medium,"Your answers indicate: “Yes” for “In the last working week, did you spray/powder coat solvent or oil-based paints?”; and “Don't know” for “In the last working week, did you use a cartridge filter respirator, a powered air-purifying respirator (PAPR) or an air-supplied respirator when painting or applying coats?”; and “Don't know” for “In the last working week, did you spray/powder coat in a spray booth?”. You may have been exposed to a solvent used in some manufacturing, classified as a possible human carcinogen."
17372,Ethyl Benzene,aPAI Painting aJSM,EST,medium,"Your answers indicate: “Yes” for “In the last working week, did you spray/powder coat solvent or oil-based paints?”; and “Don't know” for “In the last working week, did you use a cartridge filter respirator, a powered air-purifying respirator (PAPR) or an air-supplied respirator when painting or applying coats?”; and “No” for “In the last working week, did you spray/powder coat in a spray booth?”. You may have been exposed to a solvent used in some manufacturing, classified as a possible human carcinogen."
17373,Ethyl Benzene,aPAI Painting aJSM,EST,medium,"Your answers indicate: “Yes” for “In the last working week, did you spray/powder coat solvent or oil-based paints?”; and “No” for “In the last working week, did you use a cartridge filter respirator, a powered air-purifying respirator (PAPR) or an air-supplied respirator when painting or applying coats?”; and “Don't know” for “In the last working week, did you spray/powder coat in a spray booth?”. You may have been exposed to a solvent used in some manufacturing, classified as a possible human carcinogen."
17374,Ethyl Benzene,aPAI Painting aJSM,EST,medium,"Your answers indicate: “Yes” for “In the last working week, did you spray/powder coat solvent or oil-based paints?”; and “No” for “In the last working week, did you use a cartridge filter respirator, a powered air-purifying respirator (PAPR) or an air-supplied respirator when painting or applying coats?”; and “No” for “In the last working week, did you spray/powder coat in a spray booth?”. You may have been exposed to a solvent used in some manufacturing, classified as a possible human carcinogen."
17389,Chromium VI,aPAI Painting aJSM,EST,high,"Your answers indicate: “Zinc chromate or other chromate primers” for “In the last working week, did you use chromate primers or red lead?”; and “Don't know” for “In the last working week, did you spray the primer or undercoat in a spray booth?”; and “No” for “In the last working week, did you use a cartridge filter respirator, a powered air-purifying respirator (PAPR) or an air-supplied respirator when applying primers or undercoats with a spray/gun?”. You may have been exposed to a form of chromium used in some manufacturing such as plating or welding, classified as a known human carcinogen."
17390,Chromium VI,aPAI Painting aJSM,EST,high,"Your answers indicate: “Zinc chromate or other chromate primers” for “In the last working week, did you use chromate primers or red lead?”; and “Don't know” for “In the last working week, did you use a cartridge filter respirator, a powered air-purifying respirator (PAPR) or an air-supplied respirator when applying primers or undercoats with a spray/gun?”; and “Don't know” for “In the last working week, did you spray the primer or undercoat in a spray booth?”. You may have been exposed to a form of chromium used in some manufacturing such as plating or welding, classified as a known human carcinogen."
17401,Lead,aPAI Painting aJSM,EST,high,"Your answers indicate: “Red lead” for “In the last working week, did you use chromate primers or red lead?”; and “No” for “In the last working week, did you use a cartridge filter respirator, a powered air-purifying respirator (PAPR) or an air-supplied respirator when applying primers or undercoats with a spray/gun?”; and “Don't know” for “In the last working week, did you spray the primer or undercoat in a spray booth?”. You may have been exposed to a metal used in some manufacturing, a recognised cause of serious effects on the nervous system, kidneys and reproductive health."
17402,Wood Dust,aSAN Sanding aJSM,EST,high,"Your answers indicate: “Chipboard, MDF, plywood, or pressed wood” for “In the last working week, did you sand any of the following items?”; and “A power sander or polisher” for “In the last working week, which of the following did you use to sand or polish the items?”; and “Don't know” for “Was there a ventilation system that removed dust or fume from where you worked in the last working week (local exhaust ventilation or on-tool extraction)?”; and “Don't know” for “In the last working week, did you use respiratory protection while sanding or polishing items?”. You may have been exposed to dust from wood processing, classified as a known human carcinogen, particularly from hardwoods."
17407,Wood Dust,aSAN Sanding aJSM,EST,high,"Your answers indicate: “Wood” for “In the last working week, did you sand any of the following items?”; and “A power sander or polisher” for “In the last working week, which of the following did you use to sand or polish the items?”; and “Don't know” for “Was there a ventilation system that removed dust or fume from where you worked in the last working week (local exhaust ventilation or on-tool extraction)?”; and “No” for “In the last working week, did you use respiratory protection while sanding or polishing items?”. You may have been exposed to dust from wood processing, classified as a known human carcinogen, particularly from hardwoods."
17429,Cadmium,FOUN_Foundry,EST,high,"Your answers indicate: “Brass or Bronze” for “In the last working week, what types of metals were cast at your workplace?”; and “No” for “Was this casting station inside a ventilated booth?”. You may have been exposed to a metal used in some manufacturing such as batteries or coatings, classified as a known human carcinogen."
17430,Cadmium,FOUN_Foundry,EST,high,"Your answers indicate: “Brass or Bronze” for “In the last working week, what types of metals were cast at your workplace?”; and “Don't know” for “Was this casting station inside a ventilated booth?”. You may have been exposed to a metal used in some manufacturing such as batteries or coatings, classified as a known human carcinogen."
17432,Cadmium,FOUN_Foundry,EST,high,"Your answers indicate: “Brass or Bronze” for “In the last working week, what types of metals were cast at your workplace?”; and “Pneumatic tools” for “How did you clean the excess metal from the castings?”. You may have been exposed to a metal used in some manufacturing such as batteries or coatings, classified as a known human carcinogen."
17434,Chromium VI,FOUN_Foundry,EST,high,"Your answers indicate: “Stainless steel” for “Which of the following types of iron or steel were cast at your workplace?”; and “No” for “Was this casting station inside a ventilated booth?”. You may have been exposed to a form of chromium used in some manufacturing such as plating or welding, classified as a known human carcinogen."
17435,Chromium VI,FOUN_Foundry,EST,high,"Your answers indicate: “Stainless steel” for “Which of the following types of iron or steel were cast at your workplace?”; and “Don't know” for “Was this casting station inside a ventilated booth?”. You may have been exposed to a form of chromium used in some manufacturing such as plating or welding, classified as a known human carcinogen."
17437,Chromium VI,FOUN_Foundry,EST,high,"Your answers indicate: “Chromium-plated steel” for “Which of the following types of iron or steel were cast at your workplace?”; and “No” for “Was this casting station inside a ventilated booth?”. You may have been exposed to a form of chromium used in some manufacturing such as plating or welding, classified as a known human carcinogen."
17438,Chromium VI,FOUN_Foundry,EST,high,"Your answers indicate: “Chromium-plated steel” for “Which of the following types of iron or steel were cast at your workplace?”; and “Don't know” for “Was this casting station inside a ventilated booth?”. You may have been exposed to a form of chromium used in some manufacturing such as plating or welding, classified as a known human carcinogen."
17440,Chromium VI,FOUN_Foundry,EST,high,"Your answers indicate: “Stainless steel” for “Which of the following types of iron or steel were cast at your workplace?”; and “Pneumatic tools” for “How did you clean the excess metal from the castings?”. You may have been exposed to a form of chromium used in some manufacturing such as plating or welding, classified as a known human carcinogen."
17442,Chromium VI,FOUN_Foundry,EST,high,"Your answers indicate: “Chromium-plated steel” for “Which of the following types of iron or steel were cast at your workplace?”; and “Pneumatic tools” for “How did you clean the excess metal from the castings?”. You may have been exposed to a form of chromium used in some manufacturing such as plating or welding, classified as a known human carcinogen."
17444,Lead,FOUN_Foundry,EST,high,"Your answers indicate: “Brass or Bronze” for “In the last working week, what types of metals were cast at your workplace?”; and “No” for “Was this casting station inside a ventilated booth?”. You may have been exposed to a metal used in some manufacturing, a recognised cause of serious effects on the nervous system, kidneys and reproductive health."
17445,Lead,FOUN_Foundry,EST,high,"Your answers indicate: “Brass or Bronze” for “In the last working week, what types of metals were cast at your workplace?”; and “Don't know” for “Was this casting station inside a ventilated booth?”. You may have been exposed to a metal used in some manufacturing, a recognised cause of serious effects on the nervous system, kidneys and reproductive health."
17448,Lead,FOUN_Foundry,EST,high,"Your answers indicate: “Brass or Bronze” for “In the last working week, what types of metals were cast at your workplace?”; and “Pneumatic tools” for “How did you clean the excess metal from the castings?”. You may have been exposed to a metal used in some manufacturing, a recognised cause of serious effects on the nervous system, kidneys and reproductive health."
17456,Lead,FOUN_Foundry,EST,high,"Your answers indicate: “Lead or lead alloys” for “In the last working week, what types of metals were cast at your workplace?”; and “No” for “Was this casting station inside a ventilated booth?”. You may have been exposed to a metal used in some manufacturing, a recognised cause of serious effects on the nervous system, kidneys and reproductive health."
17457,Lead,FOUN_Foundry,EST,high,"Your answers indicate: “Lead or lead alloys” for “In the last working week, what types of metals were cast at your workplace?”; and “Don't know” for “Was this casting station inside a ventilated booth?”. You may have been exposed to a metal used in some manufacturing, a recognised cause of serious effects on the nervous system, kidneys and reproductive health."
17459,Lead,FOUN_Foundry,EST,high,"Your answers indicate: “Lead or lead alloys” for “In the last working week, what types of metals were cast at your workplace?”; and “Pneumatic tools” for “How did you clean the excess metal from the castings?”. You may have been exposed to a metal used in some manufacturing, a recognised cause of serious effects on the nervous system, kidneys and reproductive health."
17461,Lead,FOUN_Foundry,EST,high,"Your answers indicate: “Lead-plated or leaded steel” for “Which of the following types of iron or steel were cast at your workplace?”; and “No” for “Was this casting station inside a ventilated booth?”. You may have been exposed to a metal used in some manufacturing, a recognised cause of serious effects on the nervous system, kidneys and reproductive health."
17462,Lead,FOUN_Foundry,EST,high,"Your answers indicate: “Lead-plated or leaded steel” for “Which of the following types of iron or steel were cast at your workplace?”; and “Don't know” for “Was this casting station inside a ventilated booth?”. You may have been exposed to a metal used in some manufacturing, a recognised cause of serious effects on the nervous system, kidneys and reproductive health."
17464,Lead,FOUN_Foundry,EST,high,"Your answers indicate: “Lead-plated or leaded steel” for “Which of the following types of iron or steel were cast at your workplace?”; and “Pneumatic tools” for “How did you clean the excess metal from the castings?”. You may have been exposed to a metal used in some manufacturing, a recognised cause of serious effects on the nervous system, kidneys and reproductive health."
17499,Ethylene oxide,aSTE Sterilising aJSM,EST,high,"Your answers indicate: “Ethylene oxide gas” for “Which of the following chemicals did you use?”; and “In a solution” for “Which sterilisation method did you use?”. You may have been exposed to a gas used in sterilisation and some manufacturing, classified as a known human carcinogen."
17544,Chromium VI,MFAC_Metal Finishing & Coating,EST,high,"Your answers indicate: “Chromium” for “Which of the following metals, alloys or their related compounds did you use for thermal spray coating?”; and “No” for “In the last working week, did you use an exhaust hood or local exhaust ventilation when applying the metal thermal spray coatings?”; and “No” for “In the last working week, did you use respiratory protection when applying the metal thermal spray coatings?”. You may have been exposed to a form of chromium used in some manufacturing such as plating or welding, classified as a known human carcinogen."
17545,Chromium VI,MFAC_Metal Finishing & Coating,EST,high,"Your answers indicate: “Chromium” for “Which of the following metals, alloys or their related compounds did you use for thermal spray coating?”; and “Don't know” for “In the last working week, did you use an exhaust hood or local exhaust ventilation when applying the metal thermal spray coatings?”; and “Don't know” for “In the last working week, did you use respiratory protection when applying the metal thermal spray coatings?”. You may have been exposed to a form of chromium used in some manufacturing such as plating or welding, classified as a known human carcinogen."
17550,Chromium VI,MFAC_Metal Finishing & Coating,EST,high,"Your answers indicate: “Stainless steel” for “Which of the following metals, alloys or their related compounds did you use for thermal spray coating?”; and “No” for “In the last working week, did you use an exhaust hood or local exhaust ventilation when applying the metal thermal spray coatings?”; and “No” for “In the last working week, did you use respiratory protection when applying the metal thermal spray coatings?”. You may have been exposed to a form of chromium used in some manufacturing such as plating or welding, classified as a known human carcinogen."
17551,Chromium VI,MFAC_Metal Finishing & Coating,EST,high,"Your answers indicate: “Stainless steel” for “Which of the following metals, alloys or their related compounds did you use for thermal spray coating?”; and “Don't know” for “In the last working week, did you use an exhaust hood or local exhaust ventilation when applying the metal thermal spray coatings?”; and “Don't know” for “In the last working week, did you use respiratory protection when applying the metal thermal spray coatings?”. You may have been exposed to a form of chromium used in some manufacturing such as plating or welding, classified as a known human carcinogen."
17556,Chromium VI,MFAC_Metal Finishing & Coating,EST,high,"Your answers indicate: “Chromium carbide” for “Which of the following metals, alloys or their related compounds did you use for thermal spray coating?”; and “No” for “In the last working week, did you use an exhaust hood or local exhaust ventilation when applying the metal thermal spray coatings?”; and “No” for “In the last working week, did you use respiratory protection when applying the metal thermal spray coatings?”. You may have been exposed to a form of chromium used in some manufacturing such as plating or welding, classified as a known human carcinogen."
17557,Chromium VI,MFAC_Metal Finishing & Coating,EST,high,"Your answers indicate: “Chromium carbide” for “Which of the following metals, alloys or their related compounds did you use for thermal spray coating?”; and “Don't know” for “In the last working week, did you use an exhaust hood or local exhaust ventilation when applying the metal thermal spray coatings?”; and “Don't know” for “In the last working week, did you use respiratory protection when applying the metal thermal spray coatings?”. You may have been exposed to a form of chromium used in some manufacturing such as plating or welding, classified as a known human carcinogen."
17562,Chromium VI,MFAC_Metal Finishing & Coating,EST,high,"Your answers indicate: “Nichrome” for “Which of the following metals, alloys or their related compounds did you use for thermal spray coating?”; and “No” for “In the last working week, did you use an exhaust hood or local exhaust ventilation when applying the metal thermal spray coatings?”; and “No” for “In the last working week, did you use respiratory protection when applying the metal thermal spray coatings?”. You may have been exposed to a form of chromium used in some manufacturing such as plating or welding, classified as a known human carcinogen."
17563,Chromium VI,MFAC_Metal Finishing & Coating,EST,high,"Your answers indicate: “Nichrome” for “Which of the following metals, alloys or their related compounds did you use for thermal spray coating?”; and “Don't know” for “In the last working week, did you use an exhaust hood or local exhaust ventilation when applying the metal thermal spray coatings?”; and “Don't know” for “In the last working week, did you use respiratory protection when applying the metal thermal spray coatings?”. You may have been exposed to a form of chromium used in some manufacturing such as plating or welding, classified as a known human carcinogen."
17581,Chromium VI,MFAC_Metal Finishing & Coating,EST,high,"Your answers indicate: “Yes” for “In the last working week, did you do hard chromium plating?”. You may have been exposed to a form of chromium used in some manufacturing such as plating or welding, classified as a known human carcinogen."
17591,Lead,aSTP Stripping Paint aJSM,EST,high,"Your answers indicate: “Yes” for “In the last working week, did you strip lead-based paint?”; and “Don't know” for “Which of the following measures did you use while sanding, blasting or grinding?”; and “Don't know” for “In the last working week, did you use respiratory protection while stripping paint?”. You may have been exposed to a metal used in some manufacturing, a recognised cause of serious effects on the nervous system, kidneys and reproductive health."
17592,Lead,aSTP Stripping Paint aJSM,EST,high,"Your answers indicate: “Yes” for “In the last working week, did you strip lead-based paint?”; and “Don't know” for “Which of the following measures did you use while sanding, blasting or grinding?”; and “No” for “In the last working week, did you use respiratory protection while stripping paint?”. You may have been exposed to a metal used in some manufacturing, a recognised cause of serious effects on the nervous system, kidneys and reproductive health."
17594,Lead,aSTP Stripping Paint aJSM,EST,high,"Your answers indicate: “Yes” for “In the last working week, did you strip lead-based paint?”; and “None of these” for “Which of the following measures did you use while sanding, blasting or grinding?”; and “Don't know” for “In the last working week, did you use respiratory protection while stripping paint?”. You may have been exposed to a metal used in some manufacturing, a recognised cause of serious effects on the nervous system, kidneys and reproductive health."
17595,Lead,aSTP Stripping Paint aJSM,EST,high,"Your answers indicate: “Yes” for “In the last working week, did you strip lead-based paint?”; and “None of these” for “Which of the following measures did you use while sanding, blasting or grinding?”; and “No” for “In the last working week, did you use respiratory protection while stripping paint?”. You may have been exposed to a metal used in some manufacturing, a recognised cause of serious effects on the nervous system, kidneys and reproductive health."
17598,Lead,aSTP Stripping Paint aJSM,EST,high,"Your answers indicate: “Yes” for “In the last working week, did you strip old paint which was likely to have been applied before 2001?”; and “None of these” for “Which of the following measures did you use while sanding, blasting or grinding?”; and “Don't know” for “In the last working week, did you use respiratory protection while stripping paint?”. You may have been exposed to a metal used in some manufacturing, a recognised cause of serious effects on the nervous system, kidneys and reproductive health."
17600,Lead,aSTP Stripping Paint aJSM,EST,high,"Your answers indicate: “Yes” for “In the last working week, did you strip old paint which was likely to have been applied before 2001?”; and “Don't know” for “Which of the following measures did you use while sanding, blasting or grinding?”; and “No” for “In the last working week, did you use respiratory protection while stripping paint?”. You may have been exposed to a metal used in some manufacturing, a recognised cause of serious effects on the nervous system, kidneys and reproductive health."
17601,Lead,aSTP Stripping Paint aJSM,EST,high,"Your answers indicate: “Yes” for “In the last working week, did you strip old paint which was likely to have been applied before 2001?”; and “Don't know” for “Which of the following measures did you use while sanding, blasting or grinding?”; and “Don't know” for “In the last working week, did you use respiratory protection while stripping paint?”. You may have been exposed to a metal used in some manufacturing, a recognised cause of serious effects on the nervous system, kidneys and reproductive health."
17603,Lead,aSTP Stripping Paint aJSM,EST,high,"Your answers indicate: “Yes” for “In the last working week, did you strip old paint which was likely to have been applied before 2001?”; and “None of these” for “Which of the following measures did you use while sanding, blasting or grinding?”; and “No” for “In the last working week, did you use respiratory protection while stripping paint?”. You may have been exposed to a metal used in some manufacturing, a recognised cause of serious effects on the nervous system, kidneys and reproductive health."
17649,Ocular UV EU,aWEL Welding aJSM,EST,high,"Your answers indicate: “Don't know” for “In the last working week, did you wear welding goggles, a welding helmet that includes goggles, or a welding shield when welding, brazing or cutting?”. You may have been exposed to ultraviolet light exposure to the eyes, a recognised cause of eye damage including cataracts."
17655,Artificial UV,aWEL Welding aJSM,EST,high,"Your answers indicate: “Don't know” for “In the last working week, did you wear clothing that completely covered your skin whilst welding (i.e., long pants, long shirt, overalls, gloves etc.)?”; and “More than 6 others” for “How many other welders were there in the area where you worked?”. You may have been exposed to ultraviolet light from artificial sources such as welding or UV lamps, a recognised cause of skin and eye damage including cancer with cumulative exposure."
17658,Ocular UV EU,aWEL Welding aJSM,EST,high,"Your answers indicate: “More than 6 others” for “How many other welders were there in the area where you worked?”. You may have been exposed to ultraviolet light exposure to the eyes, a recognised cause of eye damage including cataracts."
17703,Styrene,aMAC Machining Parts aJSM,EST,medium,"Your answers indicate: “Acrylonitrile butadiene styrene (ABS)” for “What types of plastics or synthetic resins did you mould?”; and “Don't know” for “In the last working week, was there a ventilation system operating on the machines that you used to mould or machine plastic or synthetic resin parts (local exhaust ventilation or on-tool extraction)?”. You may have been exposed to a chemical used in plastics and resin manufacturing, classified as a possible human carcinogen."
17704,Styrene,aMAC Machining Parts aJSM,EST,medium,"Your answers indicate: “Yes” for “Did you mould styrene or polystyrene?”; and “Don't know” for “In the last working week, was there a ventilation system operating on the machines that you used to mould or machine plastic or synthetic resin parts (local exhaust ventilation or on-tool extraction)?”. You may have been exposed to a chemical used in plastics and resin manufacturing, classified as a possible human carcinogen."
17718,Chromium VI,aWEL Welding aJSM,EST,high,"Your answers indicate: “Hard metal alloys (e.g., Tungsten carbide or Stellite)” for “What metals did you weld, cut, or braze?”; and “Brazing” for “What types of welding, cutting, or brazing did you do?”; and “Yes” for “In the last working week, did you mostly weld in confined spaces?”. You may have been exposed to a form of chromium used in some manufacturing such as plating or welding, classified as a known human carcinogen."
17719,Chromium VI,aWEL Welding aJSM,EST,high,"Your answers indicate: “Hard metal alloys (e.g., Tungsten carbide or Stellite)” for “What metals did you weld, cut, or braze?”; and “Brazing” for “What types of welding, cutting, or brazing did you do?”; and “Don't know” for “In the last working week, did you use a welding booth, exhaust hood or use local exhaust ventilation when welding, brazing or cutting?”. You may have been exposed to a form of chromium used in some manufacturing such as plating or welding, classified as a known human carcinogen."
17720,Chromium VI,aWEL Welding aJSM,EST,high,"Your answers indicate: “Hard metal alloys (e.g., Tungsten carbide or Stellite)” for “What metals did you weld, cut, or braze?”; and “Brazing” for “What types of welding, cutting, or brazing did you do?”; and “No” for “In the last working week, did you use a welding booth, exhaust hood or use local exhaust ventilation when welding, brazing or cutting?”. You may have been exposed to a form of chromium used in some manufacturing such as plating or welding, classified as a known human carcinogen."
17721,Chromium VI,aWEL Welding aJSM,EST,high,"Your answers indicate: “Hard metal alloys (e.g., Tungsten carbide or Stellite)” for “What metals did you weld, cut, or braze?”; and “Oxyacetylene” for “What types of welding, cutting, or brazing did you do?”; and “Yes” for “In the last working week, did you mostly weld in confined spaces?”. You may have been exposed to a form of chromium used in some manufacturing such as plating or welding, classified as a known human carcinogen."
17722,Chromium VI,aWEL Welding aJSM,EST,high,"Your answers indicate: “Hard metal alloys (e.g., Tungsten carbide or Stellite)” for “What metals did you weld, cut, or braze?”; and “Oxyacetylene” for “What types of welding, cutting, or brazing did you do?”; and “Don't know” for “In the last working week, did you use a welding booth, exhaust hood or use local exhaust ventilation when welding, brazing or cutting?”. You may have been exposed to a form of chromium used in some manufacturing such as plating or welding, classified as a known human carcinogen."
17723,Chromium VI,aWEL Welding aJSM,EST,high,"Your answers indicate: “Hard metal alloys (e.g., Tungsten carbide or Stellite)” for “What metals did you weld, cut, or braze?”; and “Oxyacetylene” for “What types of welding, cutting, or brazing did you do?”; and “No” for “In the last working week, did you use a welding booth, exhaust hood or use local exhaust ventilation when welding, brazing or cutting?”. You may have been exposed to a form of chromium used in some manufacturing such as plating or welding, classified as a known human carcinogen."
17724,Chromium VI,aWEL Welding aJSM,EST,high,"Your answers indicate: “Hard metal alloys (e.g., Tungsten carbide or Stellite)” for “What metals did you weld, cut, or braze?”; and “Shielded metal arc, stick or manual arc, flux core” for “What types of welding, cutting, or brazing did you do?”; and “No” for “In the last working week, did you use a welding booth, exhaust hood or use local exhaust ventilation when welding, brazing or cutting?”. You may have been exposed to a form of chromium used in some manufacturing such as plating or welding, classified as a known human carcinogen."
17725,Chromium VI,aWEL Welding aJSM,EST,high,"Your answers indicate: “Hard metal alloys (e.g., Tungsten carbide or Stellite)” for “What metals did you weld, cut, or braze?”; and “Shielded metal arc, stick or manual arc, flux core” for “What types of welding, cutting, or brazing did you do?”; and “Don't know” for “In the last working week, did you use a welding booth, exhaust hood or use local exhaust ventilation when welding, brazing or cutting?”. You may have been exposed to a form of chromium used in some manufacturing such as plating or welding, classified as a known human carcinogen."
17726,Chromium VI,aWEL Welding aJSM,EST,high,"Your answers indicate: “Hard metal alloys (e.g., Tungsten carbide or Stellite)” for “What metals did you weld, cut, or braze?”; and “Shielded metal arc, stick or manual arc, flux core” for “What types of welding, cutting, or brazing did you do?”; and “Yes” for “In the last working week, did you mostly weld in confined spaces?”. You may have been exposed to a form of chromium used in some manufacturing such as plating or welding, classified as a known human carcinogen."
17733,Chromium VI,aWEL Welding aJSM,EST,high,"Your answers indicate: “Stainless steel” for “In the last working week, did you weld any of the following types of iron or steel?”; and “Brazing” for “What types of welding, cutting, or brazing did you do?”; and “No” for “In the last working week, did you use a welding booth, exhaust hood or use local exhaust ventilation when welding, brazing or cutting?”. You may have been exposed to a form of chromium used in some manufacturing such as plating or welding, classified as a known human carcinogen."
17734,Chromium VI,aWEL Welding aJSM,EST,high,"Your answers indicate: “Stainless steel” for “In the last working week, did you weld any of the following types of iron or steel?”; and “Brazing” for “What types of welding, cutting, or brazing did you do?”; and “Don't know” for “In the last working week, did you use a welding booth, exhaust hood or use local exhaust ventilation when welding, brazing or cutting?”. You may have been exposed to a form of chromium used in some manufacturing such as plating or welding, classified as a known human carcinogen."
17735,Chromium VI,aWEL Welding aJSM,EST,high,"Your answers indicate: “Stainless steel” for “In the last working week, did you weld any of the following types of iron or steel?”; and “Brazing” for “What types of welding, cutting, or brazing did you do?”; and “Yes” for “In the last working week, did you mostly weld in confined spaces?”. You may have been exposed to a form of chromium used in some manufacturing such as plating or welding, classified as a known human carcinogen."
17736,Chromium VI,aWEL Welding aJSM,EST,high,"Your answers indicate: “Stainless steel” for “In the last working week, did you weld any of the following types of iron or steel?”; and “Oxyacetylene” for “What types of welding, cutting, or brazing did you do?”; and “No” for “In the last working week, did you use a welding booth, exhaust hood or use local exhaust ventilation when welding, brazing or cutting?”. You may have been exposed to a form of chromium used in some manufacturing such as plating or welding, classified as a known human carcinogen."
17737,Chromium VI,aWEL Welding aJSM,EST,high,"Your answers indicate: “Stainless steel” for “In the last working week, did you weld any of the following types of iron or steel?”; and “Oxyacetylene” for “What types of welding, cutting, or brazing did you do?”; and “Yes” for “In the last working week, did you mostly weld in confined spaces?”. You may have been exposed to a form of chromium used in some manufacturing such as plating or welding, classified as a known human carcinogen."
17738,Chromium VI,aWEL Welding aJSM,EST,high,"Your answers indicate: “Stainless steel” for “In the last working week, did you weld any of the following types of iron or steel?”; and “Oxyacetylene” for “What types of welding, cutting, or brazing did you do?”; and “Don't know” for “In the last working week, did you use a welding booth, exhaust hood or use local exhaust ventilation when welding, brazing or cutting?”. You may have been exposed to a form of chromium used in some manufacturing such as plating or welding, classified as a known human carcinogen."
17739,Chromium VI,aWEL Welding aJSM,EST,high,"Your answers indicate: “Stainless steel” for “In the last working week, did you weld any of the following types of iron or steel?”; and “Shielded metal arc, stick or manual arc, flux core” for “What types of welding, cutting, or brazing did you do?”; and “No” for “In the last working week, did you use a welding booth, exhaust hood or use local exhaust ventilation when welding, brazing or cutting?”. You may have been exposed to a form of chromium used in some manufacturing such as plating or welding, classified as a known human carcinogen."
17740,Chromium VI,aWEL Welding aJSM,EST,high,"Your answers indicate: “Stainless steel” for “In the last working week, did you weld any of the following types of iron or steel?”; and “Shielded metal arc, stick or manual arc, flux core” for “What types of welding, cutting, or brazing did you do?”; and “Don't know” for “In the last working week, did you use a welding booth, exhaust hood or use local exhaust ventilation when welding, brazing or cutting?”. You may have been exposed to a form of chromium used in some manufacturing such as plating or welding, classified as a known human carcinogen."
17741,Chromium VI,aWEL Welding aJSM,EST,high,"Your answers indicate: “Stainless steel” for “In the last working week, did you weld any of the following types of iron or steel?”; and “Shielded metal arc, stick or manual arc, flux core” for “What types of welding, cutting, or brazing did you do?”; and “Yes” for “In the last working week, did you mostly weld in confined spaces?”. You may have been exposed to a form of chromium used in some manufacturing such as plating or welding, classified as a known human carcinogen."
17746,Chromium VI,aWEL Welding aJSM,EST,high,"Your answers indicate: “Chromium-plated steel” for “In the last working week, did you weld any of the following types of iron or steel?”; and “Brazing” for “What types of welding, cutting, or brazing did you do?”; and “Yes” for “In the last working week, did you mostly weld in confined spaces?”. You may have been exposed to a form of chromium used in some manufacturing such as plating or welding, classified as a known human carcinogen."
17747,Chromium VI,aWEL Welding aJSM,EST,high,"Your answers indicate: “Chromium-plated steel” for “In the last working week, did you weld any of the following types of iron or steel?”; and “Brazing” for “What types of welding, cutting, or brazing did you do?”; and “Don't know” for “In the last working week, did you use a welding booth, exhaust hood or use local exhaust ventilation when welding, brazing or cutting?”. You may have been exposed to a form of chromium used in some manufacturing such as plating or welding, classified as a known human carcinogen."
17748,Chromium VI,aWEL Welding aJSM,EST,high,"Your answers indicate: “Chromium-plated steel” for “In the last working week, did you weld any of the following types of iron or steel?”; and “Brazing” for “What types of welding, cutting, or brazing did you do?”; and “No” for “In the last working week, did you use a welding booth, exhaust hood or use local exhaust ventilation when welding, brazing or cutting?”. You may have been exposed to a form of chromium used in some manufacturing such as plating or welding, classified as a known human carcinogen."
17749,Chromium VI,aWEL Welding aJSM,EST,high,"Your answers indicate: “Chromium-plated steel” for “In the last working week, did you weld any of the following types of iron or steel?”; and “Oxyacetylene” for “What types of welding, cutting, or brazing did you do?”; and “Yes” for “In the last working week, did you mostly weld in confined spaces?”. You may have been exposed to a form of chromium used in some manufacturing such as plating or welding, classified as a known human carcinogen."
17750,Chromium VI,aWEL Welding aJSM,EST,high,"Your answers indicate: “Chromium-plated steel” for “In the last working week, did you weld any of the following types of iron or steel?”; and “Oxyacetylene” for “What types of welding, cutting, or brazing did you do?”; and “Don't know” for “In the last working week, did you use a welding booth, exhaust hood or use local exhaust ventilation when welding, brazing or cutting?”. You may have been exposed to a form of chromium used in some manufacturing such as plating or welding, classified as a known human carcinogen."
17751,Chromium VI,aWEL Welding aJSM,EST,high,"Your answers indicate: “Chromium-plated steel” for “In the last working week, did you weld any of the following types of iron or steel?”; and “Oxyacetylene” for “What types of welding, cutting, or brazing did you do?”; and “No” for “In the last working week, did you use a welding booth, exhaust hood or use local exhaust ventilation when welding, brazing or cutting?”. You may have been exposed to a form of chromium used in some manufacturing such as plating or welding, classified as a known human carcinogen."
17752,Chromium VI,aWEL Welding aJSM,EST,high,"Your answers indicate: “Chromium-plated steel” for “In the last working week, did you weld any of the following types of iron or steel?”; and “Shielded metal arc, stick or manual arc, flux core” for “What types of welding, cutting, or brazing did you do?”; and “Yes” for “In the last working week, did you mostly weld in confined spaces?”. You may have been exposed to a form of chromium used in some manufacturing such as plating or welding, classified as a known human carcinogen."
17753,Chromium VI,aWEL Welding aJSM,EST,high,"Your answers indicate: “Chromium-plated steel” for “In the last working week, did you weld any of the following types of iron or steel?”; and “Shielded metal arc, stick or manual arc, flux core” for “What types of welding, cutting, or brazing did you do?”; and “Don't know” for “In the last working week, did you use a welding booth, exhaust hood or use local exhaust ventilation when welding, brazing or cutting?”. You may have been exposed to a form of chromium used in some manufacturing such as plating or welding, classified as a known human carcinogen."
17754,Chromium VI,aWEL Welding aJSM,EST,high,"Your answers indicate: “Chromium-plated steel” for “In the last working week, did you weld any of the following types of iron or steel?”; and “Shielded metal arc, stick or manual arc, flux core” for “What types of welding, cutting, or brazing did you do?”; and “No” for “In the last working week, did you use a welding booth, exhaust hood or use local exhaust ventilation when welding, brazing or cutting?”. You may have been exposed to a form of chromium used in some manufacturing such as plating or welding, classified as a known human carcinogen."
17757,Chromium VI,aWEL Welding aJSM,EST,high,"Your answers indicate: “Mild, ordinary, or construction steel” for “In the last working week, did you weld any of the following types of iron or steel?”; and “Brazing” for “What types of welding, cutting, or brazing did you do?”; and “No” for “In the last working week, did you use a welding booth, exhaust hood or use local exhaust ventilation when welding, brazing or cutting?”. You may have been exposed to a form of chromium used in some manufacturing such as plating or welding, classified as a known human carcinogen."
17758,Chromium VI,aWEL Welding aJSM,EST,high,"Your answers indicate: “Mild, ordinary, or construction steel” for “In the last working week, did you weld any of the following types of iron or steel?”; and “Shielded metal arc, stick or manual arc, flux core” for “What types of welding, cutting, or brazing did you do?”; and “Yes” for “In the last working week, did you mostly weld in confined spaces?”. You may have been exposed to a form of chromium used in some manufacturing such as plating or welding, classified as a known human carcinogen."
17759,Chromium VI,aWEL Welding aJSM,EST,high,"Your answers indicate: “Mild, ordinary, or construction steel” for “In the last working week, did you weld any of the following types of iron or steel?”; and “Shielded metal arc, stick or manual arc, flux core” for “What types of welding, cutting, or brazing did you do?”; and “Don't know” for “In the last working week, did you use a welding booth, exhaust hood or use local exhaust ventilation when welding, brazing or cutting?”. You may have been exposed to a form of chromium used in some manufacturing such as plating or welding, classified as a known human carcinogen."
17760,Chromium VI,aWEL Welding aJSM,EST,high,"Your answers indicate: “Mild, ordinary, or construction steel” for “In the last working week, did you weld any of the following types of iron or steel?”; and “Shielded metal arc, stick or manual arc, flux core” for “What types of welding, cutting, or brazing did you do?”; and “No” for “In the last working week, did you use a welding booth, exhaust hood or use local exhaust ventilation when welding, brazing or cutting?”. You may have been exposed to a form of chromium used in some manufacturing such as plating or welding, classified as a known human carcinogen."
17761,Chromium VI,aWEL Welding aJSM,EST,high,"Your answers indicate: “Mild, ordinary, or construction steel” for “In the last working week, did you weld any of the following types of iron or steel?”; and “Oxyacetylene” for “What types of welding, cutting, or brazing did you do?”; and “Don't know” for “In the last working week, did you use a welding booth, exhaust hood or use local exhaust ventilation when welding, brazing or cutting?”. You may have been exposed to a form of chromium used in some manufacturing such as plating or welding, classified as a known human carcinogen."
17762,Chromium VI,aWEL Welding aJSM,EST,high,"Your answers indicate: “Mild, ordinary, or construction steel” for “In the last working week, did you weld any of the following types of iron or steel?”; and “Oxyacetylene” for “What types of welding, cutting, or brazing did you do?”; and “Yes” for “In the last working week, did you mostly weld in confined spaces?”. You may have been exposed to a form of chromium used in some manufacturing such as plating or welding, classified as a known human carcinogen."
17763,Chromium VI,aWEL Welding aJSM,EST,high,"Your answers indicate: “Mild, ordinary, or construction steel” for “In the last working week, did you weld any of the following types of iron or steel?”; and “Brazing” for “What types of welding, cutting, or brazing did you do?”; and “Don't know” for “In the last working week, did you use a welding booth, exhaust hood or use local exhaust ventilation when welding, brazing or cutting?”. You may have been exposed to a form of chromium used in some manufacturing such as plating or welding, classified as a known human carcinogen."
17764,Chromium VI,aWEL Welding aJSM,EST,high,"Your answers indicate: “Mild, ordinary, or construction steel” for “In the last working week, did you weld any of the following types of iron or steel?”; and “Brazing” for “What types of welding, cutting, or brazing did you do?”; and “Yes” for “In the last working week, did you mostly weld in confined spaces?”. You may have been exposed to a form of chromium used in some manufacturing such as plating or welding, classified as a known human carcinogen."
17768,Chromium VI,aWEL Welding aJSM,EST,high,"Your answers indicate: “Mild, ordinary, or construction steel” for “In the last working week, did you weld any of the following types of iron or steel?”; and “Oxyacetylene” for “What types of welding, cutting, or brazing did you do?”; and “No” for “In the last working week, did you use a welding booth, exhaust hood or use local exhaust ventilation when welding, brazing or cutting?”; and “Don't know” for “In the last working week, did you use a welding booth, exhaust hood or use local exhaust ventilation when welding, brazing or cutting?”. You may have been exposed to a form of chromium used in some manufacturing such as plating or welding, classified as a known human carcinogen."
17770,Nickel,aWEL Welding aJSM,EST,high,"Your answers indicate: “Stainless steel” for “In the last working week, did you weld any of the following types of iron or steel?”; and “Oxyacetylene” for “What types of welding, cutting, or brazing did you do?”; and “No” for “In the last working week, did you use a welding booth, exhaust hood or use local exhaust ventilation when welding, brazing or cutting?”. You may have been exposed to a metal used in some manufacturing such as plating or welding, with some compounds classified as known human carcinogens."
17771,Nickel,aWEL Welding aJSM,EST,high,"Your answers indicate: “Stainless steel” for “In the last working week, did you weld any of the following types of iron or steel?”; and “Oxyacetylene” for “What types of welding, cutting, or brazing did you do?”; and “Don't know” for “In the last working week, did you use a welding booth, exhaust hood or use local exhaust ventilation when welding, brazing or cutting?”. You may have been exposed to a metal used in some manufacturing such as plating or welding, with some compounds classified as known human carcinogens."
17772,Nickel,aWEL Welding aJSM,EST,high,"Your answers indicate: “Stainless steel” for “In the last working week, did you weld any of the following types of iron or steel?”; and “Oxyacetylene” for “What types of welding, cutting, or brazing did you do?”; and “Yes” for “In the last working week, did you mostly weld in confined spaces?”. You may have been exposed to a metal used in some manufacturing such as plating or welding, with some compounds classified as known human carcinogens."
17773,Nickel,aWEL Welding aJSM,EST,high,"Your answers indicate: “Stainless steel” for “In the last working week, did you weld any of the following types of iron or steel?”; and “Brazing” for “What types of welding, cutting, or brazing did you do?”; and “No” for “In the last working week, did you use a welding booth, exhaust hood or use local exhaust ventilation when welding, brazing or cutting?”. You may have been exposed to a metal used in some manufacturing such as plating or welding, with some compounds classified as known human carcinogens."
17774,Nickel,aWEL Welding aJSM,EST,high,"Your answers indicate: “Stainless steel” for “In the last working week, did you weld any of the following types of iron or steel?”; and “Brazing” for “What types of welding, cutting, or brazing did you do?”; and “Don't know” for “In the last working week, did you use a welding booth, exhaust hood or use local exhaust ventilation when welding, brazing or cutting?”. You may have been exposed to a metal used in some manufacturing such as plating or welding, with some compounds classified as known human carcinogens."
17775,Nickel,aWEL Welding aJSM,EST,high,"Your answers indicate: “Stainless steel” for “In the last working week, did you weld any of the following types of iron or steel?”; and “Brazing” for “What types of welding, cutting, or brazing did you do?”; and “Yes” for “In the last working week, did you mostly weld in confined spaces?”. You may have been exposed to a metal used in some manufacturing such as plating or welding, with some compounds classified as known human carcinogens."
17777,Nickel,aWEL Welding aJSM,EST,high,"Your answers indicate: “Stainless steel” for “In the last working week, did you weld any of the following types of iron or steel?”; and “Shielded metal arc, stick or manual arc, flux core” for “What types of welding, cutting, or brazing did you do?”; and “Yes” for “In the last working week, did you mostly weld in confined spaces?”. You may have been exposed to a metal used in some manufacturing such as plating or welding, with some compounds classified as known human carcinogens."
17780,Nickel,aWEL Welding aJSM,EST,high,"Your answers indicate: “Stainless steel” for “In the last working week, did you weld any of the following types of iron or steel?”; and “Shielded metal arc, stick or manual arc, flux core” for “What types of welding, cutting, or brazing did you do?”; and “No” for “In the last working week, did you use a welding booth, exhaust hood or use local exhaust ventilation when welding, brazing or cutting?”. You may have been exposed to a metal used in some manufacturing such as plating or welding, with some compounds classified as known human carcinogens."
17781,Nickel,aWEL Welding aJSM,EST,high,"Your answers indicate: “Stainless steel” for “In the last working week, did you weld any of the following types of iron or steel?”; and “Shielded metal arc, stick or manual arc, flux core” for “What types of welding, cutting, or brazing did you do?”; and “Don't know” for “In the last working week, did you use a welding booth, exhaust hood or use local exhaust ventilation when welding, brazing or cutting?”. You may have been exposed to a metal used in some manufacturing such as plating or welding, with some compounds classified as known human carcinogens."
17784,Nickel,aWEL Welding aJSM,EST,high,"Your answers indicate: “Nickel or Nickel alloys” for “What metals did you weld, cut, or braze?”; and “Shielded metal arc, stick or manual arc, flux core” for “What types of welding, cutting, or brazing did you do?”; and “No” for “In the last working week, did you use a welding booth, exhaust hood or use local exhaust ventilation when welding, brazing or cutting?”. You may have been exposed to a metal used in some manufacturing such as plating or welding, with some compounds classified as known human carcinogens."
17785,Nickel,aWEL Welding aJSM,EST,high,"Your answers indicate: “Nickel or Nickel alloys” for “What metals did you weld, cut, or braze?”; and “Shielded metal arc, stick or manual arc, flux core” for “What types of welding, cutting, or brazing did you do?”; and “Don't know” for “In the last working week, did you use a welding booth, exhaust hood or use local exhaust ventilation when welding, brazing or cutting?”. You may have been exposed to a metal used in some manufacturing such as plating or welding, with some compounds classified as known human carcinogens."
17786,Nickel,aWEL Welding aJSM,EST,high,"Your answers indicate: “Nickel or Nickel alloys” for “What metals did you weld, cut, or braze?”; and “Shielded metal arc, stick or manual arc, flux core” for “What types of welding, cutting, or brazing did you do?”; and “Yes” for “In the last working week, did you mostly weld in confined spaces?”. You may have been exposed to a metal used in some manufacturing such as plating or welding, with some compounds classified as known human carcinogens."
17787,Nickel,aWEL Welding aJSM,EST,high,"Your answers indicate: “Nickel or Nickel alloys” for “What metals did you weld, cut, or braze?”; and “Oxyacetylene” for “What types of welding, cutting, or brazing did you do?”; and “No” for “In the last working week, did you use a welding booth, exhaust hood or use local exhaust ventilation when welding, brazing or cutting?”. You may have been exposed to a metal used in some manufacturing such as plating or welding, with some compounds classified as known human carcinogens."
17788,Nickel,aWEL Welding aJSM,EST,high,"Your answers indicate: “Nickel or Nickel alloys” for “What metals did you weld, cut, or braze?”; and “Brazing” for “What types of welding, cutting, or brazing did you do?”; and “No” for “In the last working week, did you use a welding booth, exhaust hood or use local exhaust ventilation when welding, brazing or cutting?”. You may have been exposed to a metal used in some manufacturing such as plating or welding, with some compounds classified as known human carcinogens."
17790,Nickel,aWEL Welding aJSM,EST,high,"Your answers indicate: “Nickel or Nickel alloys” for “What metals did you weld, cut, or braze?”; and “Oxyacetylene” for “What types of welding, cutting, or brazing did you do?”; and “Yes” for “In the last working week, did you mostly weld in confined spaces?”. You may have been exposed to a metal used in some manufacturing such as plating or welding, with some compounds classified as known human carcinogens."
17791,Nickel,aWEL Welding aJSM,EST,high,"Your answers indicate: “Nickel or Nickel alloys” for “What metals did you weld, cut, or braze?”; and “Brazing” for “What types of welding, cutting, or brazing did you do?”; and “Yes” for “In the last working week, did you mostly weld in confined spaces?”. You may have been exposed to a metal used in some manufacturing such as plating or welding, with some compounds classified as known human carcinogens."
17793,Nickel,aWEL Welding aJSM,EST,high,"Your answers indicate: “Nickel or Nickel alloys” for “What metals did you weld, cut, or braze?”; and “Oxyacetylene” for “What types of welding, cutting, or brazing did you do?”; and “Don't know” for “In the last working week, did you use a welding booth, exhaust hood or use local exhaust ventilation when welding, brazing or cutting?”. You may have been exposed to a metal used in some manufacturing such as plating or welding, with some compounds classified as known human carcinogens."
17794,Nickel,aWEL Welding aJSM,EST,high,"Your answers indicate: “Nickel or Nickel alloys” for “What metals did you weld, cut, or braze?”; and “Brazing” for “What types of welding, cutting, or brazing did you do?”; and “Don't know” for “In the last working week, did you use a welding booth, exhaust hood or use local exhaust ventilation when welding, brazing or cutting?”. You may have been exposed to a metal used in some manufacturing such as plating or welding, with some compounds classified as known human carcinogens."
17798,Cadmium,aWEL Welding aJSM,EST,high,"Your answers indicate: “Cadmium-plated steel” for “In the last working week, did you weld any of the following types of iron or steel?”; and “Shielded metal arc, stick or manual arc, flux core” for “What types of welding, cutting, or brazing did you do?”; and “No” for “In the last working week, did you use a welding booth, exhaust hood or use local exhaust ventilation when welding, brazing or cutting?”. You may have been exposed to a metal used in some manufacturing such as batteries or coatings, classified as a known human carcinogen."
17799,Cadmium,aWEL Welding aJSM,EST,high,"Your answers indicate: “Cadmium-plated steel” for “In the last working week, did you weld any of the following types of iron or steel?”; and “Shielded metal arc, stick or manual arc, flux core” for “What types of welding, cutting, or brazing did you do?”; and “Don't know” for “In the last working week, did you use a welding booth, exhaust hood or use local exhaust ventilation when welding, brazing or cutting?”. You may have been exposed to a metal used in some manufacturing such as batteries or coatings, classified as a known human carcinogen."
17800,Cadmium,aWEL Welding aJSM,EST,high,"Your answers indicate: “Cadmium-plated steel” for “In the last working week, did you weld any of the following types of iron or steel?”; and “Shielded metal arc, stick or manual arc, flux core” for “What types of welding, cutting, or brazing did you do?”; and “Yes” for “In the last working week, did you mostly weld in confined spaces?”. You may have been exposed to a metal used in some manufacturing such as batteries or coatings, classified as a known human carcinogen."
17801,Cadmium,aWEL Welding aJSM,EST,high,"Your answers indicate: “Cadmium-plated steel” for “In the last working week, did you weld any of the following types of iron or steel?”; and “Oxyacetylene” for “What types of welding, cutting, or brazing did you do?”; and “No” for “In the last working week, did you use a welding booth, exhaust hood or use local exhaust ventilation when welding, brazing or cutting?”. You may have been exposed to a metal used in some manufacturing such as batteries or coatings, classified as a known human carcinogen."
17802,Cadmium,aWEL Welding aJSM,EST,high,"Your answers indicate: “Cadmium-plated steel” for “In the last working week, did you weld any of the following types of iron or steel?”; and “Oxyacetylene” for “What types of welding, cutting, or brazing did you do?”; and “Yes” for “In the last working week, did you mostly weld in confined spaces?”. You may have been exposed to a metal used in some manufacturing such as batteries or coatings, classified as a known human carcinogen."
17803,Cadmium,aWEL Welding aJSM,EST,high,"Your answers indicate: “Cadmium-plated steel” for “In the last working week, did you weld any of the following types of iron or steel?”; and “Brazing” for “What types of welding, cutting, or brazing did you do?”; and “Yes” for “In the last working week, did you mostly weld in confined spaces?”. You may have been exposed to a metal used in some manufacturing such as batteries or coatings, classified as a known human carcinogen."
17804,Cadmium,aWEL Welding aJSM,EST,high,"Your answers indicate: “Cadmium-plated steel” for “In the last working week, did you weld any of the following types of iron or steel?”; and “Brazing” for “What types of welding, cutting, or brazing did you do?”; and “Don't know” for “In the last working week, did you use a welding booth, exhaust hood or use local exhaust ventilation when welding, brazing or cutting?”. You may have been exposed to a metal used in some manufacturing such as batteries or coatings, classified as a known human carcinogen."
17805,Cadmium,aWEL Welding aJSM,EST,high,"Your answers indicate: “Cadmium-plated steel” for “In the last working week, did you weld any of the following types of iron or steel?”; and “Oxyacetylene” for “What types of welding, cutting, or brazing did you do?”; and “Don't know” for “In the last working week, did you use a welding booth, exhaust hood or use local exhaust ventilation when welding, brazing or cutting?”. You may have been exposed to a metal used in some manufacturing such as batteries or coatings, classified as a known human carcinogen."
17806,Cadmium,aWEL Welding aJSM,EST,high,"Your answers indicate: “Cadmium-plated steel” for “In the last working week, did you weld any of the following types of iron or steel?”; and “Brazing” for “What types of welding, cutting, or brazing did you do?”; and “No” for “In the last working week, did you use a welding booth, exhaust hood or use local exhaust ventilation when welding, brazing or cutting?”. You may have been exposed to a metal used in some manufacturing such as batteries or coatings, classified as a known human carcinogen."
17812,Cadmium,aWEL Welding aJSM,EST,high,"Your answers indicate: “Hard metal alloys (e.g., Tungsten carbide or Stellite)” for “What metals did you weld, cut, or braze?”; and “Shielded metal arc, stick or manual arc, flux core” for “What types of welding, cutting, or brazing did you do?”; and “No” for “In the last working week, did you use a welding booth, exhaust hood or use local exhaust ventilation when welding, brazing or cutting?”. You may have been exposed to a metal used in some manufacturing such as batteries or coatings, classified as a known human carcinogen."
17813,Cadmium,aWEL Welding aJSM,EST,high,"Your answers indicate: “Hard metal alloys (e.g., Tungsten carbide or Stellite)” for “What metals did you weld, cut, or braze?”; and “Shielded metal arc, stick or manual arc, flux core” for “What types of welding, cutting, or brazing did you do?”; and “Don't know” for “In the last working week, did you use a welding booth, exhaust hood or use local exhaust ventilation when welding, brazing or cutting?”. You may have been exposed to a metal used in some manufacturing such as batteries or coatings, classified as a known human carcinogen."
17814,Cadmium,aWEL Welding aJSM,EST,high,"Your answers indicate: “Hard metal alloys (e.g., Tungsten carbide or Stellite)” for “What metals did you weld, cut, or braze?”; and “Shielded metal arc, stick or manual arc, flux core” for “What types of welding, cutting, or brazing did you do?”; and “Yes” for “In the last working week, did you mostly weld in confined spaces?”. You may have been exposed to a metal used in some manufacturing such as batteries or coatings, classified as a known human carcinogen."
17815,Cadmium,aWEL Welding aJSM,EST,high,"Your answers indicate: “Hard metal alloys (e.g., Tungsten carbide or Stellite)” for “What metals did you weld, cut, or braze?”; and “Oxyacetylene” for “What types of welding, cutting, or brazing did you do?”; and “Don't know” for “In the last working week, did you use a welding booth, exhaust hood or use local exhaust ventilation when welding, brazing or cutting?”. You may have been exposed to a metal used in some manufacturing such as batteries or coatings, classified as a known human carcinogen."
17816,Cadmium,aWEL Welding aJSM,EST,high,"Your answers indicate: “Hard metal alloys (e.g., Tungsten carbide or Stellite)” for “What metals did you weld, cut, or braze?”; and “Oxyacetylene” for “What types of welding, cutting, or brazing did you do?”; and “No” for “In the last working week, did you use a welding booth, exhaust hood or use local exhaust ventilation when welding, brazing or cutting?”. You may have been exposed to a metal used in some manufacturing such as batteries or coatings, classified as a known human carcinogen."
17817,Cadmium,aWEL Welding aJSM,EST,high,"Your answers indicate: “Hard metal alloys (e.g., Tungsten carbide or Stellite)” for “What metals did you weld, cut, or braze?”; and “Oxyacetylene” for “What types of welding, cutting, or brazing did you do?”; and “Yes” for “In the last working week, did you mostly weld in confined spaces?”. You may have been exposed to a metal used in some manufacturing such as batteries or coatings, classified as a known human carcinogen."
17818,Cadmium,aWEL Welding aJSM,EST,high,"Your answers indicate: “Hard metal alloys (e.g., Tungsten carbide or Stellite)” for “What metals did you weld, cut, or braze?”; and “Brazing” for “What types of welding, cutting, or brazing did you do?”; and “No” for “In the last working week, did you use a welding booth, exhaust hood or use local exhaust ventilation when welding, brazing or cutting?”. You may have been exposed to a metal used in some manufacturing such as batteries or coatings, classified as a known human carcinogen."
17819,Cadmium,aWEL Welding aJSM,EST,high,"Your answers indicate: “Hard metal alloys (e.g., Tungsten carbide or Stellite)” for “What metals did you weld, cut, or braze?”; and “Brazing” for “What types of welding, cutting, or brazing did you do?”; and “Don't know” for “In the last working week, did you use a welding booth, exhaust hood or use local exhaust ventilation when welding, brazing or cutting?”. You may have been exposed to a metal used in some manufacturing such as batteries or coatings, classified as a known human carcinogen."
17820,Cadmium,aWEL Welding aJSM,EST,high,"Your answers indicate: “Hard metal alloys (e.g., Tungsten carbide or Stellite)” for “What metals did you weld, cut, or braze?”; and “Brazing” for “What types of welding, cutting, or brazing did you do?”; and “Yes” for “In the last working week, did you mostly weld in confined spaces?”. You may have been exposed to a metal used in some manufacturing such as batteries or coatings, classified as a known human carcinogen."
17830,Cobalt,aWEL Welding aJSM,EST,medium,"Your answers indicate: “Cobalt or Cobalt alloys” for “What metals did you weld, cut, or braze?”; and “Brazing” for “What types of welding, cutting, or brazing did you do?”; and “No” for “In the last working week, did you use a welding booth, exhaust hood or use local exhaust ventilation when welding, brazing or cutting?”. You may have been exposed to a metal used in some manufacturing such as hard-metal tooling or batteries, linked to lung disease and classified as a possible human carcinogen."
17831,Cobalt,aWEL Welding aJSM,EST,medium,"Your answers indicate: “Cobalt or Cobalt alloys” for “What metals did you weld, cut, or braze?”; and “Brazing” for “What types of welding, cutting, or brazing did you do?”; and “Yes” for “In the last working week, did you mostly weld in confined spaces?”. You may have been exposed to a metal used in some manufacturing such as hard-metal tooling or batteries, linked to lung disease and classified as a possible human carcinogen."
17832,Cobalt,aWEL Welding aJSM,EST,medium,"Your answers indicate: “Cobalt or Cobalt alloys” for “What metals did you weld, cut, or braze?”; and “Brazing” for “What types of welding, cutting, or brazing did you do?”; and “Don't know” for “In the last working week, did you use a welding booth, exhaust hood or use local exhaust ventilation when welding, brazing or cutting?”. You may have been exposed to a metal used in some manufacturing such as hard-metal tooling or batteries, linked to lung disease and classified as a possible human carcinogen."
17833,Cobalt,aWEL Welding aJSM,EST,medium,"Your answers indicate: “Cobalt or Cobalt alloys” for “What metals did you weld, cut, or braze?”; and “Oxyacetylene” for “What types of welding, cutting, or brazing did you do?”; and “No” for “In the last working week, did you use a welding booth, exhaust hood or use local exhaust ventilation when welding, brazing or cutting?”. You may have been exposed to a metal used in some manufacturing such as hard-metal tooling or batteries, linked to lung disease and classified as a possible human carcinogen."
17834,Cobalt,aWEL Welding aJSM,EST,medium,"Your answers indicate: “Cobalt or Cobalt alloys” for “What metals did you weld, cut, or braze?”; and “Oxyacetylene” for “What types of welding, cutting, or brazing did you do?”; and “Don't know” for “In the last working week, did you use a welding booth, exhaust hood or use local exhaust ventilation when welding, brazing or cutting?”. You may have been exposed to a metal used in some manufacturing such as hard-metal tooling or batteries, linked to lung disease and classified as a possible human carcinogen."
17835,Cobalt,aWEL Welding aJSM,EST,medium,"Your answers indicate: “Cobalt or Cobalt alloys” for “What metals did you weld, cut, or braze?”; and “Oxyacetylene” for “What types of welding, cutting, or brazing did you do?”; and “Yes” for “In the last working week, did you mostly weld in confined spaces?”. You may have been exposed to a metal used in some manufacturing such as hard-metal tooling or batteries, linked to lung disease and classified as a possible human carcinogen."
17836,Cobalt,aWEL Welding aJSM,EST,medium,"Your answers indicate: “Cobalt or Cobalt alloys” for “What metals did you weld, cut, or braze?”; and “Shielded metal arc, stick or manual arc, flux core” for “What types of welding, cutting, or brazing did you do?”; and “No” for “In the last working week, did you use a welding booth, exhaust hood or use local exhaust ventilation when welding, brazing or cutting?”. You may have been exposed to a metal used in some manufacturing such as hard-metal tooling or batteries, linked to lung disease and classified as a possible human carcinogen."
17837,Cobalt,aWEL Welding aJSM,EST,medium,"Your answers indicate: “Cobalt or Cobalt alloys” for “What metals did you weld, cut, or braze?”; and “Shielded metal arc, stick or manual arc, flux core” for “What types of welding, cutting, or brazing did you do?”; and “Don't know” for “In the last working week, did you use a welding booth, exhaust hood or use local exhaust ventilation when welding, brazing or cutting?”. You may have been exposed to a metal used in some manufacturing such as hard-metal tooling or batteries, linked to lung disease and classified as a possible human carcinogen."
17838,Cobalt,aWEL Welding aJSM,EST,medium,"Your answers indicate: “Cobalt or Cobalt alloys” for “What metals did you weld, cut, or braze?”; and “Shielded metal arc, stick or manual arc, flux core” for “What types of welding, cutting, or brazing did you do?”; and “Yes” for “In the last working week, did you mostly weld in confined spaces?”. You may have been exposed to a metal used in some manufacturing such as hard-metal tooling or batteries, linked to lung disease and classified as a possible human carcinogen."
17843,Cobalt,aWEL Welding aJSM,EST,medium,"Your answers indicate: “Hard metal alloys (e.g., Tungsten carbide or Stellite)” for “What metals did you weld, cut, or braze?”; and “Brazing” for “What types of welding, cutting, or brazing did you do?”; and “Yes” for “In the last working week, did you mostly weld in confined spaces?”. You may have been exposed to a metal used in some manufacturing such as hard-metal tooling or batteries, linked to lung disease and classified as a possible human carcinogen."
17844,Cobalt,aWEL Welding aJSM,EST,medium,"Your answers indicate: “Hard metal alloys (e.g., Tungsten carbide or Stellite)” for “What metals did you weld, cut, or braze?”; and “Brazing” for “What types of welding, cutting, or brazing did you do?”; and “Don't know” for “In the last working week, did you use a welding booth, exhaust hood or use local exhaust ventilation when welding, brazing or cutting?”. You may have been exposed to a metal used in some manufacturing such as hard-metal tooling or batteries, linked to lung disease and classified as a possible human carcinogen."
17845,Cobalt,aWEL Welding aJSM,EST,medium,"Your answers indicate: “Hard metal alloys (e.g., Tungsten carbide or Stellite)” for “What metals did you weld, cut, or braze?”; and “Brazing” for “What types of welding, cutting, or brazing did you do?”; and “No” for “In the last working week, did you use a welding booth, exhaust hood or use local exhaust ventilation when welding, brazing or cutting?”. You may have been exposed to a metal used in some manufacturing such as hard-metal tooling or batteries, linked to lung disease and classified as a possible human carcinogen."
17846,Cobalt,aWEL Welding aJSM,EST,medium,"Your answers indicate: “Hard metal alloys (e.g., Tungsten carbide or Stellite)” for “What metals did you weld, cut, or braze?”; and “Oxyacetylene” for “What types of welding, cutting, or brazing did you do?”; and “No” for “In the last working week, did you use a welding booth, exhaust hood or use local exhaust ventilation when welding, brazing or cutting?”. You may have been exposed to a metal used in some manufacturing such as hard-metal tooling or batteries, linked to lung disease and classified as a possible human carcinogen."
17847,Cobalt,aWEL Welding aJSM,EST,medium,"Your answers indicate: “Hard metal alloys (e.g., Tungsten carbide or Stellite)” for “What metals did you weld, cut, or braze?”; and “Oxyacetylene” for “What types of welding, cutting, or brazing did you do?”; and “Yes” for “In the last working week, did you mostly weld in confined spaces?”. You may have been exposed to a metal used in some manufacturing such as hard-metal tooling or batteries, linked to lung disease and classified as a possible human carcinogen."
17848,Cobalt,aWEL Welding aJSM,EST,medium,"Your answers indicate: “Hard metal alloys (e.g., Tungsten carbide or Stellite)” for “What metals did you weld, cut, or braze?”; and “Oxyacetylene” for “What types of welding, cutting, or brazing did you do?”; and “Don't know” for “In the last working week, did you use a welding booth, exhaust hood or use local exhaust ventilation when welding, brazing or cutting?”. You may have been exposed to a metal used in some manufacturing such as hard-metal tooling or batteries, linked to lung disease and classified as a possible human carcinogen."
17850,Cobalt,aWEL Welding aJSM,EST,medium,"Your answers indicate: “Hard metal alloys (e.g., Tungsten carbide or Stellite)” for “What metals did you weld, cut, or braze?”; and “Shielded metal arc, stick or manual arc, flux core” for “What types of welding, cutting, or brazing did you do?”; and “No” for “In the last working week, did you use a welding booth, exhaust hood or use local exhaust ventilation when welding, brazing or cutting?”. You may have been exposed to a metal used in some manufacturing such as hard-metal tooling or batteries, linked to lung disease and classified as a possible human carcinogen."
17851,Cobalt,aWEL Welding aJSM,EST,medium,"Your answers indicate: “Hard metal alloys (e.g., Tungsten carbide or Stellite)” for “What metals did you weld, cut, or braze?”; and “Shielded metal arc, stick or manual arc, flux core” for “What types of welding, cutting, or brazing did you do?”; and “Yes” for “In the last working week, did you mostly weld in confined spaces?”. You may have been exposed to a metal used in some manufacturing such as hard-metal tooling or batteries, linked to lung disease and classified as a possible human carcinogen."
17852,Cobalt,aWEL Welding aJSM,EST,medium,"Your answers indicate: “Hard metal alloys (e.g., Tungsten carbide or Stellite)” for “What metals did you weld, cut, or braze?”; and “Shielded metal arc, stick or manual arc, flux core” for “What types of welding, cutting, or brazing did you do?”; and “Don't know” for “In the last working week, did you use a welding booth, exhaust hood or use local exhaust ventilation when welding, brazing or cutting?”. You may have been exposed to a metal used in some manufacturing such as hard-metal tooling or batteries, linked to lung disease and classified as a possible human carcinogen."
17857,Beryllium,aWEL Welding aJSM,EST,high,"Your answers indicate: “Beryllium or Beryllium alloys” for “What metals did you weld, cut, or braze?”; and “Brazing” for “What types of welding, cutting, or brazing did you do?”; and “Yes” for “In the last working week, did you mostly weld in confined spaces?”. You may have been exposed to a metal used in some manufacturing and electronics, classified as a known human carcinogen and cause of chronic lung disease."
17858,Beryllium,aWEL Welding aJSM,EST,high,"Your answers indicate: “Beryllium or Beryllium alloys” for “What metals did you weld, cut, or braze?”; and “Brazing” for “What types of welding, cutting, or brazing did you do?”; and “Don't know” for “In the last working week, did you use a welding booth, exhaust hood or use local exhaust ventilation when welding, brazing or cutting?”. You may have been exposed to a metal used in some manufacturing and electronics, classified as a known human carcinogen and cause of chronic lung disease."
17859,Beryllium,aWEL Welding aJSM,EST,high,"Your answers indicate: “Beryllium or Beryllium alloys” for “What metals did you weld, cut, or braze?”; and “Brazing” for “What types of welding, cutting, or brazing did you do?”; and “No” for “In the last working week, did you use a welding booth, exhaust hood or use local exhaust ventilation when welding, brazing or cutting?”. You may have been exposed to a metal used in some manufacturing and electronics, classified as a known human carcinogen and cause of chronic lung disease."
17860,Beryllium,aWEL Welding aJSM,EST,high,"Your answers indicate: “Beryllium or Beryllium alloys” for “What metals did you weld, cut, or braze?”; and “Oxyacetylene” for “What types of welding, cutting, or brazing did you do?”; and “Don't know” for “In the last working week, did you use a welding booth, exhaust hood or use local exhaust ventilation when welding, brazing or cutting?”. You may have been exposed to a metal used in some manufacturing and electronics, classified as a known human carcinogen and cause of chronic lung disease."
17861,Beryllium,aWEL Welding aJSM,EST,high,"Your answers indicate: “Beryllium or Beryllium alloys” for “What metals did you weld, cut, or braze?”; and “Oxyacetylene” for “What types of welding, cutting, or brazing did you do?”; and “Yes” for “In the last working week, did you mostly weld in confined spaces?”. You may have been exposed to a metal used in some manufacturing and electronics, classified as a known human carcinogen and cause of chronic lung disease."
17862,Beryllium,aWEL Welding aJSM,EST,high,"Your answers indicate: “Beryllium or Beryllium alloys” for “What metals did you weld, cut, or braze?”; and “Oxyacetylene” for “What types of welding, cutting, or brazing did you do?”; and “No” for “In the last working week, did you use a welding booth, exhaust hood or use local exhaust ventilation when welding, brazing or cutting?”. You may have been exposed to a metal used in some manufacturing and electronics, classified as a known human carcinogen and cause of chronic lung disease."
17863,Beryllium,aWEL Welding aJSM,EST,high,"Your answers indicate: “Beryllium or Beryllium alloys” for “What metals did you weld, cut, or braze?”; and “Shielded metal arc, stick or manual arc, flux core” for “What types of welding, cutting, or brazing did you do?”; and “Don't know” for “In the last working week, did you use a welding booth, exhaust hood or use local exhaust ventilation when welding, brazing or cutting?”. You may have been exposed to a metal used in some manufacturing and electronics, classified as a known human carcinogen and cause of chronic lung disease."
17864,Beryllium,aWEL Welding aJSM,EST,high,"Your answers indicate: “Beryllium or Beryllium alloys” for “What metals did you weld, cut, or braze?”; and “Shielded metal arc, stick or manual arc, flux core” for “What types of welding, cutting, or brazing did you do?”; and “Yes” for “In the last working week, did you mostly weld in confined spaces?”. You may have been exposed to a metal used in some manufacturing and electronics, classified as a known human carcinogen and cause of chronic lung disease."
17865,Beryllium,aWEL Welding aJSM,EST,high,"Your answers indicate: “Beryllium or Beryllium alloys” for “What metals did you weld, cut, or braze?”; and “Shielded metal arc, stick or manual arc, flux core” for “What types of welding, cutting, or brazing did you do?”; and “No” for “In the last working week, did you use a welding booth, exhaust hood or use local exhaust ventilation when welding, brazing or cutting?”. You may have been exposed to a metal used in some manufacturing and electronics, classified as a known human carcinogen and cause of chronic lung disease."
17872,Lead,aWEL Welding aJSM,EST,high,"Your answers indicate: “Brass or bronze” for “What metals did you weld, cut, or braze?”; and “Brazing” for “What types of welding, cutting, or brazing did you do?”; and “Yes” for “In the last working week, did you mostly weld in confined spaces?”. You may have been exposed to a metal used in some manufacturing, a recognised cause of serious effects on the nervous system, kidneys and reproductive health."
17873,Lead,aWEL Welding aJSM,EST,high,"Your answers indicate: “Brass or bronze” for “What metals did you weld, cut, or braze?”; and “Brazing” for “What types of welding, cutting, or brazing did you do?”; and “Don't know” for “In the last working week, did you use a welding booth, exhaust hood or use local exhaust ventilation when welding, brazing or cutting?”. You may have been exposed to a metal used in some manufacturing, a recognised cause of serious effects on the nervous system, kidneys and reproductive health."
17874,Lead,aWEL Welding aJSM,EST,high,"Your answers indicate: “Brass or bronze” for “What metals did you weld, cut, or braze?”; and “Brazing” for “What types of welding, cutting, or brazing did you do?”; and “No” for “In the last working week, did you use a welding booth, exhaust hood or use local exhaust ventilation when welding, brazing or cutting?”. You may have been exposed to a metal used in some manufacturing, a recognised cause of serious effects on the nervous system, kidneys and reproductive health."
17875,Lead,aWEL Welding aJSM,EST,high,"Your answers indicate: “Brass or bronze” for “What metals did you weld, cut, or braze?”; and “Oxyacetylene” for “What types of welding, cutting, or brazing did you do?”; and “Yes” for “In the last working week, did you mostly weld in confined spaces?”. You may have been exposed to a metal used in some manufacturing, a recognised cause of serious effects on the nervous system, kidneys and reproductive health."
17876,Lead,aWEL Welding aJSM,EST,high,"Your answers indicate: “Brass or bronze” for “What metals did you weld, cut, or braze?”; and “Oxyacetylene” for “What types of welding, cutting, or brazing did you do?”; and “Don't know” for “In the last working week, did you use a welding booth, exhaust hood or use local exhaust ventilation when welding, brazing or cutting?”. You may have been exposed to a metal used in some manufacturing, a recognised cause of serious effects on the nervous system, kidneys and reproductive health."
17877,Lead,aWEL Welding aJSM,EST,high,"Your answers indicate: “Brass or bronze” for “What metals did you weld, cut, or braze?”; and “Oxyacetylene” for “What types of welding, cutting, or brazing did you do?”; and “No” for “In the last working week, did you use a welding booth, exhaust hood or use local exhaust ventilation when welding, brazing or cutting?”. You may have been exposed to a metal used in some manufacturing, a recognised cause of serious effects on the nervous system, kidneys and reproductive health."
17878,Lead,aWEL Welding aJSM,EST,high,"Your answers indicate: “Brass or bronze” for “What metals did you weld, cut, or braze?”; and “Shielded metal arc, stick or manual arc, flux core” for “What types of welding, cutting, or brazing did you do?”; and “Yes” for “In the last working week, did you mostly weld in confined spaces?”. You may have been exposed to a metal used in some manufacturing, a recognised cause of serious effects on the nervous system, kidneys and reproductive health."
17879,Lead,aWEL Welding aJSM,EST,high,"Your answers indicate: “Brass or bronze” for “What metals did you weld, cut, or braze?”; and “Shielded metal arc, stick or manual arc, flux core” for “What types of welding, cutting, or brazing did you do?”; and “Don't know” for “In the last working week, did you use a welding booth, exhaust hood or use local exhaust ventilation when welding, brazing or cutting?”. You may have been exposed to a metal used in some manufacturing, a recognised cause of serious effects on the nervous system, kidneys and reproductive health."
17880,Lead,aWEL Welding aJSM,EST,high,"Your answers indicate: “Brass or bronze” for “What metals did you weld, cut, or braze?”; and “Shielded metal arc, stick or manual arc, flux core” for “What types of welding, cutting, or brazing did you do?”; and “No” for “In the last working week, did you use a welding booth, exhaust hood or use local exhaust ventilation when welding, brazing or cutting?”. You may have been exposed to a metal used in some manufacturing, a recognised cause of serious effects on the nervous system, kidneys and reproductive health."
17881,Lead,aWEL Welding aJSM,EST,high,"Your answers indicate: “Lead or lead alloys” for “What metals did you weld, cut, or braze?”; and “Shielded metal arc, stick or manual arc, flux core” for “What types of welding, cutting, or brazing did you do?”; and “No” for “In the last working week, did you use a welding booth, exhaust hood or use local exhaust ventilation when welding, brazing or cutting?”. You may have been exposed to a metal used in some manufacturing, a recognised cause of serious effects on the nervous system, kidneys and reproductive health."
17882,Lead,aWEL Welding aJSM,EST,high,"Your answers indicate: “Lead or lead alloys” for “What metals did you weld, cut, or braze?”; and “Shielded metal arc, stick or manual arc, flux core” for “What types of welding, cutting, or brazing did you do?”; and “Don't know” for “In the last working week, did you use a welding booth, exhaust hood or use local exhaust ventilation when welding, brazing or cutting?”. You may have been exposed to a metal used in some manufacturing, a recognised cause of serious effects on the nervous system, kidneys and reproductive health."
17883,Lead,aWEL Welding aJSM,EST,high,"Your answers indicate: “Lead or lead alloys” for “What metals did you weld, cut, or braze?”; and “Shielded metal arc, stick or manual arc, flux core” for “What types of welding, cutting, or brazing did you do?”; and “Yes” for “In the last working week, did you mostly weld in confined spaces?”. You may have been exposed to a metal used in some manufacturing, a recognised cause of serious effects on the nervous system, kidneys and reproductive health."
17884,Lead,aWEL Welding aJSM,EST,high,"Your answers indicate: “Lead or lead alloys” for “What metals did you weld, cut, or braze?”; and “Brazing” for “What types of welding, cutting, or brazing did you do?”; and “Yes” for “In the last working week, did you mostly weld in confined spaces?”. You may have been exposed to a metal used in some manufacturing, a recognised cause of serious effects on the nervous system, kidneys and reproductive health."
17885,Lead,aWEL Welding aJSM,EST,high,"Your answers indicate: “Lead or lead alloys” for “What metals did you weld, cut, or braze?”; and “Brazing” for “What types of welding, cutting, or brazing did you do?”; and “Don't know” for “In the last working week, did you use a welding booth, exhaust hood or use local exhaust ventilation when welding, brazing or cutting?”. You may have been exposed to a metal used in some manufacturing, a recognised cause of serious effects on the nervous system, kidneys and reproductive health."
17886,Lead,aWEL Welding aJSM,EST,high,"Your answers indicate: “Lead or lead alloys” for “What metals did you weld, cut, or braze?”; and “Brazing” for “What types of welding, cutting, or brazing did you do?”; and “No” for “In the last working week, did you use a welding booth, exhaust hood or use local exhaust ventilation when welding, brazing or cutting?”. You may have been exposed to a metal used in some manufacturing, a recognised cause of serious effects on the nervous system, kidneys and reproductive health."
17890,Lead,aWEL Welding aJSM,EST,high,"Your answers indicate: “Lead or lead alloys” for “What metals did you weld, cut, or braze?”; and “Oxyacetylene” for “What types of welding, cutting, or brazing did you do?”; and “No” for “In the last working week, did you use a welding booth, exhaust hood or use local exhaust ventilation when welding, brazing or cutting?”. You may have been exposed to a metal used in some manufacturing, a recognised cause of serious effects on the nervous system, kidneys and reproductive health."
17891,Lead,aWEL Welding aJSM,EST,high,"Your answers indicate: “Lead or lead alloys” for “What metals did you weld, cut, or braze?”; and “Oxyacetylene” for “What types of welding, cutting, or brazing did you do?”; and “Don't know” for “In the last working week, did you use a welding booth, exhaust hood or use local exhaust ventilation when welding, brazing or cutting?”. You may have been exposed to a metal used in some manufacturing, a recognised cause of serious effects on the nervous system, kidneys and reproductive health."
17892,Lead,aWEL Welding aJSM,EST,high,"Your answers indicate: “Lead or lead alloys” for “What metals did you weld, cut, or braze?”; and “Oxyacetylene” for “What types of welding, cutting, or brazing did you do?”; and “Yes” for “In the last working week, did you mostly weld in confined spaces?”. You may have been exposed to a metal used in some manufacturing, a recognised cause of serious effects on the nervous system, kidneys and reproductive health."
17894,Lead,aWEL Welding aJSM,EST,high,"Your answers indicate: “Lead-plated or leaded steel” for “In the last working week, did you weld any of the following types of iron or steel?”; and “Shielded metal arc, stick or manual arc, flux core” for “What types of welding, cutting, or brazing did you do?”; and “No” for “In the last working week, did you use a welding booth, exhaust hood or use local exhaust ventilation when welding, brazing or cutting?”. You may have been exposed to a metal used in some manufacturing, a recognised cause of serious effects on the nervous system, kidneys and reproductive health."
17895,Lead,aWEL Welding aJSM,EST,high,"Your answers indicate: “Lead-plated or leaded steel” for “In the last working week, did you weld any of the following types of iron or steel?”; and “Shielded metal arc, stick or manual arc, flux core” for “What types of welding, cutting, or brazing did you do?”; and “Don't know” for “In the last working week, did you use a welding booth, exhaust hood or use local exhaust ventilation when welding, brazing or cutting?”. You may have been exposed to a metal used in some manufacturing, a recognised cause of serious effects on the nervous system, kidneys and reproductive health."
17896,Lead,aWEL Welding aJSM,EST,high,"Your answers indicate: “Lead-plated or leaded steel” for “In the last working week, did you weld any of the following types of iron or steel?”; and “Shielded metal arc, stick or manual arc, flux core” for “What types of welding, cutting, or brazing did you do?”; and “Yes” for “In the last working week, did you mostly weld in confined spaces?”. You may have been exposed to a metal used in some manufacturing, a recognised cause of serious effects on the nervous system, kidneys and reproductive health."
17897,Lead,aWEL Welding aJSM,EST,high,"Your answers indicate: “Lead-plated or leaded steel” for “In the last working week, did you weld any of the following types of iron or steel?”; and “Oxyacetylene” for “What types of welding, cutting, or brazing did you do?”; and “No” for “In the last working week, did you use a welding booth, exhaust hood or use local exhaust ventilation when welding, brazing or cutting?”. You may have been exposed to a metal used in some manufacturing, a recognised cause of serious effects on the nervous system, kidneys and reproductive health."
17898,Lead,aWEL Welding aJSM,EST,high,"Your answers indicate: “Lead-plated or leaded steel” for “In the last working week, did you weld any of the following types of iron or steel?”; and “Oxyacetylene” for “What types of welding, cutting, or brazing did you do?”; and “Don't know” for “In the last working week, did you use a welding booth, exhaust hood or use local exhaust ventilation when welding, brazing or cutting?”. You may have been exposed to a metal used in some manufacturing, a recognised cause of serious effects on the nervous system, kidneys and reproductive health."
17899,Lead,aWEL Welding aJSM,EST,high,"Your answers indicate: “Lead-plated or leaded steel” for “In the last working week, did you weld any of the following types of iron or steel?”; and “Oxyacetylene” for “What types of welding, cutting, or brazing did you do?”; and “Yes” for “In the last working week, did you mostly weld in confined spaces?”. You may have been exposed to a metal used in some manufacturing, a recognised cause of serious effects on the nervous system, kidneys and reproductive health."
17900,Lead,aWEL Welding aJSM,EST,high,"Your answers indicate: “Lead-plated or leaded steel” for “In the last working week, did you weld any of the following types of iron or steel?”; and “Brazing” for “What types of welding, cutting, or brazing did you do?”; and “No” for “In the last working week, did you use a welding booth, exhaust hood or use local exhaust ventilation when welding, brazing or cutting?”. You may have been exposed to a metal used in some manufacturing, a recognised cause of serious effects on the nervous system, kidneys and reproductive health."
17901,Lead,aWEL Welding aJSM,EST,high,"Your answers indicate: “Lead-plated or leaded steel” for “In the last working week, did you weld any of the following types of iron or steel?”; and “Brazing” for “What types of welding, cutting, or brazing did you do?”; and “Don't know” for “In the last working week, did you use a welding booth, exhaust hood or use local exhaust ventilation when welding, brazing or cutting?”. You may have been exposed to a metal used in some manufacturing, a recognised cause of serious effects on the nervous system, kidneys and reproductive health."
17902,Lead,aWEL Welding aJSM,EST,high,"Your answers indicate: “Lead-plated or leaded steel” for “In the last working week, did you weld any of the following types of iron or steel?”; and “Brazing” for “What types of welding, cutting, or brazing did you do?”; and “Yes” for “In the last working week, did you mostly weld in confined spaces?”. You may have been exposed to a metal used in some manufacturing, a recognised cause of serious effects on the nervous system, kidneys and reproductive health."
17912,Welding fumes,aWEL Welding aJSM,EST,high,"Your answers indicate: “Yes” for “In the last working week, did you mostly weld in confined spaces?”. You may have been exposed to fumes produced during welding, classified as a known human carcinogen."
17916,Beryllium,aWEL Welding aJSM,EST,high,"Your answers indicate: “Yes” for “In the last working week, did you grind welds?”; and “Beryllium or Beryllium alloys” for “What metals did you weld, cut, or braze?”; and “Yes” for “In the last working week, did you mostly weld in confined spaces?”. You may have been exposed to a metal used in some manufacturing and electronics, classified as a known human carcinogen and cause of chronic lung disease."
17921,Lead,aWEL Welding aJSM,EST,high,"Your answers indicate: “Yes” for “In the last working week, did you grind welds?”; and “Lead or lead alloys” for “What metals did you weld, cut, or braze?”; and “Yes” for “In the last working week, did you mostly weld in confined spaces?”. You may have been exposed to a metal used in some manufacturing, a recognised cause of serious effects on the nervous system, kidneys and reproductive health."
17922,Lead,aWEL Welding aJSM,EST,high,"Your answers indicate: “Yes” for “In the last working week, did you grind welds?”; and “Lead-plated or leaded steel” for “In the last working week, did you weld any of the following types of iron or steel?”; and “Yes” for “In the last working week, did you mostly weld in confined spaces?”. You may have been exposed to a metal used in some manufacturing, a recognised cause of serious effects on the nervous system, kidneys and reproductive health."
17926,Lead,aWEL Welding aJSM,EST,high,"Your answers indicate: “Yes” for “In the last working week, did you grind welds?”; and “Brass or bronze” for “What metals did you weld, cut, or braze?”; and “Yes” for “In the last working week, did you mostly weld in confined spaces?”. You may have been exposed to a metal used in some manufacturing, a recognised cause of serious effects on the nervous system, kidneys and reproductive health."
17928,Cobalt,aWEL Welding aJSM,EST,medium,"Your answers indicate: “Yes” for “In the last working week, did you grind welds?”; and “Hard metal alloys (e.g., Tungsten carbide or Stellite)” for “What metals did you weld, cut, or braze?”; and “Yes” for “In the last working week, did you mostly weld in confined spaces?”. You may have been exposed to a metal used in some manufacturing such as hard-metal tooling or batteries, linked to lung disease and classified as a possible human carcinogen."
17930,Cobalt,aWEL Welding aJSM,EST,medium,"Your answers indicate: “Yes” for “In the last working week, did you grind welds?”; and “Cobalt or Cobalt alloys” for “What metals did you weld, cut, or braze?”; and “Yes” for “In the last working week, did you mostly weld in confined spaces?”. You may have been exposed to a metal used in some manufacturing such as hard-metal tooling or batteries, linked to lung disease and classified as a possible human carcinogen."
17931,Cadmium,aWEL Welding aJSM,EST,high,"Your answers indicate: “Yes” for “In the last working week, did you grind welds?”; and “Hard metal alloys (e.g., Tungsten carbide or Stellite)” for “What metals did you weld, cut, or braze?”; and “Yes” for “In the last working week, did you mostly weld in confined spaces?”. You may have been exposed to a metal used in some manufacturing such as batteries or coatings, classified as a known human carcinogen."
17933,Cadmium,aWEL Welding aJSM,EST,high,"Your answers indicate: “Yes” for “In the last working week, did you grind welds?”; and “Cadmium-plated steel” for “In the last working week, did you weld any of the following types of iron or steel?”; and “Yes” for “In the last working week, did you mostly weld in confined spaces?”. You may have been exposed to a metal used in some manufacturing such as batteries or coatings, classified as a known human carcinogen."
17935,Nickel,aWEL Welding aJSM,EST,high,"Your answers indicate: “Yes” for “In the last working week, did you grind welds?”; and “Nickel or Nickel alloys” for “What metals did you weld, cut, or braze?”; and “Yes” for “In the last working week, did you mostly weld in confined spaces?”. You may have been exposed to a metal used in some manufacturing such as plating or welding, with some compounds classified as known human carcinogens."
17936,Nickel,aWEL Welding aJSM,EST,high,"Your answers indicate: “Yes” for “In the last working week, did you grind welds?”; and “Stainless steel” for “In the last working week, did you weld any of the following types of iron or steel?”; and “Yes” for “In the last working week, did you mostly weld in confined spaces?”. You may have been exposed to a metal used in some manufacturing such as plating or welding, with some compounds classified as known human carcinogens."
17939,Chromium VI,aWEL Welding aJSM,EST,high,"Your answers indicate: “Yes” for “In the last working week, did you grind welds?”; and “Mild, ordinary, or construction steel” for “In the last working week, did you weld any of the following types of iron or steel?”; and “Yes” for “In the last working week, did you mostly weld in confined spaces?”. You may have been exposed to a form of chromium used in some manufacturing such as plating or welding, classified as a known human carcinogen."
17942,Chromium VI,aWEL Welding aJSM,EST,high,"Your answers indicate: “Yes” for “In the last working week, did you grind welds?”; and “Chromium-plated steel” for “In the last working week, did you weld any of the following types of iron or steel?”; and “Yes” for “In the last working week, did you mostly weld in confined spaces?”. You may have been exposed to a form of chromium used in some manufacturing such as plating or welding, classified as a known human carcinogen."
17944,Chromium VI,aWEL Welding aJSM,EST,high,"Your answers indicate: “Yes” for “In the last working week, did you grind welds?”; and “Stainless steel” for “In the last working week, did you weld any of the following types of iron or steel?”; and “Yes” for “In the last working week, did you mostly weld in confined spaces?”. You may have been exposed to a form of chromium used in some manufacturing such as plating or welding, classified as a known human carcinogen."
17945,Chromium VI,aWEL Welding aJSM,EST,high,"Your answers indicate: “Yes” for “In the last working week, did you grind welds?”; and “Hard metal alloys (e.g., Tungsten carbide or Stellite)” for “What metals did you weld, cut, or braze?”; and “Yes” for “In the last working week, did you mostly weld in confined spaces?”. You may have been exposed to a form of chromium used in some manufacturing such as plating or welding, classified as a known human carcinogen."
17955,Formaldehyde,aPTL Pathology laboratory aJSM,EST,high,"Your answers indicate: “Yes” for “In the last working week, did you personally handle formaldehyde, specimens preserved in formaldehyde solution (formalin) or waste containing formaldehyde?”; and “No” for “In the last working week, did you use a laboratory fume hood or fume cupboard when handling formaldehyde, specimens preserved in formaldehyde solution (formalin) or waste containing formaldehyde?”. You may have been exposed to a chemical used in some manufacturing and building materials, classified as a known human carcinogen."
17956,Formaldehyde,aPTL Pathology laboratory aJSM,EST,high,"Your answers indicate: “Yes” for “In the last working week, did you personally handle formaldehyde, specimens preserved in formaldehyde solution (formalin) or waste containing formaldehyde?”; and “Don't know” for “In the last working week, did you use a laboratory fume hood or fume cupboard when handling formaldehyde, specimens preserved in formaldehyde solution (formalin) or waste containing formaldehyde?”. You may have been exposed to a chemical used in some manufacturing and building materials, classified as a known human carcinogen."
17959,Formaldehyde,aPTL Pathology laboratory aJSM,EST,high,"Your answers indicate: “Yes” for “In the last working week, did you carry out macroscopy or grossing of specimens preserved in formaldehyde solution (formalin)?”; and “Don't know” for “Which of the following did you use when handling specimens preserved in formaldehyde solution (formalin) during macroscopy or grossing in the last working week?”. You may have been exposed to a chemical used in some manufacturing and building materials, classified as a known human carcinogen."
17963,Formaldehyde,aEMB Embalming aJSM,EST,high,"Your answers indicate: “Yes” for “In the last working week, did you use formaldehyde/formalin to embalm the bodies?”; and “No” for “In the last working week, did you use locally exhausted autopsy or embalming tables when embalming the bodies?”; and “No” for “Did you use a full-face respirator with a formaldehyde specific filter cartridge or an air-supplied respirator when embalming the bodies in the last working week?”. You may have been exposed to a chemical used in some manufacturing and building materials, classified as a known human carcinogen."
17968,Formaldehyde,aPTL Pathology laboratory aJSM,EST,high,"Your answers indicate: “Yes” for “In the last working week, did you carry out macroscopy or grossing of specimens preserved in formaldehyde solution (formalin)?”; and “Other” for “Which of the following did you use when handling specimens preserved in formaldehyde solution (formalin) during macroscopy or grossing in the last working week?”. You may have been exposed to a chemical used in some manufacturing and building materials, classified as a known human carcinogen."
17969,Formaldehyde,aEMB Embalming aJSM,EST,high,"Your answers indicate: “Yes” for “In the last working week, did you use formaldehyde/formalin to embalm the bodies?”; and “Don't know” for “In the last working week, did you use locally exhausted autopsy or embalming tables when embalming the bodies?”; and “Don't know” for “Did you use a full-face respirator with a formaldehyde specific filter cartridge or an air-supplied respirator when embalming the bodies in the last working week?”. You may have been exposed to a chemical used in some manufacturing and building materials, classified as a known human carcinogen."
17970,Formaldehyde,aEMB Embalming aJSM,EST,high,"Your answers indicate: “Yes” for “In the last working week, did you use formaldehyde/formalin to embalm the bodies?”; and “No” for “In the last working week, did you use locally exhausted autopsy or embalming tables when embalming the bodies?”; and “Don't know” for “Did you use a full-face respirator with a formaldehyde specific filter cartridge or an air-supplied respirator when embalming the bodies in the last working week?”. You may have been exposed to a chemical used in some manufacturing and building materials, classified as a known human carcinogen."
17971,Formaldehyde,aEMB Embalming aJSM,EST,high,"Your answers indicate: “Yes” for “In the last working week, did you use formaldehyde/formalin to embalm the bodies?”; and “Don't know” for “In the last working week, did you use locally exhausted autopsy or embalming tables when embalming the bodies?”; and “No” for “Did you use a full-face respirator with a formaldehyde specific filter cartridge or an air-supplied respirator when embalming the bodies in the last working week?”. You may have been exposed to a chemical used in some manufacturing and building materials, classified as a known human carcinogen."
18010,Other PAHs,FIRE_Firefighter,EST,high,"Your answers indicate: “No” for “In the last working week, did you wear an air-supplied breathing apparatus or self-contained breathing apparatus (SCBA) when doing preventative burning or controlled burning?”. You may have been exposed to polycyclic aromatic hydrocarbons formed by combustion, such as in coal, tar or soot, several classified as known or probable human carcinogens."
18031,Ethyl Benzene,AIRT_Air Transport Workers,EST,medium,"Your answers indicate: “Yes” for “In the last working week, did you refuel the aircraft yourself?”. You may have been exposed to a solvent used in some manufacturing, classified as a possible human carcinogen."
18033,p-xylene,AIRT_Air Transport Workers,UNC,high,"Your answers indicate: “Yes” for “In the last working week, did you refuel the aircraft yourself?”. You may have been exposed to a solvent found in fuels, such as during vehicle refuelling, and some industrial processes; it is not classified as a carcinogen, and evidence on health effects at low, brief exposure levels is still developing."
18034,Toluene,AIRT_Air Transport Workers,EST,high,"Your answers indicate: “Yes” for “In the last working week, did you refuel the aircraft yourself?”. You may have been exposed to a solvent used in some manufacturing, a recognised cause of nervous system effects and, with heavy exposure, reproductive harm."
18043,Other PAHs,"aFUR Furnace cleaning, installation and maintenance",EST,high,"Your answers indicate: “No” for “In the last working week, did you wear respiratory protection when manually cleaning ash or scale from the furnace?”. You may have been exposed to polycyclic aromatic hydrocarbons formed by combustion, such as in coal, tar or soot, several classified as known or probable human carcinogens."
18045,Other PAHs,"aFUR Furnace cleaning, installation and maintenance",EST,high,"Your answers indicate: “Don't know” for “In the last working week, did you wear respiratory protection when manually cleaning ash or scale from the furnace?”. You may have been exposed to polycyclic aromatic hydrocarbons formed by combustion, such as in coal, tar or soot, several classified as known or probable human carcinogens."
18110,Benzene,FIRE_Firefighter,EST,high,"Your answers indicate: “Don't know” for “In the last working week, did you wear an air-supplied breathing apparatus or self-contained breathing apparatus (SCBA) during overhaul or clean up?”. You may have been exposed to a solvent found in fuels and some industrial processes, classified as a known human carcinogen."
18116,Benzene,FIRE_Firefighter,EST,high,"Your answers indicate: “Don't know” for “In the last working week, did you wear an air-supplied breathing apparatus or self-contained breathing apparatus (SCBA) when doing preventative burning or controlled burning?”. You may have been exposed to a solvent found in fuels and some industrial processes, classified as a known human carcinogen."
18145,Carbon Monoxide,FIRE_Firefighter,ACUTE,high,"Your answers indicate: “Don't know” for “In the last working week, did you wear an air-supplied breathing apparatus or self-contained breathing apparatus (SCBA) during frontline firefighting?”. You may have been exposed to a gas from combustion sources, capable of serious acute poisoning at high concentrations."
18148,Carbon Monoxide,FIRE_Firefighter,ACUTE,high,"Your answers indicate: “Don't know” for “In the last working week, did you wear an air-supplied breathing apparatus or self-contained breathing apparatus (SCBA) during overhaul or clean up?”. You may have been exposed to a gas from combustion sources, capable of serious acute poisoning at high concentrations."
18150,Other PAHs,FIRE_Firefighter,EST,high,"Your answers indicate: “Don't know” for “In the last working week, did you wear an air-supplied breathing apparatus or self-contained breathing apparatus (SCBA) when doing preventative burning or controlled burning?”. You may have been exposed to polycyclic aromatic hydrocarbons formed by combustion, such as in coal, tar or soot, several classified as known or probable human carcinogens."
18151,Carbon Monoxide,FIRE_Firefighter,ACUTE,high,"Your answers indicate: “Don't know” for “In the last working week, did you wear an air-supplied breathing apparatus or self-contained breathing apparatus (SCBA) when doing preventative burning or controlled burning?”. You may have been exposed to a gas from combustion sources, capable of serious acute poisoning at high concentrations."
18166,Carbon Monoxide,FOUN_Foundry,ACUTE,high,"Your answers indicate: “No” for “Was this casting station inside a ventilated booth?”. You may have been exposed to a gas from combustion sources, capable of serious acute poisoning at high concentrations."
18167,Carbon Monoxide,FOUN_Foundry,ACUTE,high,"Your answers indicate: “Don't know” for “Was this casting station inside a ventilated booth?”. You may have been exposed to a gas from combustion sources, capable of serious acute poisoning at high concentrations."
18180,Chromium VI,MFAC_Metal Finishing & Coating,EST,high,"Your answers indicate: “Chromium” for “Which of the following metals, alloys or their related compounds did you use for thermal spray coating?”; and “Don't know” for “In the last working week, did you use an exhaust hood or local exhaust ventilation when applying the metal thermal spray coatings?”; and “No” for “In the last working week, did you use respiratory protection when applying the metal thermal spray coatings?”. You may have been exposed to a form of chromium used in some manufacturing such as plating or welding, classified as a known human carcinogen."
18181,Chromium VI,MFAC_Metal Finishing & Coating,EST,high,"Your answers indicate: “Chromium” for “Which of the following metals, alloys or their related compounds did you use for thermal spray coating?”; and “No” for “In the last working week, did you use an exhaust hood or local exhaust ventilation when applying the metal thermal spray coatings?”; and “Don't know” for “In the last working week, did you use respiratory protection when applying the metal thermal spray coatings?”. You may have been exposed to a form of chromium used in some manufacturing such as plating or welding, classified as a known human carcinogen."
18183,Chromium VI,MFAC_Metal Finishing & Coating,EST,high,"Your answers indicate: “Stainless steel” for “Which of the following metals, alloys or their related compounds did you use for thermal spray coating?”; and “Don't know” for “In the last working week, did you use an exhaust hood or local exhaust ventilation when applying the metal thermal spray coatings?”; and “No” for “In the last working week, did you use respiratory protection when applying the metal thermal spray coatings?”. You may have been exposed to a form of chromium used in some manufacturing such as plating or welding, classified as a known human carcinogen."
18184,Chromium VI,MFAC_Metal Finishing & Coating,EST,high,"Your answers indicate: “Stainless steel” for “Which of the following metals, alloys or their related compounds did you use for thermal spray coating?”; and “No” for “In the last working week, did you use an exhaust hood or local exhaust ventilation when applying the metal thermal spray coatings?”; and “Don't know” for “In the last working week, did you use respiratory protection when applying the metal thermal spray coatings?”. You may have been exposed to a form of chromium used in some manufacturing such as plating or welding, classified as a known human carcinogen."
18187,Chromium VI,MFAC_Metal Finishing & Coating,EST,high,"Your answers indicate: “Chromium carbide” for “Which of the following metals, alloys or their related compounds did you use for thermal spray coating?”; and “Don't know” for “In the last working week, did you use an exhaust hood or local exhaust ventilation when applying the metal thermal spray coatings?”; and “No” for “In the last working week, did you use respiratory protection when applying the metal thermal spray coatings?”. You may have been exposed to a form of chromium used in some manufacturing such as plating or welding, classified as a known human carcinogen."
18188,Chromium VI,MFAC_Metal Finishing & Coating,EST,high,"Your answers indicate: “Chromium carbide” for “Which of the following metals, alloys or their related compounds did you use for thermal spray coating?”; and “No” for “In the last working week, did you use an exhaust hood or local exhaust ventilation when applying the metal thermal spray coatings?”; and “Don't know” for “In the last working week, did you use respiratory protection when applying the metal thermal spray coatings?”. You may have been exposed to a form of chromium used in some manufacturing such as plating or welding, classified as a known human carcinogen."
18191,Chromium VI,MFAC_Metal Finishing & Coating,EST,high,"Your answers indicate: “Nichrome” for “Which of the following metals, alloys or their related compounds did you use for thermal spray coating?”; and “Don't know” for “In the last working week, did you use an exhaust hood or local exhaust ventilation when applying the metal thermal spray coatings?”; and “No” for “In the last working week, did you use respiratory protection when applying the metal thermal spray coatings?”. You may have been exposed to a form of chromium used in some manufacturing such as plating or welding, classified as a known human carcinogen."
18192,Chromium VI,MFAC_Metal Finishing & Coating,EST,high,"Your answers indicate: “Nichrome” for “Which of the following metals, alloys or their related compounds did you use for thermal spray coating?”; and “No” for “In the last working week, did you use an exhaust hood or local exhaust ventilation when applying the metal thermal spray coatings?”; and “Don't know” for “In the last working week, did you use respiratory protection when applying the metal thermal spray coatings?”. You may have been exposed to a form of chromium used in some manufacturing such as plating or welding, classified as a known human carcinogen."
18198,Cobalt,MINE_Miners/Quarrymen,EST,medium,"Your answers indicate: “At the mine face” for “In the last working week, where did you work?”; and “Cobalt” for “What was mined or quarried where you worked?”; and “Below/underground” for “In the last working week, what type of mine or quarry did you work in?”. You may have been exposed to a metal used in some manufacturing such as hard-metal tooling or batteries, linked to lung disease and classified as a possible human carcinogen."
18199,Cobalt,MINE_Miners/Quarrymen,EST,medium,"Your answers indicate: “In the passageways used to transport the ore to the surface” for “In the last working week, where did you work?”; and “Cobalt” for “What was mined or quarried where you worked?”; and “Below/underground” for “In the last working week, what type of mine or quarry did you work in?”. You may have been exposed to a metal used in some manufacturing such as hard-metal tooling or batteries, linked to lung disease and classified as a possible human carcinogen."
18200,Cobalt,MINE_Miners/Quarrymen,EST,medium,"Your answers indicate: “At the shaft” for “In the last working week, where did you work?”; and “Cobalt” for “What was mined or quarried where you worked?”; and “Below/underground” for “In the last working week, what type of mine or quarry did you work in?”. You may have been exposed to a metal used in some manufacturing such as hard-metal tooling or batteries, linked to lung disease and classified as a possible human carcinogen."
18201,Cobalt,MINE_Miners/Quarrymen,EST,medium,"Your answers indicate: “Cobalt” for “What was mined or quarried where you worked?”; and “Yes” for “In the last working week, did you work in an area that was dusty from the crusher?”. You may have been exposed to a metal used in some manufacturing such as hard-metal tooling or batteries, linked to lung disease and classified as a possible human carcinogen."
18236,Diesel Exhaust,MINE_Miners/Quarrymen,EST,high,"Your answers indicate: “At the shaft” for “In the last working week, where did you work?”. You may have been exposed to exhaust from diesel engines, classified as a known human carcinogen."
18237,Carbon Monoxide,MINE_Miners/Quarrymen,ACUTE,high,"Your answers indicate: “In the passageways used to transport the ore to the surface” for “In the last working week, where did you work?”. You may have been exposed to a gas from combustion sources, capable of serious acute poisoning at high concentrations."
18238,Carbon Monoxide,MINE_Miners/Quarrymen,ACUTE,high,"Your answers indicate: “At the shaft” for “In the last working week, where did you work?”. You may have been exposed to a gas from combustion sources, capable of serious acute poisoning at high concentrations."
18240,Carbon Monoxide,MINE_Miners/Quarrymen,ACUTE,high,"Your answers indicate: “At the mine face” for “In the last working week, where did you work?”; and “Below/underground” for “In the last working week, what type of mine or quarry did you work in?”. You may have been exposed to a gas from combustion sources, capable of serious acute poisoning at high concentrations."
18264,Other PAHs,POLI_Police,EST,high,"Your answers indicate: “Yes” for “In the last working week, did you attend any fires?”. You may have been exposed to polycyclic aromatic hydrocarbons formed by combustion, such as in coal, tar or soot, several classified as known or probable human carcinogens."
18267,Welding fumes,WELD_Welder,EST,high,"Your answers indicate: “No” for “In the last working week, did you wear an air supplied welding helmet when supervising other welders?”. You may have been exposed to fumes produced during welding, classified as a known human carcinogen."
18268,Welding fumes,WELD_Welder,EST,high,"Your answers indicate: “Don't know” for “In the last working week, did you wear an air supplied welding helmet when supervising other welders?”. You may have been exposed to fumes produced during welding, classified as a known human carcinogen."
18310,Nitrosamines,RUBB_Rubber or plastic Industry,EST,medium,"Your answers indicate: “Yes” for “In the last working week, did you work in the vulcanisation or curing area?”. You may have been exposed to chemicals that can form in some industrial processes, classified as probable human carcinogens."
18315,Styrene,RUBB_Rubber or plastic Industry,EST,medium,"Your answers indicate: “Yes” for “In the last working week, did you work cleaning out reactors?”. You may have been exposed to a chemical used in plastics and resin manufacturing, classified as a possible human carcinogen."
18345,Toluene,SHOE_Shoes and leather goods,EST,high,"Your answers indicate: “Yes” for “Did you work in the finishing process during the last working week?”; and “By fans in the window or doorway” for “How was the area where you worked ventilated?”. You may have been exposed to a solvent used in some manufacturing, a recognised cause of nervous system effects and, with heavy exposure, reproductive harm."
18369,Other PAHs,FIRE_Firefighter,EST,high,"Your answers indicate: “No” for “In the last working week, did you wear an air-supplied breathing apparatus or self-contained breathing apparatus (SCBA) during frontline firefighting?”. You may have been exposed to polycyclic aromatic hydrocarbons formed by combustion, such as in coal, tar or soot, several classified as known or probable human carcinogens."
18370,Other PAHs,FIRE_Firefighter,EST,high,"Your answers indicate: “Don't know” for “In the last working week, did you wear an air-supplied breathing apparatus or self-contained breathing apparatus (SCBA) during frontline firefighting?”. You may have been exposed to polycyclic aromatic hydrocarbons formed by combustion, such as in coal, tar or soot, several classified as known or probable human carcinogens."
18383,Formaldehyde,MFAC_Metal Finishing & Coating,EST,high,"Your answers indicate: “Yes” for “In the last working week, did you use formaldehyde solution?”. You may have been exposed to a chemical used in some manufacturing and building materials, classified as a known human carcinogen."
18475,Mineral Oils,PRIN_Printing,UNC,medium,"Your answers indicate: “Yes” for “In the last working week, did you perform maintenance work on printing machinery?”. You may have been exposed to petroleum-based oils used in manufacturing; historically linked to skin cancer with prolonged untreated exposure, though modern refined oils carry lower risk and evidence varies by oil type."
18503,Toluene,SHOE_Shoes and leather goods,EST,high,"Your answers indicate: “Yes” for “Did you work in the finishing process during the last working week?”; and “Don't know” for “How was the area where you worked ventilated?”. You may have been exposed to a solvent used in some manufacturing, a recognised cause of nervous system effects and, with heavy exposure, reproductive harm."
18505,n-hexane,SHOE_Shoes and leather goods,EST,high,"Your answers indicate: “Yes” for “Did you work in the finishing process during the last working week?”; and “No ventilation was applied to the area” for “How was the area where you worked ventilated?”. You may have been exposed to a solvent used in some manufacturing, a recognised cause of nerve damage with prolonged exposure."
18511,Toluene,SHOE_Shoes and leather goods,EST,high,"Your answers indicate: “Yes” for “Did you work in the finishing process during the last working week?”; and “By open doors or windows” for “How was the area where you worked ventilated?”. You may have been exposed to a solvent used in some manufacturing, a recognised cause of nervous system effects and, with heavy exposure, reproductive harm."
18514,n-hexane,SHOE_Shoes and leather goods,EST,high,"Your answers indicate: “Yes” for “Did you work in the finishing process during the last working week?”; and “By open doors or windows” for “How was the area where you worked ventilated?”. You may have been exposed to a solvent used in some manufacturing, a recognised cause of nerve damage with prolonged exposure."
18515,n-hexane,SHOE_Shoes and leather goods,EST,high,"Your answers indicate: “Yes” for “Did you work in the finishing process during the last working week?”; and “By fans in the window or doorway” for “How was the area where you worked ventilated?”. You may have been exposed to a solvent used in some manufacturing, a recognised cause of nerve damage with prolonged exposure."
18521,Toluene,SHOE_Shoes and leather goods,EST,high,"Your answers indicate: “Yes” for “Did you work in the finishing process during the last working week?”; and “No ventilation was applied to the area” for “How was the area where you worked ventilated?”. You may have been exposed to a solvent used in some manufacturing, a recognised cause of nervous system effects and, with heavy exposure, reproductive harm."
18522,n-hexane,SHOE_Shoes and leather goods,EST,high,"Your answers indicate: “Yes” for “Did you work in the finishing process during the last working week?”; and “Don't know” for “How was the area where you worked ventilated?”. You may have been exposed to a solvent used in some manufacturing, a recognised cause of nerve damage with prolonged exposure."
18867,Ionizing radiation,aENU Nuclear energy & waste aJSM,EST,high,"Your answers indicate: “Yes” for “In the last year, were you restricted from working at your normal job because of excessive exposure to ionising radiation?”. You may have been exposed to radiation from sources such as X-rays or radioactive materials, classified as a known human carcinogen."
18868,Ionizing radiation,aENU Nuclear energy & waste aJSM,EST,high,"Your answers indicate: “Yes” for “In the last year, were you a victim of a radiation accident at work?”. You may have been exposed to radiation from sources such as X-rays or radioactive materials, classified as a known human carcinogen."
18873,Lead,aGUN guns,EST,high,"Your answers indicate: “No” for “Did you use respiratory protection when instructing or practicing firing a gun at a firing range?”. You may have been exposed to a metal used in some manufacturing, a recognised cause of serious effects on the nervous system, kidneys and reproductive health."
18874,Lead,aGUN guns,EST,high,"Your answers indicate: “Don't know” for “Did you use respiratory protection when instructing or practicing firing a gun at a firing range?”. You may have been exposed to a metal used in some manufacturing, a recognised cause of serious effects on the nervous system, kidneys and reproductive health."
18875,Lead,aGUN guns,EST,high,"Your answers indicate: “Using a brush or sweeping the area with a broom” for “How did you clean up the firing range?”. You may have been exposed to a metal used in some manufacturing, a recognised cause of serious effects on the nervous system, kidneys and reproductive health."
18876,Lead,aGUN guns,EST,high,"Your answers indicate: “Using compressed air” for “How did you clean up the firing range?”. You may have been exposed to a metal used in some manufacturing, a recognised cause of serious effects on the nervous system, kidneys and reproductive health."
18893,"1,3 butadiene",RUBB_Rubber or plastic Industry,EST,high,"Your answers indicate: “Yes” for “In the last working week, did you work in the tank farm?”. You may have been exposed to a chemical used in rubber and plastics manufacturing, classified as a known human carcinogen."
18894,"1,3 butadiene",RUBB_Rubber or plastic Industry,EST,high,"Your answers indicate: “Yes” for “In the last working week, did you work cleaning out reactors?”. You may have been exposed to a chemical used in rubber and plastics manufacturing, classified as a known human carcinogen."
18895,"1,3 butadiene",RUBB_Rubber or plastic Industry,EST,high,"Your answers indicate: “Yes” for “In the last working week, did you work on samples in the laboratory?”. You may have been exposed to a chemical used in rubber and plastics manufacturing, classified as a known human carcinogen."
18925,Formaldehyde,ARTF_Artist/Film Processing,EST,high,"Your answers indicate: “Yes” for “In the last working week, did you mix the developer, stabiliser, or hardener solutions yourself when processing films manually?”; and “No ventilation was applied to the area” for “How was the area where you processed your own films ventilated?”; and “Formaldehyde/formalin” for “In the last working week, did you come in contact with any of the following film processing chemicals?”. You may have been exposed to a chemical used in some manufacturing and building materials, classified as a known human carcinogen."
18966,Silica,CERA_Ceramics Glass Prod,EST,high,"Your answers indicate: “Don't know” for “What types of measures were used to reduce the amount of dust in your work area in the last working week?”; and “Pottery” for “What types of ceramic or glass products are made where you work?”. You may have been exposed to crystalline silica dust from cutting, grinding or drilling into materials like concrete, classified as a known human carcinogen and cause of silicosis."
18967,Silica,CERA_Ceramics Glass Prod,EST,high,"Your answers indicate: “Don't know” for “What types of measures were used to reduce the amount of dust in your work area in the last working week?”; and “Sanitary ware” for “What types of ceramic or glass products are made where you work?”. You may have been exposed to crystalline silica dust from cutting, grinding or drilling into materials like concrete, classified as a known human carcinogen and cause of silicosis."
18968,Silica,CERA_Ceramics Glass Prod,EST,high,"Your answers indicate: “Don't know” for “What types of measures were used to reduce the amount of dust in your work area in the last working week?”; and “Clay pipes” for “What types of ceramic or glass products are made where you work?”. You may have been exposed to crystalline silica dust from cutting, grinding or drilling into materials like concrete, classified as a known human carcinogen and cause of silicosis."
18969,Silica,CERA_Ceramics Glass Prod,EST,high,"Your answers indicate: “Don't know” for “What types of measures were used to reduce the amount of dust in your work area in the last working week?”; and “Tiles” for “What types of ceramic or glass products are made where you work?”. You may have been exposed to crystalline silica dust from cutting, grinding or drilling into materials like concrete, classified as a known human carcinogen and cause of silicosis."
18970,Silica,CERA_Ceramics Glass Prod,EST,high,"Your answers indicate: “Don't know” for “What types of measures were used to reduce the amount of dust in your work area in the last working week?”; and “Bricks” for “What types of ceramic or glass products are made where you work?”. You may have been exposed to crystalline silica dust from cutting, grinding or drilling into materials like concrete, classified as a known human carcinogen and cause of silicosis."
18982,Silica,CERA_Ceramics Glass Prod,EST,high,"Your answers indicate: “No” for “Did you use an extracted booth when preparing enamels in the last working week?”. You may have been exposed to crystalline silica dust from cutting, grinding or drilling into materials like concrete, classified as a known human carcinogen and cause of silicosis."
18983,Silica,CERA_Ceramics Glass Prod,EST,high,"Your answers indicate: “Don't know” for “Did you use an extracted booth when preparing enamels in the last working week?”. You may have been exposed to crystalline silica dust from cutting, grinding or drilling into materials like concrete, classified as a known human carcinogen and cause of silicosis."
19005,Formaldehyde,UPHO_Upholstery,EST,high,"Your answers indicate: “Shrink resistance” for “What finishes did you apply to the fabrics or finished products?”. You may have been exposed to a chemical used in some manufacturing and building materials, classified as a known human carcinogen."
19105,Mineral Oils,PRIN_Printing,UNC,medium,"Your answers indicate: “Yes” for “Did you use mineral-oil based inks when doing letterpress or relief printing in the last working week?”. You may have been exposed to petroleum-based oils used in manufacturing; historically linked to skin cancer with prolonged untreated exposure, though modern refined oils carry lower risk and evidence varies by oil type."
19160,Ethylene oxide,"IMAR_Industrial Manufacturing, Assembly and repair",EST,high,"Your answers indicate: “No” for “In the last working week, did you use ethylene oxide in a totally closed system?”. You may have been exposed to a gas used in sterilisation and some manufacturing, classified as a known human carcinogen."
19190,Ethylene oxide,aCON Container handling,EST,high,"Your answers indicate: “Yes” for “Did you observe any leak in at least one of the containers?”. You may have been exposed to a gas used in sterilisation and some manufacturing, classified as a known human carcinogen."
19191,Formaldehyde,aCON Container handling,EST,high,"Your answers indicate: “Yes” for “Did you observe any leak in at least one of the containers?”. You may have been exposed to a chemical used in some manufacturing and building materials, classified as a known human carcinogen."
19193,Benzene,aCON Container handling,EST,high,"Your answers indicate: “Yes” for “Did you observe any leak in at least one of the containers?”. You may have been exposed to a solvent found in fuels and some industrial processes, classified as a known human carcinogen."
19262,Trichloroethylene,aDEG Degreasing,EST,high,"Your answers indicate: “No” for “In the last working week, did you use respiratory protection when degreasing items with chemicals other than detergents?”; and “Yes” for “Did you use trichloroethylene (Trike) in the dip tank?”. You may have been exposed to a solvent used in some manufacturing such as degreasing, classified as a known human carcinogen."
19263,Trichloroethylene,aDEG Degreasing,EST,high,"Your answers indicate: “No” for “In the last working week, did you use respiratory protection when degreasing items with chemicals other than detergents?”; and “Yes” for “Did you use trichloroethylene (Trike) in the vapour degreaser?”. You may have been exposed to a solvent used in some manufacturing such as degreasing, classified as a known human carcinogen."
19264,Trichloroethylene,aDEG Degreasing,EST,high,"Your answers indicate: “No” for “In the last working week, did you use respiratory protection when degreasing items with chemicals other than detergents?”; and “Yes” for “Did you use trichloroethylene (Trike) in the ultrasonic cleaner?”. You may have been exposed to a solvent used in some manufacturing such as degreasing, classified as a known human carcinogen."
19266,Trichloroethylene,aDEG Degreasing,EST,high,"Your answers indicate: “Don't know” for “In the last working week, did you use respiratory protection when degreasing items with chemicals other than detergents?”; and “Yes” for “Did you use trichloroethylene (Trike) in the dip tank?”. You may have been exposed to a solvent used in some manufacturing such as degreasing, classified as a known human carcinogen."
19267,Trichloroethylene,aDEG Degreasing,EST,high,"Your answers indicate: “Don't know” for “In the last working week, did you use respiratory protection when degreasing items with chemicals other than detergents?”; and “Yes” for “Did you use trichloroethylene (Trike) in the vapour degreaser?”. You may have been exposed to a solvent used in some manufacturing such as degreasing, classified as a known human carcinogen."
19268,Trichloroethylene,aDEG Degreasing,EST,high,"Your answers indicate: “Don't know” for “In the last working week, did you use respiratory protection when degreasing items with chemicals other than detergents?”; and “Yes” for “Did you use trichloroethylene (Trike) in the ultrasonic cleaner?”. You may have been exposed to a solvent used in some manufacturing such as degreasing, classified as a known human carcinogen."
19286,Ionizing radiation,aFFL Frequent Flyer aJSM,EST,high,"Your answers indicate: “8 or more” for “How many flights did you take for work which had more than 6 hours duration?”. You may have been exposed to radiation from sources such as X-rays or radioactive materials, classified as a known human carcinogen."
19287,Ionizing radiation,aFFL Frequent Flyer aJSM,EST,high,"Your answers indicate: “Yes” for “In the last month, did you fly over the South or North poles for work?”. You may have been exposed to radiation from sources such as X-rays or radioactive materials, classified as a known human carcinogen."
19288,Benzene,aFPE Fuel-powered equipment,EST,high,"Your answers indicate: “Petrol” for “What type of fuel was used in the equipment (other than vehicles) you used or repaired?”; and “No ventilation was applied to the area” for “How was the area ventilated where you were using or repairing the equipment?”. You may have been exposed to a solvent found in fuels and some industrial processes, classified as a known human carcinogen."
19289,Diesel Exhaust,aFPE Fuel-powered equipment,EST,high,"Your answers indicate: “Diesel” for “What type of fuel was used in the equipment (other than vehicles) you used or repaired?”; and “No ventilation was applied to the area” for “How was the area ventilated where you were using or repairing the equipment?”. You may have been exposed to exhaust from diesel engines, classified as a known human carcinogen."
19293,Benzene,aFTC Fuel tank cleaning,EST,high,"Your answers indicate: “Petrol” for “What type of fuel was in the fuel tank that you cleaned?”; and “No” for “In the last working week, did you use an air-supplied respirator or SCBA (self-contained breathing apparatus) to enter the tank and clean it?”; and “No” for “In the last working week, was the tank ventilated before you entered to clean it?”. You may have been exposed to a solvent found in fuels and some industrial processes, classified as a known human carcinogen."
19296,Benzene,aFTC Fuel tank cleaning,EST,high,"Your answers indicate: “Jet fuel” for “What type of fuel was in the fuel tank that you cleaned?”; and “No” for “In the last working week, did you use an air-supplied respirator or SCBA (self-contained breathing apparatus) to enter the tank and clean it?”; and “No” for “In the last working week, was the tank ventilated before you entered to clean it?”. You may have been exposed to a solvent found in fuels and some industrial processes, classified as a known human carcinogen."
19301,Benzene,aFTC Fuel tank cleaning,EST,high,"Your answers indicate: “Crude oil” for “What type of fuel was in the fuel tank that you cleaned?”; and “No” for “In the last working week, did you use an air-supplied respirator or SCBA (self-contained breathing apparatus) to enter the tank and clean it?”; and “No” for “In the last working week, was the tank ventilated before you entered to clean it?”. You may have been exposed to a solvent found in fuels and some industrial processes, classified as a known human carcinogen."
19306,Benzene,aFTC Fuel tank cleaning,EST,high,"Your answers indicate: “Solvent-based cleaners (e.g Petroleum distillates/ hydrocarbon cleaners)” for “Did you use any of the following products to clean inside the fuel tanks?”; and “No” for “In the last working week, did you use an air-supplied respirator or SCBA (self-contained breathing apparatus) to enter the tank and clean it?”; and “No” for “In the last working week, was the tank ventilated before you entered to clean it?”. You may have been exposed to a solvent found in fuels and some industrial processes, classified as a known human carcinogen."
19311,Benzene,aFTC Fuel tank cleaning,EST,high,"Your answers indicate: “Crude oil” for “Did you use any of the following products to clean inside the fuel tanks?”; and “No” for “In the last working week, did you use an air-supplied respirator or SCBA (self-contained breathing apparatus) to enter the tank and clean it?”; and “No” for “In the last working week, was the tank ventilated before you entered to clean it?”. You may have been exposed to a solvent found in fuels and some industrial processes, classified as a known human carcinogen."
19385,Ethylene oxide,aFUM Fumigation,EST,high,"Your answers indicate: “Ethylene oxide” for “What chemical was used for fumigation?”; and “Close to where the fumigation was occurring, sometimes called the risk area” for “In which area did you work when fumigation was being carried out?”; and “Don't know” for “In the last working week, did you use respiratory protection when fumigation was being carried out?”. You may have been exposed to a gas used in sterilisation and some manufacturing, classified as a known human carcinogen."
19386,Ethylene oxide,aFUM Fumigation,EST,high,"Your answers indicate: “Ethylene oxide” for “What chemical was used for fumigation?”; and “Close to where the fumigation was occurring, sometimes called the risk area” for “In which area did you work when fumigation was being carried out?”; and “No” for “In the last working week, did you use respiratory protection when fumigation was being carried out?”. You may have been exposed to a gas used in sterilisation and some manufacturing, classified as a known human carcinogen."
19387,Ethylene oxide,aFUM Fumigation,EST,high,"Your answers indicate: “Ethylene oxide” for “What chemical was used for fumigation?”; and “Close to where the fumigation was occurring, sometimes called the risk area” for “In which area did you work when fumigation was being carried out?”; and “A filtering face piece mask or dust mask (called an FFP)” for “What types of respiratory protective equipment (RPE) did you use?”. You may have been exposed to a gas used in sterilisation and some manufacturing, classified as a known human carcinogen."
19395,Formaldehyde,aFUM Fumigation,EST,high,"Your answers indicate: “Formaldehyde” for “What chemical was used for fumigation?”; and “Close to where the fumigation was occurring, sometimes called the risk area” for “In which area did you work when fumigation was being carried out?”; and “Don't know” for “In the last working week, did you use respiratory protection when fumigation was being carried out?”. You may have been exposed to a chemical used in some manufacturing and building materials, classified as a known human carcinogen."
19396,Formaldehyde,aFUM Fumigation,EST,high,"Your answers indicate: “Formaldehyde” for “What chemical was used for fumigation?”; and “Close to where the fumigation was occurring, sometimes called the risk area” for “In which area did you work when fumigation was being carried out?”; and “No” for “In the last working week, did you use respiratory protection when fumigation was being carried out?”. You may have been exposed to a chemical used in some manufacturing and building materials, classified as a known human carcinogen."
19397,Formaldehyde,aFUM Fumigation,EST,high,"Your answers indicate: “Formaldehyde” for “What chemical was used for fumigation?”; and “Close to where the fumigation was occurring, sometimes called the risk area” for “In which area did you work when fumigation was being carried out?”; and “A filtering face piece mask or dust mask (called an FFP)” for “What types of respiratory protective equipment (RPE) did you use?”. You may have been exposed to a chemical used in some manufacturing and building materials, classified as a known human carcinogen."
19404,Cadmium,"aFUR Furnace cleaning, installation and maintenance",EST,high,"Your answers indicate: “No” for “In the last working week, did you wear respiratory protection when manually cleaning ash or scale from the furnace?”. You may have been exposed to a metal used in some manufacturing such as batteries or coatings, classified as a known human carcinogen."
19407,Cadmium,"aFUR Furnace cleaning, installation and maintenance",EST,high,"Your answers indicate: “Don't know” for “In the last working week, did you wear respiratory protection when manually cleaning ash or scale from the furnace?”. You may have been exposed to a metal used in some manufacturing such as batteries or coatings, classified as a known human carcinogen."
19410,Lead,"aFUR Furnace cleaning, installation and maintenance",EST,high,"Your answers indicate: “Yes” for “In the last working week, did you manually clean out ash or scale from the furnace?”. You may have been exposed to a metal used in some manufacturing, a recognised cause of serious effects on the nervous system, kidneys and reproductive health."
19419,Asbestos,"aFUR Furnace cleaning, installation and maintenance",EST,high,"Your answers indicate: “Yes” for “In the last working week, did you remove or maintain lining made out of asbestos?”; and “No” for “In the last working week, did you use respiratory protection when re-lining, cleaning or maintaining furnaces?”. You may have been exposed to a mineral fibre once widely used in building materials, classified as a known human carcinogen."
19423,Asbestos,"aFUR Furnace cleaning, installation and maintenance",EST,high,"Your answers indicate: “Yes” for “In the last working week, did you remove or maintain lining made out of asbestos?”; and “Don't know” for “In the last working week, did you use respiratory protection when re-lining, cleaning or maintaining furnaces?”. You may have been exposed to a mineral fibre once widely used in building materials, classified as a known human carcinogen."
19424,Asbestos,"aFUR Furnace cleaning, installation and maintenance",EST,high,"Your answers indicate: “Yes” for “In the last working week, did you remove or maintain lining made out of asbestos?”; and “A filtering face piece mask or dust mask (called an FFP)” for “What types of respiratory protective equipment (RPE) did you use?”. You may have been exposed to a mineral fibre once widely used in building materials, classified as a known human carcinogen."
19426,Silica,"aFUR Furnace cleaning, installation and maintenance",EST,high,"Your answers indicate: “Refractory bricks” for “What did you use to re-line the furnaces?”; and “No” for “In the last working week, did you use respiratory protection when re-lining, cleaning or maintaining furnaces?”. You may have been exposed to crystalline silica dust from cutting, grinding or drilling into materials like concrete, classified as a known human carcinogen and cause of silicosis."
19427,Silica,"aFUR Furnace cleaning, installation and maintenance",EST,high,"Your answers indicate: “Refractory bricks” for “What did you use to re-line the furnaces?”; and “A filtering face piece mask or dust mask (called an FFP)” for “What types of respiratory protective equipment (RPE) did you use?”. You may have been exposed to crystalline silica dust from cutting, grinding or drilling into materials like concrete, classified as a known human carcinogen and cause of silicosis."
19429,Silica,"aFUR Furnace cleaning, installation and maintenance",EST,high,"Your answers indicate: “Ceramic fibres or alumino-silicate wools (ASW)” for “What did you use to re-line the furnaces?”; and “A filtering face piece mask or dust mask (called an FFP)” for “What types of respiratory protective equipment (RPE) did you use?”. You may have been exposed to crystalline silica dust from cutting, grinding or drilling into materials like concrete, classified as a known human carcinogen and cause of silicosis."
19438,Formaldehyde,aGAL Anatomy laboratory aJSM,EST,high,"Your answers indicate: “No” for “In the last working week, did you use locally exhausted dissection tables when carrying out anatomical dissections?”; and “No ventilation was applied to the area” for “How was the area where you worked ventilated?”. You may have been exposed to a chemical used in some manufacturing and building materials, classified as a known human carcinogen."
19439,Formaldehyde,aGAL Anatomy laboratory aJSM,EST,high,"Your answers indicate: “Don't know” for “In the last working week, did you use locally exhausted dissection tables when carrying out anatomical dissections?”; and “No ventilation was applied to the area” for “How was the area where you worked ventilated?”. You may have been exposed to a chemical used in some manufacturing and building materials, classified as a known human carcinogen."
19445,Formaldehyde,aGAL Anatomy laboratory aJSM,EST,high,"Your answers indicate: “Yes” for “Did you or your colleagues fill the containers with formalin in an open workspace (without local extraction)?”; and “No ventilation was applied to the area” for “How was the area where you worked ventilated?”. You may have been exposed to a chemical used in some manufacturing and building materials, classified as a known human carcinogen."
19447,Formaldehyde,aGAL Anatomy laboratory aJSM,EST,high,"Your answers indicate: “Yes” for “Were the biological tissues extracted from the corpse deposited in formaldehyde solution (formalin)?”; and “No ventilation was applied to the area” for “How was the area where you worked ventilated?”. You may have been exposed to a chemical used in some manufacturing and building materials, classified as a known human carcinogen."
19449,Formaldehyde,aGAL Anatomy laboratory aJSM,EST,high,"Your answers indicate: “Yes” for “Did you or your colleagues fill the containers with formalin in an open workspace (without local extraction)?”; and “No ventilation was applied to the area” for “How was the area where you worked ventilated?”. You may have been exposed to a chemical used in some manufacturing and building materials, classified as a known human carcinogen."
19458,Formaldehyde,aGLU Glues aJSM,EST,high,"Your answers indicate: “Yes” for “In the last working week, did you use epoxy two-part glues?”; and “No ventilation was applied to the area” for “How was the area ventilated where you handled or came in contact with glues, resins, bogs, or fillers?”; and “No” for “In the last working week, did you use respiratory protection while handling or coming in contact with glues, resins, bogs, or fillers?”. You may have been exposed to a chemical used in some manufacturing and building materials, classified as a known human carcinogen."
19459,Formaldehyde,aGLU Glues aJSM,EST,high,"Your answers indicate: “Yes” for “In the last working week, did you use epoxy two-part glues?”; and “No ventilation was applied to the area” for “How was the area ventilated where you handled or came in contact with glues, resins, bogs, or fillers?”; and “Don't know” for “In the last working week, did you use respiratory protection while handling or coming in contact with glues, resins, bogs, or fillers?”. You may have been exposed to a chemical used in some manufacturing and building materials, classified as a known human carcinogen."
19462,Formaldehyde,aGLU Glues aJSM,EST,high,"Your answers indicate: “Plastic resin wood glue (also called urea-formaldehyde resin)” for “In the last working week, did you use any of the following types of glues or adhesives?”; and “No ventilation was applied to the area” for “How was the area ventilated where you handled or came in contact with glues, resins, bogs, or fillers?”; and “No” for “In the last working week, did you use respiratory protection while handling or coming in contact with glues, resins, bogs, or fillers?”. You may have been exposed to a chemical used in some manufacturing and building materials, classified as a known human carcinogen."
19463,Formaldehyde,aGLU Glues aJSM,EST,high,"Your answers indicate: “Plastic resin wood glue (also called urea-formaldehyde resin)” for “In the last working week, did you use any of the following types of glues or adhesives?”; and “No ventilation was applied to the area” for “How was the area ventilated where you handled or came in contact with glues, resins, bogs, or fillers?”; and “Don't know” for “In the last working week, did you use respiratory protection while handling or coming in contact with glues, resins, bogs, or fillers?”. You may have been exposed to a chemical used in some manufacturing and building materials, classified as a known human carcinogen."
19471,Diesel Exhaust,aGEX Generator Exhaust aJSM,EST,high,"Your answers indicate: “Diesel” for “What were these generators powered by?”; and “Don't know” for “How was the area ventilated where the generators were running?”; and “Less than 20 metres” for “How far away were you working from these generators?”; and “Yes” for “In the last working week, did you smell exhaust fumes from the generators?”. You may have been exposed to exhaust from diesel engines, classified as a known human carcinogen."
19472,Diesel Exhaust,aGEX Generator Exhaust aJSM,EST,high,"Your answers indicate: “Diesel” for “What were these generators powered by?”; and “No ventilation was applied to the area” for “How was the area ventilated where the generators were running?”; and “Less than 20 metres” for “How far away were you working from these generators?”; and “Yes” for “In the last working week, did you smell exhaust fumes from the generators?”. You may have been exposed to exhaust from diesel engines, classified as a known human carcinogen."
19496,Ionizing radiation,aMXR Medical radiation,EST,high,"Your answers indicate: “Equal to or more than 20 milliSievert per year” for “What is the radiation dose you had last year?”. You may have been exposed to radiation from sources such as X-rays or radioactive materials, classified as a known human carcinogen."
19515,Silica,aSAN Sanding aJSM,EST,high,"Your answers indicate: “Artificial stone such as engineered, agglomerated or reconstituted stone, also known as quartz conglomerate or quartzites, Caesarstone, Silestone, Technistone” for “In the last working week, did you sand any of the following items?”. You may have been exposed to crystalline silica dust from cutting, grinding or drilling into materials like concrete, classified as a known human carcinogen and cause of silicosis."
19584,Ocular UV EU,aUVR Solar UV aJSM,EST,high,"Your answers indicate: “Snow” for “In the last working week, did you work with or near any of the following reflective surfaces?”; and “No” for “In the last working week, did you wear sunglasses when you were working outside?”. You may have been exposed to ultraviolet light exposure to the eyes, a recognised cause of eye damage including cataracts."
19585,Ocular UV EU,aUVR Solar UV aJSM,EST,high,"Your answers indicate: “Snow” for “In the last working week, did you work with or near any of the following reflective surfaces?”; and “Don't know” for “In the last working week, did you wear sunglasses when you were working outside?”. You may have been exposed to ultraviolet light exposure to the eyes, a recognised cause of eye damage including cataracts."
19596,Trichloroethylene,CHEM_Chemical Pharmaceutical Manufacturing,EST,high,"Your answers indicate: “None of these” for “In the last working week, how did you work with trichloroethylene?”. You may have been exposed to a solvent used in some manufacturing such as degreasing, classified as a known human carcinogen."
19597,Trichloroethylene,CHEM_Chemical Pharmaceutical Manufacturing,EST,high,"Your answers indicate: “Don’t know” for “In the last working week, how did you work with trichloroethylene?”. You may have been exposed to a solvent used in some manufacturing such as degreasing, classified as a known human carcinogen."
19603,Cadmium,CHEM_Chemical Pharmaceutical Manufacturing,EST,high,"Your answers indicate: “None of these” for “In the last working week, how did you work with cadmium or cadmium compounds?”. You may have been exposed to a metal used in some manufacturing such as batteries or coatings, classified as a known human carcinogen."
19604,Cadmium,CHEM_Chemical Pharmaceutical Manufacturing,EST,high,"Your answers indicate: “Don’t know” for “In the last working week, how did you work with cadmium or cadmium compounds?”. You may have been exposed to a metal used in some manufacturing such as batteries or coatings, classified as a known human carcinogen."
19624,Ethylene oxide,CHEM_Chemical Pharmaceutical Manufacturing,EST,high,"Your answers indicate: “None of these” for “In the last working week, how did you work with ethylene oxide?”. You may have been exposed to a gas used in sterilisation and some manufacturing, classified as a known human carcinogen."
19625,Ethylene oxide,CHEM_Chemical Pharmaceutical Manufacturing,EST,high,"Your answers indicate: “Don't know” for “In the last working week, how did you work with ethylene oxide?”. You may have been exposed to a gas used in sterilisation and some manufacturing, classified as a known human carcinogen."
19636,Ethylene oxide,CHEM_Chemical Pharmaceutical Manufacturing,EST,high,"Your answers indicate: “Loading or unloading substances into/from the process or for storage” for “In the last working week, did your work involve the following?”; and “Ethylene oxide” for “In the last working week, did you work with any of the following industrial chemicals?”. You may have been exposed to a gas used in sterilisation and some manufacturing, classified as a known human carcinogen."
19637,Formaldehyde,CHEM_Chemical Pharmaceutical Manufacturing,EST,high,"Your answers indicate: “Loading or unloading substances into/from the process or for storage” for “In the last working week, did your work involve the following?”; and “Don't know” for “In the last working week, how did you work with formaldehyde?”. You may have been exposed to a chemical used in some manufacturing and building materials, classified as a known human carcinogen."
19642,Ethylene oxide,CHEM_Chemical Pharmaceutical Manufacturing,EST,high,"Your answers indicate: “Taking samples from the process or from delivery” for “In the last working week, did your work involve the following?”; and “Ethylene oxide” for “In the last working week, did you work with any of the following industrial chemicals?”. You may have been exposed to a gas used in sterilisation and some manufacturing, classified as a known human carcinogen."
19643,Formaldehyde,CHEM_Chemical Pharmaceutical Manufacturing,EST,high,"Your answers indicate: “Taking samples from the process or from delivery” for “In the last working week, did your work involve the following?”; and “None of these” for “In the last working week, how did you work with formaldehyde?”. You may have been exposed to a chemical used in some manufacturing and building materials, classified as a known human carcinogen."
19651,Ethylene oxide,CHEM_Chemical Pharmaceutical Manufacturing,EST,high,"Your answers indicate: “Process cleaning and routine maintenance tasks (e.g. substitution/ cleaning of filters)” for “In the last working week, did your work involve the following?”; and “Ethylene oxide” for “In the last working week, did you work with any of the following industrial chemicals?”. You may have been exposed to a gas used in sterilisation and some manufacturing, classified as a known human carcinogen."
19658,"1,3 butadiene",CHEM_Chemical Pharmaceutical Manufacturing,EST,high,"Your answers indicate: “Process cleaning and routine maintenance tasks (e.g. substitution/ cleaning of filters)” for “In the last working week, did your work involve the following?”; and “Don't know” for “In the last working week, how did you work with 1,3 butadiene?”. You may have been exposed to a chemical used in rubber and plastics manufacturing, classified as a known human carcinogen."
19659,"1,3 butadiene",CHEM_Chemical Pharmaceutical Manufacturing,EST,high,"Your answers indicate: “Process cleaning and routine maintenance tasks (e.g. substitution/ cleaning of filters)” for “In the last working week, did your work involve the following?”; and “None of these” for “In the last working week, how did you work with 1,3 butadiene?”. You may have been exposed to a chemical used in rubber and plastics manufacturing, classified as a known human carcinogen."
19660,diethyl/dimethyl sulphate,CHEM_Chemical Pharmaceutical Manufacturing,EST,medium,"Your answers indicate: “Process cleaning and routine maintenance tasks (e.g. substitution/ cleaning of filters)” for “In the last working week, did your work involve the following?”; and “None of these” for “In the last working week, how did you work with diethyl or dimethyl sulphate?”. You may have been exposed to reactive chemicals used in some manufacturing, classified as probable human carcinogens."
19661,diethyl/dimethyl sulphate,CHEM_Chemical Pharmaceutical Manufacturing,EST,medium,"Your answers indicate: “Process cleaning and routine maintenance tasks (e.g. substitution/ cleaning of filters)” for “In the last working week, did your work involve the following?”; and “Don't know” for “In the last working week, how did you work with diethyl or dimethyl sulphate?”. You may have been exposed to reactive chemicals used in some manufacturing, classified as probable human carcinogens."
19662,Epichlorhydrin,CHEM_Chemical Pharmaceutical Manufacturing,EST,medium,"Your answers indicate: “Process cleaning and routine maintenance tasks (e.g. substitution/ cleaning of filters)” for “In the last working week, did your work involve the following?”; and “Don't know” for “In the last working week, how did you work with epichlorohydrin?”. You may have been exposed to a chemical used in some manufacturing such as epoxy resins, classified as a probable human carcinogen."
19663,Epichlorhydrin,CHEM_Chemical Pharmaceutical Manufacturing,EST,medium,"Your answers indicate: “Process cleaning and routine maintenance tasks (e.g. substitution/ cleaning of filters)” for “In the last working week, did your work involve the following?”; and “None of these” for “In the last working week, how did you work with epichlorohydrin?”. You may have been exposed to a chemical used in some manufacturing such as epoxy resins, classified as a probable human carcinogen."
19665,Formaldehyde,CHEM_Chemical Pharmaceutical Manufacturing,EST,high,"Your answers indicate: “Process cleaning and routine maintenance tasks (e.g. substitution/ cleaning of filters)” for “In the last working week, did your work involve the following?”; and “Don't know” for “In the last working week, how did you work with formaldehyde?”. You may have been exposed to a chemical used in some manufacturing and building materials, classified as a known human carcinogen."
19667,Formaldehyde,CHEM_Chemical Pharmaceutical Manufacturing,EST,high,"Your answers indicate: “Process cleaning and routine maintenance tasks (e.g. substitution/ cleaning of filters)” for “In the last working week, did your work involve the following?”; and “None of these” for “In the last working week, how did you work with formaldehyde?”. You may have been exposed to a chemical used in some manufacturing and building materials, classified as a known human carcinogen."
19668,Ortho-toluidine,CHEM_Chemical Pharmaceutical Manufacturing,EST,medium,"Your answers indicate: “Process cleaning and routine maintenance tasks (e.g. substitution/ cleaning of filters)” for “In the last working week, did your work involve the following?”; and “None of these” for “In the last working week, how did you work with ortho-toluidine?”. You may have been exposed to a chemical used in some dye and rubber manufacturing, classified as a known human carcinogen."
19669,Ortho-toluidine,CHEM_Chemical Pharmaceutical Manufacturing,EST,medium,"Your answers indicate: “Process cleaning and routine maintenance tasks (e.g. substitution/ cleaning of filters)” for “In the last working week, did your work involve the following?”; and “Don't know” for “In the last working week, how did you work with ortho-toluidine?”. You may have been exposed to a chemical used in some dye and rubber manufacturing, classified as a known human carcinogen."
19670,"1,3 butadiene",CHEM_Chemical Pharmaceutical Manufacturing,EST,high,"Your answers indicate: “Taking samples from the process or from delivery” for “In the last working week, did your work involve the following?”; and “None of these” for “In the last working week, how did you work with 1,3 butadiene?”. You may have been exposed to a chemical used in rubber and plastics manufacturing, classified as a known human carcinogen."
19671,"1,3 butadiene",CHEM_Chemical Pharmaceutical Manufacturing,EST,high,"Your answers indicate: “Taking samples from the process or from delivery” for “In the last working week, did your work involve the following?”; and “Don't know” for “In the last working week, how did you work with 1,3 butadiene?”. You may have been exposed to a chemical used in rubber and plastics manufacturing, classified as a known human carcinogen."
19672,diethyl/dimethyl sulphate,CHEM_Chemical Pharmaceutical Manufacturing,EST,medium,"Your answers indicate: “Taking samples from the process or from delivery” for “In the last working week, did your work involve the following?”; and “None of these” for “In the last working week, how did you work with diethyl or dimethyl sulphate?”. You may have been exposed to reactive chemicals used in some manufacturing, classified as probable human carcinogens."
19673,diethyl/dimethyl sulphate,CHEM_Chemical Pharmaceutical Manufacturing,EST,medium,"Your answers indicate: “Taking samples from the process or from delivery” for “In the last working week, did your work involve the following?”; and “Don't know” for “In the last working week, how did you work with diethyl or dimethyl sulphate?”. You may have been exposed to reactive chemicals used in some manufacturing, classified as probable human carcinogens."
19674,Epichlorhydrin,CHEM_Chemical Pharmaceutical Manufacturing,EST,medium,"Your answers indicate: “Taking samples from the process or from delivery” for “In the last working week, did your work involve the following?”; and “None of these” for “In the last working week, how did you work with epichlorohydrin?”. You may have been exposed to a chemical used in some manufacturing such as epoxy resins, classified as a probable human carcinogen."
19675,Epichlorhydrin,CHEM_Chemical Pharmaceutical Manufacturing,EST,medium,"Your answers indicate: “Taking samples from the process or from delivery” for “In the last working week, did your work involve the following?”; and “Don't know” for “In the last working week, how did you work with epichlorohydrin?”. You may have been exposed to a chemical used in some manufacturing such as epoxy resins, classified as a probable human carcinogen."
19678,Formaldehyde,CHEM_Chemical Pharmaceutical Manufacturing,EST,high,"Your answers indicate: “Taking samples from the process or from delivery” for “In the last working week, did your work involve the following?”; and “Don't know” for “In the last working week, how did you work with formaldehyde?”. You may have been exposed to a chemical used in some manufacturing and building materials, classified as a known human carcinogen."
19680,Ortho-toluidine,CHEM_Chemical Pharmaceutical Manufacturing,EST,medium,"Your answers indicate: “Taking samples from the process or from delivery” for “In the last working week, did your work involve the following?”; and “None of these” for “In the last working week, how did you work with ortho-toluidine?”. You may have been exposed to a chemical used in some dye and rubber manufacturing, classified as a known human carcinogen."
19681,Ortho-toluidine,CHEM_Chemical Pharmaceutical Manufacturing,EST,medium,"Your answers indicate: “Taking samples from the process or from delivery” for “In the last working week, did your work involve the following?”; and “Don't know” for “In the last working week, how did you work with ortho-toluidine?”. You may have been exposed to a chemical used in some dye and rubber manufacturing, classified as a known human carcinogen."
19682,"1,3 butadiene",CHEM_Chemical Pharmaceutical Manufacturing,EST,high,"Your answers indicate: “Loading or unloading substances into/from the process or for storage” for “In the last working week, did your work involve the following?”; and “None of these” for “In the last working week, how did you work with 1,3 butadiene?”. You may have been exposed to a chemical used in rubber and plastics manufacturing, classified as a known human carcinogen."
19683,"1,3 butadiene",CHEM_Chemical Pharmaceutical Manufacturing,EST,high,"Your answers indicate: “Loading or unloading substances into/from the process or for storage” for “In the last working week, did your work involve the following?”; and “Don't know” for “In the last working week, how did you work with 1,3 butadiene?”. You may have been exposed to a chemical used in rubber and plastics manufacturing, classified as a known human carcinogen."
19684,diethyl/dimethyl sulphate,CHEM_Chemical Pharmaceutical Manufacturing,EST,medium,"Your answers indicate: “Loading or unloading substances into/from the process or for storage” for “In the last working week, did your work involve the following?”; and “None of these” for “In the last working week, how did you work with diethyl or dimethyl sulphate?”. You may have been exposed to reactive chemicals used in some manufacturing, classified as probable human carcinogens."
19685,diethyl/dimethyl sulphate,CHEM_Chemical Pharmaceutical Manufacturing,EST,medium,"Your answers indicate: “Loading or unloading substances into/from the process or for storage” for “In the last working week, did your work involve the following?”; and “Don't know” for “In the last working week, how did you work with diethyl or dimethyl sulphate?”. You may have been exposed to reactive chemicals used in some manufacturing, classified as probable human carcinogens."
19686,Epichlorhydrin,CHEM_Chemical Pharmaceutical Manufacturing,EST,medium,"Your answers indicate: “Loading or unloading substances into/from the process or for storage” for “In the last working week, did your work involve the following?”; and “None of these” for “In the last working week, how did you work with epichlorohydrin?”. You may have been exposed to a chemical used in some manufacturing such as epoxy resins, classified as a probable human carcinogen."
19687,Epichlorhydrin,CHEM_Chemical Pharmaceutical Manufacturing,EST,medium,"Your answers indicate: “Loading or unloading substances into/from the process or for storage” for “In the last working week, did your work involve the following?”; and “Don't know” for “In the last working week, how did you work with epichlorohydrin?”. You may have been exposed to a chemical used in some manufacturing such as epoxy resins, classified as a probable human carcinogen."
19691,Formaldehyde,CHEM_Chemical Pharmaceutical Manufacturing,EST,high,"Your answers indicate: “Loading or unloading substances into/from the process or for storage” for “In the last working week, did your work involve the following?”; and “None of these” for “In the last working week, how did you work with formaldehyde?”. You may have been exposed to a chemical used in some manufacturing and building materials, classified as a known human carcinogen."
19692,Ortho-toluidine,CHEM_Chemical Pharmaceutical Manufacturing,EST,medium,"Your answers indicate: “Loading or unloading substances into/from the process or for storage” for “In the last working week, did your work involve the following?”; and “None of these” for “In the last working week, how did you work with ortho-toluidine?”. You may have been exposed to a chemical used in some dye and rubber manufacturing, classified as a known human carcinogen."
19693,Ortho-toluidine,CHEM_Chemical Pharmaceutical Manufacturing,EST,medium,"Your answers indicate: “Loading or unloading substances into/from the process or for storage” for “In the last working week, did your work involve the following?”; and “Don't know” for “In the last working week, how did you work with ortho-toluidine?”. You may have been exposed to a chemical used in some dye and rubber manufacturing, classified as a known human carcinogen."
19695,Benzene,CHEM_Chemical Pharmaceutical Manufacturing,EST,high,"Your answers indicate: “Loading or unloading substances into/from the process or for storage” for “In the last working week, did your work involve the following?”; and “Don’t know” for “In the last working week, how did you work with benzene?”. You may have been exposed to a solvent found in fuels and some industrial processes, classified as a known human carcinogen."
19696,Benzene,CHEM_Chemical Pharmaceutical Manufacturing,EST,high,"Your answers indicate: “Loading or unloading substances into/from the process or for storage” for “In the last working week, did your work involve the following?”; and “None of these” for “In the last working week, how did you work with benzene?”. You may have been exposed to a solvent found in fuels and some industrial processes, classified as a known human carcinogen."
19698,Benzene,CHEM_Chemical Pharmaceutical Manufacturing,EST,high,"Your answers indicate: “Taking samples from the process or from delivery” for “In the last working week, did your work involve the following?”; and “Don’t know” for “In the last working week, how did you work with benzene?”. You may have been exposed to a solvent found in fuels and some industrial processes, classified as a known human carcinogen."
19699,Benzene,CHEM_Chemical Pharmaceutical Manufacturing,EST,high,"Your answers indicate: “Taking samples from the process or from delivery” for “In the last working week, did your work involve the following?”; and “None of these” for “In the last working week, how did you work with benzene?”. You may have been exposed to a solvent found in fuels and some industrial processes, classified as a known human carcinogen."
19701,Benzene,CHEM_Chemical Pharmaceutical Manufacturing,EST,high,"Your answers indicate: “Process cleaning and routine maintenance tasks (e.g. substitution/ cleaning of filters)” for “In the last working week, did your work involve the following?”; and “None of these” for “In the last working week, how did you work with benzene?”. You may have been exposed to a solvent found in fuels and some industrial processes, classified as a known human carcinogen."
19703,Benzene,CHEM_Chemical Pharmaceutical Manufacturing,EST,high,"Your answers indicate: “Process cleaning and routine maintenance tasks (e.g. substitution/ cleaning of filters)” for “In the last working week, did your work involve the following?”; and “Don’t know” for “In the last working week, how did you work with benzene?”. You may have been exposed to a solvent found in fuels and some industrial processes, classified as a known human carcinogen."
19704,Nickel,CHEM_Chemical Pharmaceutical Manufacturing,EST,high,"Your answers indicate: “Loading or unloading substances into/from the process or for storage” for “In the last working week, did your work involve the following?”; and “Don’t know” for “In the last working week, how did you work with nickel or nickel compounds?”. You may have been exposed to a metal used in some manufacturing such as plating or welding, with some compounds classified as known human carcinogens."
19707,Nickel,CHEM_Chemical Pharmaceutical Manufacturing,EST,high,"Your answers indicate: “Taking samples from the process or from delivery” for “In the last working week, did your work involve the following?”; and “Don’t know” for “In the last working week, how did you work with nickel or nickel compounds?”. You may have been exposed to a metal used in some manufacturing such as plating or welding, with some compounds classified as known human carcinogens."
19708,Nickel,CHEM_Chemical Pharmaceutical Manufacturing,EST,high,"Your answers indicate: “Taking samples from the process or from delivery” for “In the last working week, did your work involve the following?”; and “None of these” for “In the last working week, how did you work with nickel or nickel compounds?”. You may have been exposed to a metal used in some manufacturing such as plating or welding, with some compounds classified as known human carcinogens."
19710,Nickel,CHEM_Chemical Pharmaceutical Manufacturing,EST,high,"Your answers indicate: “Process cleaning and routine maintenance tasks (e.g. substitution/ cleaning of filters)” for “In the last working week, did your work involve the following?”; and “Don’t know” for “In the last working week, how did you work with nickel or nickel compounds?”. You may have been exposed to a metal used in some manufacturing such as plating or welding, with some compounds classified as known human carcinogens."
19711,Nickel,CHEM_Chemical Pharmaceutical Manufacturing,EST,high,"Your answers indicate: “Process cleaning and routine maintenance tasks (e.g. substitution/ cleaning of filters)” for “In the last working week, did your work involve the following?”; and “None of these” for “In the last working week, how did you work with nickel or nickel compounds?”. You may have been exposed to a metal used in some manufacturing such as plating or welding, with some compounds classified as known human carcinogens."
19715,Benzene,CHEM_Chemical Pharmaceutical Manufacturing,EST,high,"Your answers indicate: “No” for “In the last working week, did you use respiratory protection while making, formulating or processing chemicals or pharmaceuticals?”; and “None of these” for “In the last working week, how did you work with benzene?”. You may have been exposed to a solvent found in fuels and some industrial processes, classified as a known human carcinogen."
19716,Benzene,CHEM_Chemical Pharmaceutical Manufacturing,EST,high,"Your answers indicate: “No” for “In the last working week, did you use respiratory protection while making, formulating or processing chemicals or pharmaceuticals?”; and “Process cleaning and routine maintenance tasks (e.g. substitution/ cleaning of filters)” for “In the last working week, did your work involve the following?”; and “Benzene” for “In the last working week, did you work with any of the following solvents?”. You may have been exposed to a solvent found in fuels and some industrial processes, classified as a known human carcinogen."
19717,Benzene,CHEM_Chemical Pharmaceutical Manufacturing,EST,high,"Your answers indicate: “No” for “In the last working week, did you use respiratory protection while making, formulating or processing chemicals or pharmaceuticals?”; and “Don’t know” for “In the last working week, how did you work with benzene?”. You may have been exposed to a solvent found in fuels and some industrial processes, classified as a known human carcinogen."
19718,Benzene,CHEM_Chemical Pharmaceutical Manufacturing,EST,high,"Your answers indicate: “No” for “In the last working week, did you use respiratory protection while making, formulating or processing chemicals or pharmaceuticals?”; and “Loading or unloading substances into/from the process or for storage” for “In the last working week, did your work involve the following?”; and “Benzene” for “In the last working week, did you work with any of the following solvents?”. You may have been exposed to a solvent found in fuels and some industrial processes, classified as a known human carcinogen."
19719,Benzene,CHEM_Chemical Pharmaceutical Manufacturing,EST,high,"Your answers indicate: “No” for “In the last working week, did you use respiratory protection while making, formulating or processing chemicals or pharmaceuticals?”; and “Taking samples from the process or from delivery” for “In the last working week, did your work involve the following?”; and “Benzene” for “In the last working week, did you work with any of the following solvents?”. You may have been exposed to a solvent found in fuels and some industrial processes, classified as a known human carcinogen."
19722,Benzene,CHEM_Chemical Pharmaceutical Manufacturing,EST,high,"Your answers indicate: “Don't know” for “In the last working week, did you use respiratory protection while making, formulating or processing chemicals or pharmaceuticals?”; and “None of these” for “In the last working week, how did you work with benzene?”. You may have been exposed to a solvent found in fuels and some industrial processes, classified as a known human carcinogen."
19723,Benzene,CHEM_Chemical Pharmaceutical Manufacturing,EST,high,"Your answers indicate: “Don't know” for “In the last working week, did you use respiratory protection while making, formulating or processing chemicals or pharmaceuticals?”; and “Don’t know” for “In the last working week, how did you work with benzene?”. You may have been exposed to a solvent found in fuels and some industrial processes, classified as a known human carcinogen."
19725,Benzene,CHEM_Chemical Pharmaceutical Manufacturing,EST,high,"Your answers indicate: “Don't know” for “In the last working week, did you use respiratory protection while making, formulating or processing chemicals or pharmaceuticals?”; and “Benzene” for “In the last working week, did you work with any of the following solvents?”; and “Loading or unloading substances into/from the process or for storage” for “In the last working week, did your work involve the following?”. You may have been exposed to a solvent found in fuels and some industrial processes, classified as a known human carcinogen."
19726,Benzene,CHEM_Chemical Pharmaceutical Manufacturing,EST,high,"Your answers indicate: “Don't know” for “In the last working week, did you use respiratory protection while making, formulating or processing chemicals or pharmaceuticals?”; and “Benzene” for “In the last working week, did you work with any of the following solvents?”; and “Taking samples from the process or from delivery” for “In the last working week, did your work involve the following?”. You may have been exposed to a solvent found in fuels and some industrial processes, classified as a known human carcinogen."
19727,Benzene,CHEM_Chemical Pharmaceutical Manufacturing,EST,high,"Your answers indicate: “Don't know” for “In the last working week, did you use respiratory protection while making, formulating or processing chemicals or pharmaceuticals?”; and “Benzene” for “In the last working week, did you work with any of the following solvents?”; and “Process cleaning and routine maintenance tasks (e.g. substitution/ cleaning of filters)” for “In the last working week, did your work involve the following?”. You may have been exposed to a solvent found in fuels and some industrial processes, classified as a known human carcinogen."
19728,Benzene,CHEM_Chemical Pharmaceutical Manufacturing,EST,high,"Your answers indicate: “A filtering face piece mask or dust mask (called an FFP)” for “What types of respiratory protective equipment (RPE) did you use?”; and “Loading or unloading substances into/from the process or for storage” for “In the last working week, did your work involve the following?”; and “Benzene” for “In the last working week, did you work with any of the following solvents?”. You may have been exposed to a solvent found in fuels and some industrial processes, classified as a known human carcinogen."
19729,Benzene,CHEM_Chemical Pharmaceutical Manufacturing,EST,high,"Your answers indicate: “A filtering face piece mask or dust mask (called an FFP)” for “What types of respiratory protective equipment (RPE) did you use?”; and “Taking samples from the process or from delivery” for “In the last working week, did your work involve the following?”; and “Benzene” for “In the last working week, did you work with any of the following solvents?”. You may have been exposed to a solvent found in fuels and some industrial processes, classified as a known human carcinogen."
19730,Benzene,CHEM_Chemical Pharmaceutical Manufacturing,EST,high,"Your answers indicate: “A filtering face piece mask or dust mask (called an FFP)” for “What types of respiratory protective equipment (RPE) did you use?”; and “Process cleaning and routine maintenance tasks (e.g. substitution/ cleaning of filters)” for “In the last working week, did your work involve the following?”; and “Benzene” for “In the last working week, did you work with any of the following solvents?”. You may have been exposed to a solvent found in fuels and some industrial processes, classified as a known human carcinogen."
19732,Benzene,CHEM_Chemical Pharmaceutical Manufacturing,EST,high,"Your answers indicate: “A filtering face piece mask or dust mask (called an FFP)” for “What types of respiratory protective equipment (RPE) did you use?”; and “None of these” for “In the last working week, how did you work with benzene?”. You may have been exposed to a solvent found in fuels and some industrial processes, classified as a known human carcinogen."
19733,Benzene,CHEM_Chemical Pharmaceutical Manufacturing,EST,high,"Your answers indicate: “A filtering face piece mask or dust mask (called an FFP)” for “What types of respiratory protective equipment (RPE) did you use?”; and “Don’t know” for “In the last working week, how did you work with benzene?”. You may have been exposed to a solvent found in fuels and some industrial processes, classified as a known human carcinogen."
19734,Benzene,CHEM_Chemical Pharmaceutical Manufacturing,EST,high,"Your answers indicate: “Don't know” for “What types of respiratory protective equipment (RPE) did you use?”; and “Don’t know” for “In the last working week, how did you work with benzene?”. You may have been exposed to a solvent found in fuels and some industrial processes, classified as a known human carcinogen."
19735,Benzene,CHEM_Chemical Pharmaceutical Manufacturing,EST,high,"Your answers indicate: “Don't know” for “What types of respiratory protective equipment (RPE) did you use?”; and “None of these” for “In the last working week, how did you work with benzene?”. You may have been exposed to a solvent found in fuels and some industrial processes, classified as a known human carcinogen."
19737,Benzene,CHEM_Chemical Pharmaceutical Manufacturing,EST,high,"Your answers indicate: “Don't know” for “What types of respiratory protective equipment (RPE) did you use?”; and “Loading or unloading substances into/from the process or for storage” for “In the last working week, did your work involve the following?”; and “Benzene” for “In the last working week, did you work with any of the following solvents?”. You may have been exposed to a solvent found in fuels and some industrial processes, classified as a known human carcinogen."
19738,Benzene,CHEM_Chemical Pharmaceutical Manufacturing,EST,high,"Your answers indicate: “Don't know” for “What types of respiratory protective equipment (RPE) did you use?”; and “Taking samples from the process or from delivery” for “In the last working week, did your work involve the following?”; and “Benzene” for “In the last working week, did you work with any of the following solvents?”. You may have been exposed to a solvent found in fuels and some industrial processes, classified as a known human carcinogen."
19739,Benzene,CHEM_Chemical Pharmaceutical Manufacturing,EST,high,"Your answers indicate: “Don't know” for “What types of respiratory protective equipment (RPE) did you use?”; and “Process cleaning and routine maintenance tasks (e.g. substitution/ cleaning of filters)” for “In the last working week, did your work involve the following?”; and “Benzene” for “In the last working week, did you work with any of the following solvents?”. You may have been exposed to a solvent found in fuels and some industrial processes, classified as a known human carcinogen."
19740,Nickel,CHEM_Chemical Pharmaceutical Manufacturing,EST,high,"Your answers indicate: “Loading or unloading substances into/from the process or for storage” for “In the last working week, did your work involve the following?”; and “None of these” for “In the last working week, how did you work with nickel or nickel compounds?”. You may have been exposed to a metal used in some manufacturing such as plating or welding, with some compounds classified as known human carcinogens."
19741,Nickel,CHEM_Chemical Pharmaceutical Manufacturing,EST,high,"Your answers indicate: “No” for “In the last working week, did you use respiratory protection while making, formulating or processing chemicals or pharmaceuticals?”; and “Don’t know” for “In the last working week, how did you work with nickel or nickel compounds?”. You may have been exposed to a metal used in some manufacturing such as plating or welding, with some compounds classified as known human carcinogens."
19742,Nickel,CHEM_Chemical Pharmaceutical Manufacturing,EST,high,"Your answers indicate: “No” for “In the last working week, did you use respiratory protection while making, formulating or processing chemicals or pharmaceuticals?”; and “None of these” for “In the last working week, how did you work with nickel or nickel compounds?”. You may have been exposed to a metal used in some manufacturing such as plating or welding, with some compounds classified as known human carcinogens."
19744,Nickel,CHEM_Chemical Pharmaceutical Manufacturing,EST,high,"Your answers indicate: “No” for “In the last working week, did you use respiratory protection while making, formulating or processing chemicals or pharmaceuticals?”; and “Loading or unloading substances into/from the process or for storage” for “In the last working week, did your work involve the following?”; and “Nickel or nickel compounds (including as catalysts)” for “In the last working week, did you work with any of the following metals?”. You may have been exposed to a metal used in some manufacturing such as plating or welding, with some compounds classified as known human carcinogens."
19745,Nickel,CHEM_Chemical Pharmaceutical Manufacturing,EST,high,"Your answers indicate: “No” for “In the last working week, did you use respiratory protection while making, formulating or processing chemicals or pharmaceuticals?”; and “Taking samples from the process or from delivery” for “In the last working week, did your work involve the following?”; and “Nickel or nickel compounds (including as catalysts)” for “In the last working week, did you work with any of the following metals?”. You may have been exposed to a metal used in some manufacturing such as plating or welding, with some compounds classified as known human carcinogens."
19746,Nickel,CHEM_Chemical Pharmaceutical Manufacturing,EST,high,"Your answers indicate: “No” for “In the last working week, did you use respiratory protection while making, formulating or processing chemicals or pharmaceuticals?”; and “Process cleaning and routine maintenance tasks (e.g. substitution/ cleaning of filters)” for “In the last working week, did your work involve the following?”; and “Nickel or nickel compounds (including as catalysts)” for “In the last working week, did you work with any of the following metals?”. You may have been exposed to a metal used in some manufacturing such as plating or welding, with some compounds classified as known human carcinogens."
19747,Nickel,CHEM_Chemical Pharmaceutical Manufacturing,EST,high,"Your answers indicate: “Don't know” for “In the last working week, did you use respiratory protection while making, formulating or processing chemicals or pharmaceuticals?”; and “Process cleaning and routine maintenance tasks (e.g. substitution/ cleaning of filters)” for “In the last working week, did your work involve the following?”; and “Nickel or nickel compounds (including as catalysts)” for “In the last working week, did you work with any of the following metals?”. You may have been exposed to a metal used in some manufacturing such as plating or welding, with some compounds classified as known human carcinogens."
19748,Nickel,CHEM_Chemical Pharmaceutical Manufacturing,EST,high,"Your answers indicate: “Don't know” for “In the last working week, did you use respiratory protection while making, formulating or processing chemicals or pharmaceuticals?”; and “Taking samples from the process or from delivery” for “In the last working week, did your work involve the following?”; and “Nickel or nickel compounds (including as catalysts)” for “In the last working week, did you work with any of the following metals?”. You may have been exposed to a metal used in some manufacturing such as plating or welding, with some compounds classified as known human carcinogens."
19749,Nickel,CHEM_Chemical Pharmaceutical Manufacturing,EST,high,"Your answers indicate: “Don't know” for “In the last working week, did you use respiratory protection while making, formulating or processing chemicals or pharmaceuticals?”; and “Loading or unloading substances into/from the process or for storage” for “In the last working week, did your work involve the following?”; and “Nickel or nickel compounds (including as catalysts)” for “In the last working week, did you work with any of the following metals?”. You may have been exposed to a metal used in some manufacturing such as plating or welding, with some compounds classified as known human carcinogens."
19751,Nickel,CHEM_Chemical Pharmaceutical Manufacturing,EST,high,"Your answers indicate: “Don't know” for “In the last working week, did you use respiratory protection while making, formulating or processing chemicals or pharmaceuticals?”; and “None of these” for “In the last working week, how did you work with nickel or nickel compounds?”. You may have been exposed to a metal used in some manufacturing such as plating or welding, with some compounds classified as known human carcinogens."
19752,Nickel,CHEM_Chemical Pharmaceutical Manufacturing,EST,high,"Your answers indicate: “Don't know” for “In the last working week, did you use respiratory protection while making, formulating or processing chemicals or pharmaceuticals?”; and “Don’t know” for “In the last working week, how did you work with nickel or nickel compounds?”. You may have been exposed to a metal used in some manufacturing such as plating or welding, with some compounds classified as known human carcinogens."
19759,Nickel,CHEM_Chemical Pharmaceutical Manufacturing,EST,high,"Your answers indicate: “Don't know” for “What types of respiratory protective equipment (RPE) did you use?”; and “Loading or unloading substances into/from the process or for storage” for “In the last working week, did your work involve the following?”; and “Nickel or nickel compounds (including as catalysts)” for “In the last working week, did you work with any of the following metals?”. You may have been exposed to a metal used in some manufacturing such as plating or welding, with some compounds classified as known human carcinogens."
19760,Nickel,CHEM_Chemical Pharmaceutical Manufacturing,EST,high,"Your answers indicate: “Don't know” for “What types of respiratory protective equipment (RPE) did you use?”; and “Taking samples from the process or from delivery” for “In the last working week, did your work involve the following?”; and “Nickel or nickel compounds (including as catalysts)” for “In the last working week, did you work with any of the following metals?”. You may have been exposed to a metal used in some manufacturing such as plating or welding, with some compounds classified as known human carcinogens."
19761,Nickel,CHEM_Chemical Pharmaceutical Manufacturing,EST,high,"Your answers indicate: “Don't know” for “What types of respiratory protective equipment (RPE) did you use?”; and “Process cleaning and routine maintenance tasks (e.g. substitution/ cleaning of filters)” for “In the last working week, did your work involve the following?”; and “Nickel or nickel compounds (including as catalysts)” for “In the last working week, did you work with any of the following metals?”. You may have been exposed to a metal used in some manufacturing such as plating or welding, with some compounds classified as known human carcinogens."
19762,Nickel,CHEM_Chemical Pharmaceutical Manufacturing,EST,high,"Your answers indicate: “Don't know” for “What types of respiratory protective equipment (RPE) did you use?”; and “Don’t know” for “In the last working week, how did you work with nickel or nickel compounds?”. You may have been exposed to a metal used in some manufacturing such as plating or welding, with some compounds classified as known human carcinogens."
19763,Nickel,CHEM_Chemical Pharmaceutical Manufacturing,EST,high,"Your answers indicate: “Don't know” for “What types of respiratory protective equipment (RPE) did you use?”; and “None of these” for “In the last working week, how did you work with nickel or nickel compounds?”. You may have been exposed to a metal used in some manufacturing such as plating or welding, with some compounds classified as known human carcinogens."
19766,Ethylene oxide,CHEM_Chemical Pharmaceutical Manufacturing,EST,high,"Your answers indicate: “Don't know” for “What types of respiratory protective equipment (RPE) did you use?”; and “Ethylene oxide” for “In the last working week, did you work with any of the following industrial chemicals?”. You may have been exposed to a gas used in sterilisation and some manufacturing, classified as a known human carcinogen."
19767,Ethylene oxide,CHEM_Chemical Pharmaceutical Manufacturing,EST,high,"Your answers indicate: “No” for “In the last working week, did you use respiratory protection while making, formulating or processing chemicals or pharmaceuticals?”; and “Ethylene oxide” for “In the last working week, did you work with any of the following industrial chemicals?”. You may have been exposed to a gas used in sterilisation and some manufacturing, classified as a known human carcinogen."
19768,Ethylene oxide,CHEM_Chemical Pharmaceutical Manufacturing,EST,high,"Your answers indicate: “Don't know” for “In the last working week, did you use respiratory protection while making, formulating or processing chemicals or pharmaceuticals?”; and “Ethylene oxide” for “In the last working week, did you work with any of the following industrial chemicals?”. You may have been exposed to a gas used in sterilisation and some manufacturing, classified as a known human carcinogen."
19769,"1,3 butadiene",CHEM_Chemical Pharmaceutical Manufacturing,EST,high,"Your answers indicate: “No” for “In the last working week, did you use respiratory protection while making, formulating or processing chemicals or pharmaceuticals?”; and “Process cleaning and routine maintenance tasks (e.g. substitution/ cleaning of filters)” for “In the last working week, did your work involve the following?”; and “1,3 butadiene” for “In the last working week, did you work with any of the following industrial chemicals?”. You may have been exposed to a chemical used in rubber and plastics manufacturing, classified as a known human carcinogen."
19770,"1,3 butadiene",CHEM_Chemical Pharmaceutical Manufacturing,EST,high,"Your answers indicate: “No” for “In the last working week, did you use respiratory protection while making, formulating or processing chemicals or pharmaceuticals?”; and “Taking samples from the process or from delivery” for “In the last working week, did your work involve the following?”; and “1,3 butadiene” for “In the last working week, did you work with any of the following industrial chemicals?”. You may have been exposed to a chemical used in rubber and plastics manufacturing, classified as a known human carcinogen."
19771,"1,3 butadiene",CHEM_Chemical Pharmaceutical Manufacturing,EST,high,"Your answers indicate: “No” for “In the last working week, did you use respiratory protection while making, formulating or processing chemicals or pharmaceuticals?”; and “Loading or unloading substances into/from the process or for storage” for “In the last working week, did your work involve the following?”; and “1,3 butadiene” for “In the last working week, did you work with any of the following industrial chemicals?”. You may have been exposed to a chemical used in rubber and plastics manufacturing, classified as a known human carcinogen."
19773,"1,3 butadiene",CHEM_Chemical Pharmaceutical Manufacturing,EST,high,"Your answers indicate: “No” for “In the last working week, did you use respiratory protection while making, formulating or processing chemicals or pharmaceuticals?”; and “None of these” for “In the last working week, how did you work with 1,3 butadiene?”. You may have been exposed to a chemical used in rubber and plastics manufacturing, classified as a known human carcinogen."
19774,"1,3 butadiene",CHEM_Chemical Pharmaceutical Manufacturing,EST,high,"Your answers indicate: “No” for “In the last working week, did you use respiratory protection while making, formulating or processing chemicals or pharmaceuticals?”; and “Don't know” for “In the last working week, how did you work with 1,3 butadiene?”. You may have been exposed to a chemical used in rubber and plastics manufacturing, classified as a known human carcinogen."
19775,"1,3 butadiene",CHEM_Chemical Pharmaceutical Manufacturing,EST,high,"Your answers indicate: “Don't know” for “In the last working week, did you use respiratory protection while making, formulating or processing chemicals or pharmaceuticals?”; and “None of these” for “In the last working week, how did you work with 1,3 butadiene?”. You may have been exposed to a chemical used in rubber and plastics manufacturing, classified as a known human carcinogen."
19776,"1,3 butadiene",CHEM_Chemical Pharmaceutical Manufacturing,EST,high,"Your answers indicate: “Don't know” for “In the last working week, did you use respiratory protection while making, formulating or processing chemicals or pharmaceuticals?”; and “Don't know” for “In the last working week, how did you work with 1,3 butadiene?”. You may have been exposed to a chemical used in rubber and plastics manufacturing, classified as a known human carcinogen."
19778,"1,3 butadiene",CHEM_Chemical Pharmaceutical Manufacturing,EST,high,"Your answers indicate: “Don't know” for “In the last working week, did you use respiratory protection while making, formulating or processing chemicals or pharmaceuticals?”; and “Process cleaning and routine maintenance tasks (e.g. substitution/ cleaning of filters)” for “In the last working week, did your work involve the following?”; and “1,3 butadiene” for “In the last working week, did you work with any of the following industrial chemicals?”. You may have been exposed to a chemical used in rubber and plastics manufacturing, classified as a known human carcinogen."
19779,"1,3 butadiene",CHEM_Chemical Pharmaceutical Manufacturing,EST,high,"Your answers indicate: “Don't know” for “In the last working week, did you use respiratory protection while making, formulating or processing chemicals or pharmaceuticals?”; and “Taking samples from the process or from delivery” for “In the last working week, did your work involve the following?”; and “1,3 butadiene” for “In the last working week, did you work with any of the following industrial chemicals?”. You may have been exposed to a chemical used in rubber and plastics manufacturing, classified as a known human carcinogen."
19780,"1,3 butadiene",CHEM_Chemical Pharmaceutical Manufacturing,EST,high,"Your answers indicate: “Don't know” for “In the last working week, did you use respiratory protection while making, formulating or processing chemicals or pharmaceuticals?”; and “Loading or unloading substances into/from the process or for storage” for “In the last working week, did your work involve the following?”; and “1,3 butadiene” for “In the last working week, did you work with any of the following industrial chemicals?”. You may have been exposed to a chemical used in rubber and plastics manufacturing, classified as a known human carcinogen."
19787,"1,3 butadiene",CHEM_Chemical Pharmaceutical Manufacturing,EST,high,"Your answers indicate: “Don't know” for “What types of respiratory protective equipment (RPE) did you use?”; and “Loading or unloading substances into/from the process or for storage” for “In the last working week, did your work involve the following?”; and “1,3 butadiene” for “In the last working week, did you work with any of the following industrial chemicals?”. You may have been exposed to a chemical used in rubber and plastics manufacturing, classified as a known human carcinogen."
19788,"1,3 butadiene",CHEM_Chemical Pharmaceutical Manufacturing,EST,high,"Your answers indicate: “Don't know” for “What types of respiratory protective equipment (RPE) did you use?”; and “Taking samples from the process or from delivery” for “In the last working week, did your work involve the following?”; and “1,3 butadiene” for “In the last working week, did you work with any of the following industrial chemicals?”. You may have been exposed to a chemical used in rubber and plastics manufacturing, classified as a known human carcinogen."
19789,"1,3 butadiene",CHEM_Chemical Pharmaceutical Manufacturing,EST,high,"Your answers indicate: “Don't know” for “What types of respiratory protective equipment (RPE) did you use?”; and “Process cleaning and routine maintenance tasks (e.g. substitution/ cleaning of filters)” for “In the last working week, did your work involve the following?”; and “1,3 butadiene” for “In the last working week, did you work with any of the following industrial chemicals?”. You may have been exposed to a chemical used in rubber and plastics manufacturing, classified as a known human carcinogen."
19790,"1,3 butadiene",CHEM_Chemical Pharmaceutical Manufacturing,EST,high,"Your answers indicate: “Don't know” for “What types of respiratory protective equipment (RPE) did you use?”; and “Don't know” for “In the last working week, how did you work with 1,3 butadiene?”. You may have been exposed to a chemical used in rubber and plastics manufacturing, classified as a known human carcinogen."
19791,"1,3 butadiene",CHEM_Chemical Pharmaceutical Manufacturing,EST,high,"Your answers indicate: “Don't know” for “What types of respiratory protective equipment (RPE) did you use?”; and “None of these” for “In the last working week, how did you work with 1,3 butadiene?”. You may have been exposed to a chemical used in rubber and plastics manufacturing, classified as a known human carcinogen."
19793,Nickel,CHEM_Chemical Pharmaceutical Manufacturing,EST,high,"Your answers indicate: “A filtering face piece mask or dust mask (called an FFP)” for “What types of respiratory protective equipment (RPE) did you use?”; and “Loading or unloading substances into/from the process or for storage” for “In the last working week, did your work involve the following?”; and “Nickel or nickel compounds (including as catalysts)” for “In the last working week, did you work with any of the following metals?”. You may have been exposed to a metal used in some manufacturing such as plating or welding, with some compounds classified as known human carcinogens."
19794,Nickel,CHEM_Chemical Pharmaceutical Manufacturing,EST,high,"Your answers indicate: “A filtering face piece mask or dust mask (called an FFP)” for “What types of respiratory protective equipment (RPE) did you use?”; and “Taking samples from the process or from delivery” for “In the last working week, did your work involve the following?”; and “Nickel or nickel compounds (including as catalysts)” for “In the last working week, did you work with any of the following metals?”. You may have been exposed to a metal used in some manufacturing such as plating or welding, with some compounds classified as known human carcinogens."
19795,Nickel,CHEM_Chemical Pharmaceutical Manufacturing,EST,high,"Your answers indicate: “A filtering face piece mask or dust mask (called an FFP)” for “What types of respiratory protective equipment (RPE) did you use?”; and “Process cleaning and routine maintenance tasks (e.g. substitution/ cleaning of filters)” for “In the last working week, did your work involve the following?”; and “Nickel or nickel compounds (including as catalysts)” for “In the last working week, did you work with any of the following metals?”. You may have been exposed to a metal used in some manufacturing such as plating or welding, with some compounds classified as known human carcinogens."
19797,Nickel,CHEM_Chemical Pharmaceutical Manufacturing,EST,high,"Your answers indicate: “A filtering face piece mask or dust mask (called an FFP)” for “What types of respiratory protective equipment (RPE) did you use?”; and “Don’t know” for “In the last working week, how did you work with nickel or nickel compounds?”. You may have been exposed to a metal used in some manufacturing such as plating or welding, with some compounds classified as known human carcinogens."
19798,Nickel,CHEM_Chemical Pharmaceutical Manufacturing,EST,high,"Your answers indicate: “A filtering face piece mask or dust mask (called an FFP)” for “What types of respiratory protective equipment (RPE) did you use?”; and “None of these” for “In the last working week, how did you work with nickel or nickel compounds?”. You may have been exposed to a metal used in some manufacturing such as plating or welding, with some compounds classified as known human carcinogens."
19799,"1,3 butadiene",CHEM_Chemical Pharmaceutical Manufacturing,EST,high,"Your answers indicate: “A filtering face piece mask or dust mask (called an FFP)” for “What types of respiratory protective equipment (RPE) did you use?”; and “Loading or unloading substances into/from the process or for storage” for “In the last working week, did your work involve the following?”; and “1,3 butadiene” for “In the last working week, did you work with any of the following industrial chemicals?”. You may have been exposed to a chemical used in rubber and plastics manufacturing, classified as a known human carcinogen."
19800,"1,3 butadiene",CHEM_Chemical Pharmaceutical Manufacturing,EST,high,"Your answers indicate: “A filtering face piece mask or dust mask (called an FFP)” for “What types of respiratory protective equipment (RPE) did you use?”; and “Taking samples from the process or from delivery” for “In the last working week, did your work involve the following?”; and “1,3 butadiene” for “In the last working week, did you work with any of the following industrial chemicals?”. You may have been exposed to a chemical used in rubber and plastics manufacturing, classified as a known human carcinogen."
19801,"1,3 butadiene",CHEM_Chemical Pharmaceutical Manufacturing,EST,high,"Your answers indicate: “A filtering face piece mask or dust mask (called an FFP)” for “What types of respiratory protective equipment (RPE) did you use?”; and “Process cleaning and routine maintenance tasks (e.g. substitution/ cleaning of filters)” for “In the last working week, did your work involve the following?”; and “1,3 butadiene” for “In the last working week, did you work with any of the following industrial chemicals?”. You may have been exposed to a chemical used in rubber and plastics manufacturing, classified as a known human carcinogen."
19802,"1,3 butadiene",CHEM_Chemical Pharmaceutical Manufacturing,EST,high,"Your answers indicate: “A filtering face piece mask or dust mask (called an FFP)” for “What types of respiratory protective equipment (RPE) did you use?”; and “Don't know” for “In the last working week, how did you work with 1,3 butadiene?”. You may have been exposed to a chemical used in rubber and plastics manufacturing, classified as a known human carcinogen."
19803,"1,3 butadiene",CHEM_Chemical Pharmaceutical Manufacturing,EST,high,"Your answers indicate: “A filtering face piece mask or dust mask (called an FFP)” for “What types of respiratory protective equipment (RPE) did you use?”; and “None of these” for “In the last working week, how did you work with 1,3 butadiene?”. You may have been exposed to a chemical used in rubber and plastics manufacturing, classified as a known human carcinogen."
19806,diethyl/dimethyl sulphate,CHEM_Chemical Pharmaceutical Manufacturing,EST,medium,"Your answers indicate: “No” for “In the last working week, did you use respiratory protection while making, formulating or processing chemicals or pharmaceuticals?”; and “Loading or unloading substances into/from the process or for storage” for “In the last working week, did your work involve the following?”; and “Diethyl or dimethyl sulphate” for “In the last working week, did you work with any of the following industrial chemicals?”. You may have been exposed to reactive chemicals used in some manufacturing, classified as probable human carcinogens."
19807,diethyl/dimethyl sulphate,CHEM_Chemical Pharmaceutical Manufacturing,EST,medium,"Your answers indicate: “No” for “In the last working week, did you use respiratory protection while making, formulating or processing chemicals or pharmaceuticals?”; and “Taking samples from the process or from delivery” for “In the last working week, did your work involve the following?”; and “Diethyl or dimethyl sulphate” for “In the last working week, did you work with any of the following industrial chemicals?”. You may have been exposed to reactive chemicals used in some manufacturing, classified as probable human carcinogens."
19808,diethyl/dimethyl sulphate,CHEM_Chemical Pharmaceutical Manufacturing,EST,medium,"Your answers indicate: “No” for “In the last working week, did you use respiratory protection while making, formulating or processing chemicals or pharmaceuticals?”; and “Process cleaning and routine maintenance tasks (e.g. substitution/ cleaning of filters)” for “In the last working week, did your work involve the following?”; and “Diethyl or dimethyl sulphate” for “In the last working week, did you work with any of the following industrial chemicals?”. You may have been exposed to reactive chemicals used in some manufacturing, classified as probable human carcinogens."
19810,diethyl/dimethyl sulphate,CHEM_Chemical Pharmaceutical Manufacturing,EST,medium,"Your answers indicate: “No” for “In the last working week, did you use respiratory protection while making, formulating or processing chemicals or pharmaceuticals?”; and “None of these” for “In the last working week, how did you work with diethyl or dimethyl sulphate?”. You may have been exposed to reactive chemicals used in some manufacturing, classified as probable human carcinogens."
19811,diethyl/dimethyl sulphate,CHEM_Chemical Pharmaceutical Manufacturing,EST,medium,"Your answers indicate: “No” for “In the last working week, did you use respiratory protection while making, formulating or processing chemicals or pharmaceuticals?”; and “Don't know” for “In the last working week, how did you work with diethyl or dimethyl sulphate?”. You may have been exposed to reactive chemicals used in some manufacturing, classified as probable human carcinogens."
19813,diethyl/dimethyl sulphate,CHEM_Chemical Pharmaceutical Manufacturing,EST,medium,"Your answers indicate: “Don't know” for “In the last working week, did you use respiratory protection while making, formulating or processing chemicals or pharmaceuticals?”; and “None of these” for “In the last working week, how did you work with diethyl or dimethyl sulphate?”. You may have been exposed to reactive chemicals used in some manufacturing, classified as probable human carcinogens."
19814,diethyl/dimethyl sulphate,CHEM_Chemical Pharmaceutical Manufacturing,EST,medium,"Your answers indicate: “Don't know” for “In the last working week, did you use respiratory protection while making, formulating or processing chemicals or pharmaceuticals?”; and “Don't know” for “In the last working week, how did you work with diethyl or dimethyl sulphate?”. You may have been exposed to reactive chemicals used in some manufacturing, classified as probable human carcinogens."
19815,diethyl/dimethyl sulphate,CHEM_Chemical Pharmaceutical Manufacturing,EST,medium,"Your answers indicate: “Don't know” for “In the last working week, did you use respiratory protection while making, formulating or processing chemicals or pharmaceuticals?”; and “Process cleaning and routine maintenance tasks (e.g. substitution/ cleaning of filters)” for “In the last working week, did your work involve the following?”; and “Diethyl or dimethyl sulphate” for “In the last working week, did you work with any of the following industrial chemicals?”. You may have been exposed to reactive chemicals used in some manufacturing, classified as probable human carcinogens."
19816,diethyl/dimethyl sulphate,CHEM_Chemical Pharmaceutical Manufacturing,EST,medium,"Your answers indicate: “Don't know” for “In the last working week, did you use respiratory protection while making, formulating or processing chemicals or pharmaceuticals?”; and “Taking samples from the process or from delivery” for “In the last working week, did your work involve the following?”; and “Diethyl or dimethyl sulphate” for “In the last working week, did you work with any of the following industrial chemicals?”. You may have been exposed to reactive chemicals used in some manufacturing, classified as probable human carcinogens."
19817,diethyl/dimethyl sulphate,CHEM_Chemical Pharmaceutical Manufacturing,EST,medium,"Your answers indicate: “Don't know” for “In the last working week, did you use respiratory protection while making, formulating or processing chemicals or pharmaceuticals?”; and “Loading or unloading substances into/from the process or for storage” for “In the last working week, did your work involve the following?”; and “Diethyl or dimethyl sulphate” for “In the last working week, did you work with any of the following industrial chemicals?”. You may have been exposed to reactive chemicals used in some manufacturing, classified as probable human carcinogens."
19824,diethyl/dimethyl sulphate,CHEM_Chemical Pharmaceutical Manufacturing,EST,medium,"Your answers indicate: “Don't know” for “What types of respiratory protective equipment (RPE) did you use?”; and “Loading or unloading substances into/from the process or for storage” for “In the last working week, did your work involve the following?”; and “Diethyl or dimethyl sulphate” for “In the last working week, did you work with any of the following industrial chemicals?”. You may have been exposed to reactive chemicals used in some manufacturing, classified as probable human carcinogens."
19825,diethyl/dimethyl sulphate,CHEM_Chemical Pharmaceutical Manufacturing,EST,medium,"Your answers indicate: “Don't know” for “What types of respiratory protective equipment (RPE) did you use?”; and “Taking samples from the process or from delivery” for “In the last working week, did your work involve the following?”; and “Diethyl or dimethyl sulphate” for “In the last working week, did you work with any of the following industrial chemicals?”. You may have been exposed to reactive chemicals used in some manufacturing, classified as probable human carcinogens."
19826,diethyl/dimethyl sulphate,CHEM_Chemical Pharmaceutical Manufacturing,EST,medium,"Your answers indicate: “Don't know” for “What types of respiratory protective equipment (RPE) did you use?”; and “Process cleaning and routine maintenance tasks (e.g. substitution/ cleaning of filters)” for “In the last working week, did your work involve the following?”; and “Diethyl or dimethyl sulphate” for “In the last working week, did you work with any of the following industrial chemicals?”. You may have been exposed to reactive chemicals used in some manufacturing, classified as probable human carcinogens."
19827,diethyl/dimethyl sulphate,CHEM_Chemical Pharmaceutical Manufacturing,EST,medium,"Your answers indicate: “Don't know” for “What types of respiratory protective equipment (RPE) did you use?”; and “Don't know” for “In the last working week, how did you work with diethyl or dimethyl sulphate?”. You may have been exposed to reactive chemicals used in some manufacturing, classified as probable human carcinogens."
19828,diethyl/dimethyl sulphate,CHEM_Chemical Pharmaceutical Manufacturing,EST,medium,"Your answers indicate: “Don't know” for “What types of respiratory protective equipment (RPE) did you use?”; and “None of these” for “In the last working week, how did you work with diethyl or dimethyl sulphate?”. You may have been exposed to reactive chemicals used in some manufacturing, classified as probable human carcinogens."
19831,Epichlorhydrin,CHEM_Chemical Pharmaceutical Manufacturing,EST,medium,"Your answers indicate: “No” for “In the last working week, did you use respiratory protection while making, formulating or processing chemicals or pharmaceuticals?”; and “Don't know” for “In the last working week, how did you work with epichlorohydrin?”. You may have been exposed to a chemical used in some manufacturing such as epoxy resins, classified as a probable human carcinogen."
19832,Epichlorhydrin,CHEM_Chemical Pharmaceutical Manufacturing,EST,medium,"Your answers indicate: “No” for “In the last working week, did you use respiratory protection while making, formulating or processing chemicals or pharmaceuticals?”; and “None of these” for “In the last working week, how did you work with epichlorohydrin?”. You may have been exposed to a chemical used in some manufacturing such as epoxy resins, classified as a probable human carcinogen."
19834,Epichlorhydrin,CHEM_Chemical Pharmaceutical Manufacturing,EST,medium,"Your answers indicate: “No” for “In the last working week, did you use respiratory protection while making, formulating or processing chemicals or pharmaceuticals?”; and “Process cleaning and routine maintenance tasks (e.g. substitution/ cleaning of filters)” for “In the last working week, did your work involve the following?”; and “Epichlorohydrin” for “In the last working week, did you work with any of the following industrial chemicals?”. You may have been exposed to a chemical used in some manufacturing such as epoxy resins, classified as a probable human carcinogen."
19835,Epichlorhydrin,CHEM_Chemical Pharmaceutical Manufacturing,EST,medium,"Your answers indicate: “No” for “In the last working week, did you use respiratory protection while making, formulating or processing chemicals or pharmaceuticals?”; and “Taking samples from the process or from delivery” for “In the last working week, did your work involve the following?”; and “Epichlorohydrin” for “In the last working week, did you work with any of the following industrial chemicals?”. You may have been exposed to a chemical used in some manufacturing such as epoxy resins, classified as a probable human carcinogen."
19836,Epichlorhydrin,CHEM_Chemical Pharmaceutical Manufacturing,EST,medium,"Your answers indicate: “No” for “In the last working week, did you use respiratory protection while making, formulating or processing chemicals or pharmaceuticals?”; and “Loading or unloading substances into/from the process or for storage” for “In the last working week, did your work involve the following?”; and “Epichlorohydrin” for “In the last working week, did you work with any of the following industrial chemicals?”. You may have been exposed to a chemical used in some manufacturing such as epoxy resins, classified as a probable human carcinogen."
19837,Epichlorhydrin,CHEM_Chemical Pharmaceutical Manufacturing,EST,medium,"Your answers indicate: “Don't know” for “In the last working week, did you use respiratory protection while making, formulating or processing chemicals or pharmaceuticals?”; and “Don't know” for “In the last working week, how did you work with epichlorohydrin?”. You may have been exposed to a chemical used in some manufacturing such as epoxy resins, classified as a probable human carcinogen."
19838,Epichlorhydrin,CHEM_Chemical Pharmaceutical Manufacturing,EST,medium,"Your answers indicate: “Don't know” for “In the last working week, did you use respiratory protection while making, formulating or processing chemicals or pharmaceuticals?”; and “None of these” for “In the last working week, how did you work with epichlorohydrin?”. You may have been exposed to a chemical used in some manufacturing such as epoxy resins, classified as a probable human carcinogen."
19840,Epichlorhydrin,CHEM_Chemical Pharmaceutical Manufacturing,EST,medium,"Your answers indicate: “Don't know” for “In the last working week, did you use respiratory protection while making, formulating or processing chemicals or pharmaceuticals?”; and “Loading or unloading substances into/from the process or for storage” for “In the last working week, did your work involve the following?”; and “Epichlorohydrin” for “In the last working week, did you work with any of the following industrial chemicals?”. You may have been exposed to a chemical used in some manufacturing such as epoxy resins, classified as a probable human carcinogen."
19841,Epichlorhydrin,CHEM_Chemical Pharmaceutical Manufacturing,EST,medium,"Your answers indicate: “Don't know” for “In the last working week, did you use respiratory protection while making, formulating or processing chemicals or pharmaceuticals?”; and “Taking samples from the process or from delivery” for “In the last working week, did your work involve the following?”; and “Epichlorohydrin” for “In the last working week, did you work with any of the following industrial chemicals?”. You may have been exposed to a chemical used in some manufacturing such as epoxy resins, classified as a probable human carcinogen."
19842,Epichlorhydrin,CHEM_Chemical Pharmaceutical Manufacturing,EST,medium,"Your answers indicate: “Don't know” for “In the last working week, did you use respiratory protection while making, formulating or processing chemicals or pharmaceuticals?”; and “Process cleaning and routine maintenance tasks (e.g. substitution/ cleaning of filters)” for “In the last working week, did your work involve the following?”; and “Epichlorohydrin” for “In the last working week, did you work with any of the following industrial chemicals?”. You may have been exposed to a chemical used in some manufacturing such as epoxy resins, classified as a probable human carcinogen."
19849,Epichlorhydrin,CHEM_Chemical Pharmaceutical Manufacturing,EST,medium,"Your answers indicate: “Don't know” for “What types of respiratory protective equipment (RPE) did you use?”; and “Loading or unloading substances into/from the process or for storage” for “In the last working week, did your work involve the following?”; and “Epichlorohydrin” for “In the last working week, did you work with any of the following industrial chemicals?”. You may have been exposed to a chemical used in some manufacturing such as epoxy resins, classified as a probable human carcinogen."
19850,Epichlorhydrin,CHEM_Chemical Pharmaceutical Manufacturing,EST,medium,"Your answers indicate: “Don't know” for “What types of respiratory protective equipment (RPE) did you use?”; and “Taking samples from the process or from delivery” for “In the last working week, did your work involve the following?”; and “Epichlorohydrin” for “In the last working week, did you work with any of the following industrial chemicals?”. You may have been exposed to a chemical used in some manufacturing such as epoxy resins, classified as a probable human carcinogen."
19851,Epichlorhydrin,CHEM_Chemical Pharmaceutical Manufacturing,EST,medium,"Your answers indicate: “Don't know” for “What types of respiratory protective equipment (RPE) did you use?”; and “Process cleaning and routine maintenance tasks (e.g. substitution/ cleaning of filters)” for “In the last working week, did your work involve the following?”; and “Epichlorohydrin” for “In the last working week, did you work with any of the following industrial chemicals?”. You may have been exposed to a chemical used in some manufacturing such as epoxy resins, classified as a probable human carcinogen."
19852,Epichlorhydrin,CHEM_Chemical Pharmaceutical Manufacturing,EST,medium,"Your answers indicate: “Don't know” for “What types of respiratory protective equipment (RPE) did you use?”; and “Don't know” for “In the last working week, how did you work with epichlorohydrin?”. You may have been exposed to a chemical used in some manufacturing such as epoxy resins, classified as a probable human carcinogen."
19853,Epichlorhydrin,CHEM_Chemical Pharmaceutical Manufacturing,EST,medium,"Your answers indicate: “Don't know” for “What types of respiratory protective equipment (RPE) did you use?”; and “None of these” for “In the last working week, how did you work with epichlorohydrin?”. You may have been exposed to a chemical used in some manufacturing such as epoxy resins, classified as a probable human carcinogen."
19861,Formaldehyde,CHEM_Chemical Pharmaceutical Manufacturing,EST,high,"Your answers indicate: “Don't know” for “What types of respiratory protective equipment (RPE) did you use?”; and “Loading or unloading substances into/from the process or for storage” for “In the last working week, did your work involve the following?”; and “Formaldehyde” for “In the last working week, did you work with any of the following industrial chemicals?”. You may have been exposed to a chemical used in some manufacturing and building materials, classified as a known human carcinogen."
19862,Formaldehyde,CHEM_Chemical Pharmaceutical Manufacturing,EST,high,"Your answers indicate: “Don't know” for “What types of respiratory protective equipment (RPE) did you use?”; and “Taking samples from the process or from delivery” for “In the last working week, did your work involve the following?”; and “Formaldehyde” for “In the last working week, did you work with any of the following industrial chemicals?”. You may have been exposed to a chemical used in some manufacturing and building materials, classified as a known human carcinogen."
19863,Formaldehyde,CHEM_Chemical Pharmaceutical Manufacturing,EST,high,"Your answers indicate: “Don't know” for “What types of respiratory protective equipment (RPE) did you use?”; and “Process cleaning and routine maintenance tasks (e.g. substitution/ cleaning of filters)” for “In the last working week, did your work involve the following?”; and “Formaldehyde” for “In the last working week, did you work with any of the following industrial chemicals?”. You may have been exposed to a chemical used in some manufacturing and building materials, classified as a known human carcinogen."
19865,Formaldehyde,CHEM_Chemical Pharmaceutical Manufacturing,EST,high,"Your answers indicate: “Don't know” for “What types of respiratory protective equipment (RPE) did you use?”; and “None of these” for “In the last working week, how did you work with formaldehyde?”. You may have been exposed to a chemical used in some manufacturing and building materials, classified as a known human carcinogen."
19866,Formaldehyde,CHEM_Chemical Pharmaceutical Manufacturing,EST,high,"Your answers indicate: “Don't know” for “What types of respiratory protective equipment (RPE) did you use?”; and “Don't know” for “In the last working week, how did you work with formaldehyde?”. You may have been exposed to a chemical used in some manufacturing and building materials, classified as a known human carcinogen."
19867,Formaldehyde,CHEM_Chemical Pharmaceutical Manufacturing,EST,high,"Your answers indicate: “No” for “In the last working week, did you use respiratory protection while making, formulating or processing chemicals or pharmaceuticals?”; and “Loading or unloading substances into/from the process or for storage” for “In the last working week, did your work involve the following?”; and “Formaldehyde” for “In the last working week, did you work with any of the following industrial chemicals?”. You may have been exposed to a chemical used in some manufacturing and building materials, classified as a known human carcinogen."
19868,Formaldehyde,CHEM_Chemical Pharmaceutical Manufacturing,EST,high,"Your answers indicate: “No” for “In the last working week, did you use respiratory protection while making, formulating or processing chemicals or pharmaceuticals?”; and “Taking samples from the process or from delivery” for “In the last working week, did your work involve the following?”; and “Formaldehyde” for “In the last working week, did you work with any of the following industrial chemicals?”. You may have been exposed to a chemical used in some manufacturing and building materials, classified as a known human carcinogen."
19869,Formaldehyde,CHEM_Chemical Pharmaceutical Manufacturing,EST,high,"Your answers indicate: “No” for “In the last working week, did you use respiratory protection while making, formulating or processing chemicals or pharmaceuticals?”; and “Process cleaning and routine maintenance tasks (e.g. substitution/ cleaning of filters)” for “In the last working week, did your work involve the following?”; and “Formaldehyde” for “In the last working week, did you work with any of the following industrial chemicals?”. You may have been exposed to a chemical used in some manufacturing and building materials, classified as a known human carcinogen."
19870,Formaldehyde,CHEM_Chemical Pharmaceutical Manufacturing,EST,high,"Your answers indicate: “No” for “In the last working week, did you use respiratory protection while making, formulating or processing chemicals or pharmaceuticals?”; and “Don't know” for “In the last working week, how did you work with formaldehyde?”. You may have been exposed to a chemical used in some manufacturing and building materials, classified as a known human carcinogen."
19871,Formaldehyde,CHEM_Chemical Pharmaceutical Manufacturing,EST,high,"Your answers indicate: “No” for “In the last working week, did you use respiratory protection while making, formulating or processing chemicals or pharmaceuticals?”; and “None of these” for “In the last working week, how did you work with formaldehyde?”. You may have been exposed to a chemical used in some manufacturing and building materials, classified as a known human carcinogen."
19873,Formaldehyde,CHEM_Chemical Pharmaceutical Manufacturing,EST,high,"Your answers indicate: “Don't know” for “In the last working week, did you use respiratory protection while making, formulating or processing chemicals or pharmaceuticals?”; and “Loading or unloading substances into/from the process or for storage” for “In the last working week, did your work involve the following?”; and “Formaldehyde” for “In the last working week, did you work with any of the following industrial chemicals?”. You may have been exposed to a chemical used in some manufacturing and building materials, classified as a known human carcinogen."
19874,Formaldehyde,CHEM_Chemical Pharmaceutical Manufacturing,EST,high,"Your answers indicate: “Don't know” for “In the last working week, did you use respiratory protection while making, formulating or processing chemicals or pharmaceuticals?”; and “Taking samples from the process or from delivery” for “In the last working week, did your work involve the following?”; and “Formaldehyde” for “In the last working week, did you work with any of the following industrial chemicals?”. You may have been exposed to a chemical used in some manufacturing and building materials, classified as a known human carcinogen."
19875,Formaldehyde,CHEM_Chemical Pharmaceutical Manufacturing,EST,high,"Your answers indicate: “Don't know” for “In the last working week, did you use respiratory protection while making, formulating or processing chemicals or pharmaceuticals?”; and “Process cleaning and routine maintenance tasks (e.g. substitution/ cleaning of filters)” for “In the last working week, did your work involve the following?”; and “Formaldehyde” for “In the last working week, did you work with any of the following industrial chemicals?”. You may have been exposed to a chemical used in some manufacturing and building materials, classified as a known human carcinogen."
19876,Formaldehyde,CHEM_Chemical Pharmaceutical Manufacturing,EST,high,"Your answers indicate: “Don't know” for “In the last working week, did you use respiratory protection while making, formulating or processing chemicals or pharmaceuticals?”; and “Don't know” for “In the last working week, how did you work with formaldehyde?”. You may have been exposed to a chemical used in some manufacturing and building materials, classified as a known human carcinogen."
19877,Formaldehyde,CHEM_Chemical Pharmaceutical Manufacturing,EST,high,"Your answers indicate: “Don't know” for “In the last working week, did you use respiratory protection while making, formulating or processing chemicals or pharmaceuticals?”; and “None of these” for “In the last working week, how did you work with formaldehyde?”. You may have been exposed to a chemical used in some manufacturing and building materials, classified as a known human carcinogen."
19885,Ortho-toluidine,CHEM_Chemical Pharmaceutical Manufacturing,EST,medium,"Your answers indicate: “Don't know” for “What types of respiratory protective equipment (RPE) did you use?”; and “Loading or unloading substances into/from the process or for storage” for “In the last working week, did your work involve the following?”; and “Ortho-toluidine” for “In the last working week, did you work with any of the following industrial chemicals?”. You may have been exposed to a chemical used in some dye and rubber manufacturing, classified as a known human carcinogen."
19886,Ortho-toluidine,CHEM_Chemical Pharmaceutical Manufacturing,EST,medium,"Your answers indicate: “Don't know” for “What types of respiratory protective equipment (RPE) did you use?”; and “Taking samples from the process or from delivery” for “In the last working week, did your work involve the following?”; and “Ortho-toluidine” for “In the last working week, did you work with any of the following industrial chemicals?”. You may have been exposed to a chemical used in some dye and rubber manufacturing, classified as a known human carcinogen."
19887,Ortho-toluidine,CHEM_Chemical Pharmaceutical Manufacturing,EST,medium,"Your answers indicate: “Don't know” for “What types of respiratory protective equipment (RPE) did you use?”; and “Process cleaning and routine maintenance tasks (e.g. substitution/ cleaning of filters)” for “In the last working week, did your work involve the following?”; and “Ortho-toluidine” for “In the last working week, did you work with any of the following industrial chemicals?”. You may have been exposed to a chemical used in some dye and rubber manufacturing, classified as a known human carcinogen."
19888,Ortho-toluidine,CHEM_Chemical Pharmaceutical Manufacturing,EST,medium,"Your answers indicate: “Don't know” for “What types of respiratory protective equipment (RPE) did you use?”; and “Don't know” for “In the last working week, how did you work with ortho-toluidine?”. You may have been exposed to a chemical used in some dye and rubber manufacturing, classified as a known human carcinogen."
19889,Ortho-toluidine,CHEM_Chemical Pharmaceutical Manufacturing,EST,medium,"Your answers indicate: “Don't know” for “What types of respiratory protective equipment (RPE) did you use?”; and “None of these” for “In the last working week, how did you work with ortho-toluidine?”. You may have been exposed to a chemical used in some dye and rubber manufacturing, classified as a known human carcinogen."
19891,Ortho-toluidine,CHEM_Chemical Pharmaceutical Manufacturing,EST,medium,"Your answers indicate: “No” for “In the last working week, did you use respiratory protection while making, formulating or processing chemicals or pharmaceuticals?”; and “Loading or unloading substances into/from the process or for storage” for “In the last working week, did your work involve the following?”; and “Ortho-toluidine” for “In the last working week, did you work with any of the following industrial chemicals?”. You may have been exposed to a chemical used in some dye and rubber manufacturing, classified as a known human carcinogen."
19892,Ortho-toluidine,CHEM_Chemical Pharmaceutical Manufacturing,EST,medium,"Your answers indicate: “No” for “In the last working week, did you use respiratory protection while making, formulating or processing chemicals or pharmaceuticals?”; and “Taking samples from the process or from delivery” for “In the last working week, did your work involve the following?”; and “Ortho-toluidine” for “In the last working week, did you work with any of the following industrial chemicals?”. You may have been exposed to a chemical used in some dye and rubber manufacturing, classified as a known human carcinogen."
19893,Ortho-toluidine,CHEM_Chemical Pharmaceutical Manufacturing,EST,medium,"Your answers indicate: “No” for “In the last working week, did you use respiratory protection while making, formulating or processing chemicals or pharmaceuticals?”; and “Process cleaning and routine maintenance tasks (e.g. substitution/ cleaning of filters)” for “In the last working week, did your work involve the following?”; and “Ortho-toluidine” for “In the last working week, did you work with any of the following industrial chemicals?”. You may have been exposed to a chemical used in some dye and rubber manufacturing, classified as a known human carcinogen."
19894,Ortho-toluidine,CHEM_Chemical Pharmaceutical Manufacturing,EST,medium,"Your answers indicate: “No” for “In the last working week, did you use respiratory protection while making, formulating or processing chemicals or pharmaceuticals?”; and “Don't know” for “In the last working week, how did you work with ortho-toluidine?”. You may have been exposed to a chemical used in some dye and rubber manufacturing, classified as a known human carcinogen."
19895,Ortho-toluidine,CHEM_Chemical Pharmaceutical Manufacturing,EST,medium,"Your answers indicate: “No” for “In the last working week, did you use respiratory protection while making, formulating or processing chemicals or pharmaceuticals?”; and “None of these” for “In the last working week, how did you work with ortho-toluidine?”. You may have been exposed to a chemical used in some dye and rubber manufacturing, classified as a known human carcinogen."
19897,Ortho-toluidine,CHEM_Chemical Pharmaceutical Manufacturing,EST,medium,"Your answers indicate: “Don't know” for “In the last working week, did you use respiratory protection while making, formulating or processing chemicals or pharmaceuticals?”; and “Loading or unloading substances into/from the process or for storage” for “In the last working week, did your work involve the following?”; and “Ortho-toluidine” for “In the last working week, did you work with any of the following industrial chemicals?”. You may have been exposed to a chemical used in some dye and rubber manufacturing, classified as a known human carcinogen."
19898,Ortho-toluidine,CHEM_Chemical Pharmaceutical Manufacturing,EST,medium,"Your answers indicate: “Don't know” for “In the last working week, did you use respiratory protection while making, formulating or processing chemicals or pharmaceuticals?”; and “Taking samples from the process or from delivery” for “In the last working week, did your work involve the following?”; and “Ortho-toluidine” for “In the last working week, did you work with any of the following industrial chemicals?”. You may have been exposed to a chemical used in some dye and rubber manufacturing, classified as a known human carcinogen."
19899,Ortho-toluidine,CHEM_Chemical Pharmaceutical Manufacturing,EST,medium,"Your answers indicate: “Don't know” for “In the last working week, did you use respiratory protection while making, formulating or processing chemicals or pharmaceuticals?”; and “Process cleaning and routine maintenance tasks (e.g. substitution/ cleaning of filters)” for “In the last working week, did your work involve the following?”; and “Ortho-toluidine” for “In the last working week, did you work with any of the following industrial chemicals?”. You may have been exposed to a chemical used in some dye and rubber manufacturing, classified as a known human carcinogen."
19901,Ortho-toluidine,CHEM_Chemical Pharmaceutical Manufacturing,EST,medium,"Your answers indicate: “Don't know” for “In the last working week, did you use respiratory protection while making, formulating or processing chemicals or pharmaceuticals?”; and “Don't know” for “In the last working week, how did you work with ortho-toluidine?”. You may have been exposed to a chemical used in some dye and rubber manufacturing, classified as a known human carcinogen."
19902,Ortho-toluidine,CHEM_Chemical Pharmaceutical Manufacturing,EST,medium,"Your answers indicate: “Don't know” for “In the last working week, did you use respiratory protection while making, formulating or processing chemicals or pharmaceuticals?”; and “None of these” for “In the last working week, how did you work with ortho-toluidine?”. You may have been exposed to a chemical used in some dye and rubber manufacturing, classified as a known human carcinogen."
19903,diethyl/dimethyl sulphate,CHEM_Chemical Pharmaceutical Manufacturing,EST,medium,"Your answers indicate: “A filtering face piece mask or dust mask (called an FFP)” for “What types of respiratory protective equipment (RPE) did you use?”; and “Loading or unloading substances into/from the process or for storage” for “In the last working week, did your work involve the following?”; and “Diethyl or dimethyl sulphate” for “In the last working week, did you work with any of the following industrial chemicals?”. You may have been exposed to reactive chemicals used in some manufacturing, classified as probable human carcinogens."
19904,diethyl/dimethyl sulphate,CHEM_Chemical Pharmaceutical Manufacturing,EST,medium,"Your answers indicate: “A filtering face piece mask or dust mask (called an FFP)” for “What types of respiratory protective equipment (RPE) did you use?”; and “Taking samples from the process or from delivery” for “In the last working week, did your work involve the following?”; and “Diethyl or dimethyl sulphate” for “In the last working week, did you work with any of the following industrial chemicals?”. You may have been exposed to reactive chemicals used in some manufacturing, classified as probable human carcinogens."
19905,diethyl/dimethyl sulphate,CHEM_Chemical Pharmaceutical Manufacturing,EST,medium,"Your answers indicate: “A filtering face piece mask or dust mask (called an FFP)” for “What types of respiratory protective equipment (RPE) did you use?”; and “Process cleaning and routine maintenance tasks (e.g. substitution/ cleaning of filters)” for “In the last working week, did your work involve the following?”; and “Diethyl or dimethyl sulphate” for “In the last working week, did you work with any of the following industrial chemicals?”. You may have been exposed to reactive chemicals used in some manufacturing, classified as probable human carcinogens."
19906,diethyl/dimethyl sulphate,CHEM_Chemical Pharmaceutical Manufacturing,EST,medium,"Your answers indicate: “A filtering face piece mask or dust mask (called an FFP)” for “What types of respiratory protective equipment (RPE) did you use?”; and “Don't know” for “In the last working week, how did you work with diethyl or dimethyl sulphate?”. You may have been exposed to reactive chemicals used in some manufacturing, classified as probable human carcinogens."
19907,diethyl/dimethyl sulphate,CHEM_Chemical Pharmaceutical Manufacturing,EST,medium,"Your answers indicate: “A filtering face piece mask or dust mask (called an FFP)” for “What types of respiratory protective equipment (RPE) did you use?”; and “None of these” for “In the last working week, how did you work with diethyl or dimethyl sulphate?”. You may have been exposed to reactive chemicals used in some manufacturing, classified as probable human carcinogens."
19909,Epichlorhydrin,CHEM_Chemical Pharmaceutical Manufacturing,EST,medium,"Your answers indicate: “A filtering face piece mask or dust mask (called an FFP)” for “What types of respiratory protective equipment (RPE) did you use?”; and “Loading or unloading substances into/from the process or for storage” for “In the last working week, did your work involve the following?”; and “Epichlorohydrin” for “In the last working week, did you work with any of the following industrial chemicals?”. You may have been exposed to a chemical used in some manufacturing such as epoxy resins, classified as a probable human carcinogen."
19910,Epichlorhydrin,CHEM_Chemical Pharmaceutical Manufacturing,EST,medium,"Your answers indicate: “A filtering face piece mask or dust mask (called an FFP)” for “What types of respiratory protective equipment (RPE) did you use?”; and “Taking samples from the process or from delivery” for “In the last working week, did your work involve the following?”; and “Epichlorohydrin” for “In the last working week, did you work with any of the following industrial chemicals?”. You may have been exposed to a chemical used in some manufacturing such as epoxy resins, classified as a probable human carcinogen."
19912,Epichlorhydrin,CHEM_Chemical Pharmaceutical Manufacturing,EST,medium,"Your answers indicate: “A filtering face piece mask or dust mask (called an FFP)” for “What types of respiratory protective equipment (RPE) did you use?”; and “None of these” for “In the last working week, how did you work with epichlorohydrin?”. You may have been exposed to a chemical used in some manufacturing such as epoxy resins, classified as a probable human carcinogen."
19913,Epichlorhydrin,CHEM_Chemical Pharmaceutical Manufacturing,EST,medium,"Your answers indicate: “A filtering face piece mask or dust mask (called an FFP)” for “What types of respiratory protective equipment (RPE) did you use?”; and “Don't know” for “In the last working week, how did you work with epichlorohydrin?”. You may have been exposed to a chemical used in some manufacturing such as epoxy resins, classified as a probable human carcinogen."
19914,Epichlorhydrin,CHEM_Chemical Pharmaceutical Manufacturing,EST,medium,"Your answers indicate: “A filtering face piece mask or dust mask (called an FFP)” for “What types of respiratory protective equipment (RPE) did you use?”; and “Process cleaning and routine maintenance tasks (e.g. substitution/ cleaning of filters)” for “In the last working week, did your work involve the following?”; and “Epichlorohydrin” for “In the last working week, did you work with any of the following industrial chemicals?”. You may have been exposed to a chemical used in some manufacturing such as epoxy resins, classified as a probable human carcinogen."
19915,Formaldehyde,CHEM_Chemical Pharmaceutical Manufacturing,EST,high,"Your answers indicate: “A filtering face piece mask or dust mask (called an FFP)” for “What types of respiratory protective equipment (RPE) did you use?”; and “Loading or unloading substances into/from the process or for storage” for “In the last working week, did your work involve the following?”; and “Formaldehyde” for “In the last working week, did you work with any of the following industrial chemicals?”. You may have been exposed to a chemical used in some manufacturing and building materials, classified as a known human carcinogen."
19916,Formaldehyde,CHEM_Chemical Pharmaceutical Manufacturing,EST,high,"Your answers indicate: “A filtering face piece mask or dust mask (called an FFP)” for “What types of respiratory protective equipment (RPE) did you use?”; and “Taking samples from the process or from delivery” for “In the last working week, did your work involve the following?”; and “Formaldehyde” for “In the last working week, did you work with any of the following industrial chemicals?”. You may have been exposed to a chemical used in some manufacturing and building materials, classified as a known human carcinogen."
19917,Formaldehyde,CHEM_Chemical Pharmaceutical Manufacturing,EST,high,"Your answers indicate: “A filtering face piece mask or dust mask (called an FFP)” for “What types of respiratory protective equipment (RPE) did you use?”; and “Process cleaning and routine maintenance tasks (e.g. substitution/ cleaning of filters)” for “In the last working week, did your work involve the following?”; and “Formaldehyde” for “In the last working week, did you work with any of the following industrial chemicals?”. You may have been exposed to a chemical used in some manufacturing and building materials, classified as a known human carcinogen."
19918,Formaldehyde,CHEM_Chemical Pharmaceutical Manufacturing,EST,high,"Your answers indicate: “A filtering face piece mask or dust mask (called an FFP)” for “What types of respiratory protective equipment (RPE) did you use?”; and “Don't know” for “In the last working week, how did you work with formaldehyde?”. You may have been exposed to a chemical used in some manufacturing and building materials, classified as a known human carcinogen."
19919,Formaldehyde,CHEM_Chemical Pharmaceutical Manufacturing,EST,high,"Your answers indicate: “A filtering face piece mask or dust mask (called an FFP)” for “What types of respiratory protective equipment (RPE) did you use?”; and “None of these” for “In the last working week, how did you work with formaldehyde?”. You may have been exposed to a chemical used in some manufacturing and building materials, classified as a known human carcinogen."
19921,Ortho-toluidine,CHEM_Chemical Pharmaceutical Manufacturing,EST,medium,"Your answers indicate: “A filtering face piece mask or dust mask (called an FFP)” for “What types of respiratory protective equipment (RPE) did you use?”; and “Loading or unloading substances into/from the process or for storage” for “In the last working week, did your work involve the following?”; and “Ortho-toluidine” for “In the last working week, did you work with any of the following industrial chemicals?”. You may have been exposed to a chemical used in some dye and rubber manufacturing, classified as a known human carcinogen."
19922,Ortho-toluidine,CHEM_Chemical Pharmaceutical Manufacturing,EST,medium,"Your answers indicate: “A filtering face piece mask or dust mask (called an FFP)” for “What types of respiratory protective equipment (RPE) did you use?”; and “Taking samples from the process or from delivery” for “In the last working week, did your work involve the following?”; and “Ortho-toluidine” for “In the last working week, did you work with any of the following industrial chemicals?”. You may have been exposed to a chemical used in some dye and rubber manufacturing, classified as a known human carcinogen."
19923,Ortho-toluidine,CHEM_Chemical Pharmaceutical Manufacturing,EST,medium,"Your answers indicate: “A filtering face piece mask or dust mask (called an FFP)” for “What types of respiratory protective equipment (RPE) did you use?”; and “Process cleaning and routine maintenance tasks (e.g. substitution/ cleaning of filters)” for “In the last working week, did your work involve the following?”; and “Ortho-toluidine” for “In the last working week, did you work with any of the following industrial chemicals?”. You may have been exposed to a chemical used in some dye and rubber manufacturing, classified as a known human carcinogen."
19924,Ortho-toluidine,CHEM_Chemical Pharmaceutical Manufacturing,EST,medium,"Your answers indicate: “A filtering face piece mask or dust mask (called an FFP)” for “What types of respiratory protective equipment (RPE) did you use?”; and “Don't know” for “In the last working week, how did you work with ortho-toluidine?”. You may have been exposed to a chemical used in some dye and rubber manufacturing, classified as a known human carcinogen."
19925,Ortho-toluidine,CHEM_Chemical Pharmaceutical Manufacturing,EST,medium,"Your answers indicate: “A filtering face piece mask or dust mask (called an FFP)” for “What types of respiratory protective equipment (RPE) did you use?”; and “None of these” for “In the last working week, how did you work with ortho-toluidine?”. You may have been exposed to a chemical used in some dye and rubber manufacturing, classified as a known human carcinogen."
19930,Asbestos,aSER Service tunnels aJSM,EST,high,"Your answers indicate: “Yes” for “Was the insulation crumbly or fibrous?”; and “Don't know” for “How were the service tunnels ventilated?”. You may have been exposed to a mineral fibre once widely used in building materials, classified as a known human carcinogen."
19931,Asbestos,aSER Service tunnels aJSM,EST,high,"Your answers indicate: “Yes” for “Was the insulation crumbly or fibrous?”; and “No ventilation was applied to the area” for “How were the service tunnels ventilated?”. You may have been exposed to a mineral fibre once widely used in building materials, classified as a known human carcinogen."
19932,Diesel Exhaust,aSHP Shipping aJSM,EST,high,"Your answers indicate: “Diesel” for “What types of fuel did the ships/boats that you worked on use in the last working week?”; and “No ventilation was applied to the area” for “How was the engine room ventilated?”. You may have been exposed to exhaust from diesel engines, classified as a known human carcinogen."
19933,Diesel Exhaust,aSHP Shipping aJSM,EST,high,"Your answers indicate: “Diesel” for “What types of fuel did the ships/boats that you worked on use in the last working week?”; and “Don't know” for “How was the engine room ventilated?”. You may have been exposed to exhaust from diesel engines, classified as a known human carcinogen."
19935,Benzene,aSHP Shipping aJSM,EST,high,"Your answers indicate: “Petrol” for “What types of fuel did the ships/boats that you worked on use in the last working week?”; and “No ventilation was applied to the area” for “How was the engine room ventilated?”. You may have been exposed to a solvent found in fuels and some industrial processes, classified as a known human carcinogen."
19936,Benzene,aSHP Shipping aJSM,EST,high,"Your answers indicate: “Petrol” for “What types of fuel did the ships/boats that you worked on use in the last working week?”; and “Don't know” for “How was the engine room ventilated?”. You may have been exposed to a solvent found in fuels and some industrial processes, classified as a known human carcinogen."
19954,Ethylene oxide,aSTE Sterilising aJSM,EST,high,"Your answers indicate: “In an autoclave or sterilisation unit” for “Which sterilisation method did you use?”; and “Ethylene oxide gas” for “Which of the following chemicals did you use?”; and “No ventilation was applied to the area” for “In the last working week, how was the area where you sterilised instruments or equipment ventilated?”. You may have been exposed to a gas used in sterilisation and some manufacturing, classified as a known human carcinogen."
19955,Ethylene oxide,aSTE Sterilising aJSM,EST,high,"Your answers indicate: “In an autoclave or sterilisation unit” for “Which sterilisation method did you use?”; and “Ethylene oxide gas” for “Which of the following chemicals did you use?”; and “No” for “In the last working week, did you use respiratory protection when sterilising instruments or other equipment?”. You may have been exposed to a gas used in sterilisation and some manufacturing, classified as a known human carcinogen."
19956,Ethylene oxide,aSTE Sterilising aJSM,EST,high,"Your answers indicate: “In an autoclave or sterilisation unit” for “Which sterilisation method did you use?”; and “Ethylene oxide gas” for “Which of the following chemicals did you use?”; and “Don't know” for “In the last working week, how was the area where you sterilised instruments or equipment ventilated?”. You may have been exposed to a gas used in sterilisation and some manufacturing, classified as a known human carcinogen."
19957,Ethylene oxide,aSTE Sterilising aJSM,EST,high,"Your answers indicate: “In an autoclave or sterilisation unit” for “Which sterilisation method did you use?”; and “Ethylene oxide gas” for “Which of the following chemicals did you use?”; and “Don't know” for “In the last working week, did you use respiratory protection when sterilising instruments or other equipment?”. You may have been exposed to a gas used in sterilisation and some manufacturing, classified as a known human carcinogen."
19958,Ethylene oxide,aSTE Sterilising aJSM,EST,high,"Your answers indicate: “Don't know” for “Which sterilisation method did you use?”; and “Ethylene oxide gas” for “Which of the following chemicals did you use?”; and “No” for “In the last working week, did you use respiratory protection when sterilising instruments or other equipment?”. You may have been exposed to a gas used in sterilisation and some manufacturing, classified as a known human carcinogen."
19959,Ethylene oxide,aSTE Sterilising aJSM,EST,high,"Your answers indicate: “Don't know” for “Which sterilisation method did you use?”; and “Ethylene oxide gas” for “Which of the following chemicals did you use?”; and “No ventilation was applied to the area” for “In the last working week, how was the area where you sterilised instruments or equipment ventilated?”. You may have been exposed to a gas used in sterilisation and some manufacturing, classified as a known human carcinogen."
19960,Ethylene oxide,aSTE Sterilising aJSM,EST,high,"Your answers indicate: “Don't know” for “Which sterilisation method did you use?”; and “Ethylene oxide gas” for “Which of the following chemicals did you use?”; and “Don't know” for “In the last working week, how was the area where you sterilised instruments or equipment ventilated?”. You may have been exposed to a gas used in sterilisation and some manufacturing, classified as a known human carcinogen."
19962,Ethylene oxide,aSTE Sterilising aJSM,EST,high,"Your answers indicate: “Don't know” for “Which sterilisation method did you use?”; and “Ethylene oxide gas” for “Which of the following chemicals did you use?”; and “Don't know” for “In the last working week, did you use respiratory protection when sterilising instruments or other equipment?”. You may have been exposed to a gas used in sterilisation and some manufacturing, classified as a known human carcinogen."
19968,Formaldehyde,aSTE Sterilising aJSM,EST,high,"Your answers indicate: “In an autoclave or sterilisation unit” for “Which sterilisation method did you use?”; and “Formaldehyde or formalin” for “Which of the following chemicals did you use?”; and “No ventilation was applied to the area” for “In the last working week, how was the area where you sterilised instruments or equipment ventilated?”. You may have been exposed to a chemical used in some manufacturing and building materials, classified as a known human carcinogen."
19969,Formaldehyde,aSTE Sterilising aJSM,EST,high,"Your answers indicate: “In an autoclave or sterilisation unit” for “Which sterilisation method did you use?”; and “Formaldehyde or formalin” for “Which of the following chemicals did you use?”; and “Don't know” for “In the last working week, how was the area where you sterilised instruments or equipment ventilated?”. You may have been exposed to a chemical used in some manufacturing and building materials, classified as a known human carcinogen."
19970,Formaldehyde,aSTE Sterilising aJSM,EST,high,"Your answers indicate: “In an autoclave or sterilisation unit” for “Which sterilisation method did you use?”; and “Formaldehyde or formalin” for “Which of the following chemicals did you use?”; and “No” for “In the last working week, did you use respiratory protection when sterilising instruments or other equipment?”. You may have been exposed to a chemical used in some manufacturing and building materials, classified as a known human carcinogen."
19971,Formaldehyde,aSTE Sterilising aJSM,EST,high,"Your answers indicate: “In an autoclave or sterilisation unit” for “Which sterilisation method did you use?”; and “Formaldehyde or formalin” for “Which of the following chemicals did you use?”; and “Don't know” for “In the last working week, did you use respiratory protection when sterilising instruments or other equipment?”. You may have been exposed to a chemical used in some manufacturing and building materials, classified as a known human carcinogen."
19973,Formaldehyde,aSTE Sterilising aJSM,EST,high,"Your answers indicate: “Don't know” for “Which sterilisation method did you use?”; and “Formaldehyde or formalin” for “Which of the following chemicals did you use?”; and “No ventilation was applied to the area” for “In the last working week, how was the area where you sterilised instruments or equipment ventilated?”. You may have been exposed to a chemical used in some manufacturing and building materials, classified as a known human carcinogen."
19974,Formaldehyde,aSTE Sterilising aJSM,EST,high,"Your answers indicate: “Don't know” for “Which sterilisation method did you use?”; and “Formaldehyde or formalin” for “Which of the following chemicals did you use?”; and “Don't know” for “In the last working week, how was the area where you sterilised instruments or equipment ventilated?”. You may have been exposed to a chemical used in some manufacturing and building materials, classified as a known human carcinogen."
19975,Formaldehyde,aSTE Sterilising aJSM,EST,high,"Your answers indicate: “Don't know” for “Which sterilisation method did you use?”; and “Formaldehyde or formalin” for “Which of the following chemicals did you use?”; and “No” for “In the last working week, did you use respiratory protection when sterilising instruments or other equipment?”. You may have been exposed to a chemical used in some manufacturing and building materials, classified as a known human carcinogen."
19976,Formaldehyde,aSTE Sterilising aJSM,EST,high,"Your answers indicate: “Don't know” for “Which sterilisation method did you use?”; and “Formaldehyde or formalin” for “Which of the following chemicals did you use?”; and “Don't know” for “In the last working week, did you use respiratory protection when sterilising instruments or other equipment?”. You may have been exposed to a chemical used in some manufacturing and building materials, classified as a known human carcinogen."
19988,Diesel Exhaust,aVEX Vehicle Exhausts aJSM,EST,high,"Your answers indicate: “Diesel” for “What types of fuel were used in these vehicles?”; and “No ventilation was applied to the area” for “How was the area ventilated where the vehicles had their engines running?”; and “Less than 20 metres” for “How far away did you work from these vehicles?”; and “Yes” for “In the last working week, did you smell exhaust fumes from the vehicles?”. You may have been exposed to exhaust from diesel engines, classified as a known human carcinogen."
19989,Diesel Exhaust,aVEX Vehicle Exhausts aJSM,EST,high,"Your answers indicate: “Diesel” for “What types of fuel were used in these vehicles?”; and “Don't know” for “How was the area ventilated where the vehicles had their engines running?”; and “Less than 20 metres” for “How far away did you work from these vehicles?”; and “Yes” for “In the last working week, did you smell exhaust fumes from the vehicles?”. You may have been exposed to exhaust from diesel engines, classified as a known human carcinogen."
19990,Artificial UV,aWEL Welding aJSM,EST,high,"Your answers indicate: “No” for “In the last working week, did you wear welding goggles, a welding helmet that includes goggles, or a welding shield when welding, brazing or cutting?”. You may have been exposed to ultraviolet light from artificial sources such as welding or UV lamps, a recognised cause of skin and eye damage including cancer with cumulative exposure."
19991,Artificial UV,aWEL Welding aJSM,EST,high,"Your answers indicate: “Don't know” for “In the last working week, did you wear welding goggles, a welding helmet that includes goggles, or a welding shield when welding, brazing or cutting?”. You may have been exposed to ultraviolet light from artificial sources such as welding or UV lamps, a recognised cause of skin and eye damage including cancer with cumulative exposure."
19992,Chromium VI,aWOP wood preservatives,EST,high,"Your answers indicate: “Chromated copper arsenate (CCA) (gives wood a green-brown colour)” for “What wood preservatives did you apply in the last working week?”; and “By spraying” for “In the last working week, how did you apply the wood preservative?”. You may have been exposed to a form of chromium used in some manufacturing such as plating or welding, classified as a known human carcinogen."
19993,Chromium VI,aWOP wood preservatives,EST,high,"Your answers indicate: “Chromated copper arsenate (CCA) (gives wood a green-brown colour)” for “What wood preservatives did you apply in the last working week?”; and “No” for “In the last working week, did you use respiratory protection while in contact with wood preservatives?”. You may have been exposed to a form of chromium used in some manufacturing such as plating or welding, classified as a known human carcinogen."
19994,Chromium VI,aWOP wood preservatives,EST,high,"Your answers indicate: “Chromated copper arsenate (CCA) (gives wood a green-brown colour)” for “What wood preservatives did you apply in the last working week?”; and “Don't know” for “In the last working week, did you use respiratory protection while in contact with wood preservatives?”. You may have been exposed to a form of chromium used in some manufacturing such as plating or welding, classified as a known human carcinogen."
19995,Arsenic,aWOP wood preservatives,EST,high,"Your answers indicate: “Chromated copper arsenate (CCA) (gives wood a green-brown colour)” for “What wood preservatives did you apply in the last working week?”; and “By spraying” for “In the last working week, how did you apply the wood preservative?”. You may have been exposed to a metal encountered in some industrial processes, classified as a known human carcinogen."
19996,Arsenic,aWOP wood preservatives,EST,high,"Your answers indicate: “Chromated copper arsenate (CCA) (gives wood a green-brown colour)” for “What wood preservatives did you apply in the last working week?”; and “No” for “In the last working week, did you use respiratory protection while in contact with wood preservatives?”. You may have been exposed to a metal encountered in some industrial processes, classified as a known human carcinogen."
19997,Arsenic,aWOP wood preservatives,EST,high,"Your answers indicate: “Chromated copper arsenate (CCA) (gives wood a green-brown colour)” for “What wood preservatives did you apply in the last working week?”; and “Don't know” for “In the last working week, did you use respiratory protection while in contact with wood preservatives?”. You may have been exposed to a metal encountered in some industrial processes, classified as a known human carcinogen."
20119,Ethylene oxide,aPES Pesticides short version,EST,high,"Your answers indicate: “Yes” for “In the last working week, did you use herbicides or insecticides containing ethylene oxide?”; and “No ventilation was applied to the area” for “How was the area ventilated where you mixed, loaded or applied herbicides, weed killers or insecticides?”; and “No” for “In the last working week, did you use respiratory protection while mixing, loading or applying herbicides or insecticides?”. You may have been exposed to a gas used in sterilisation and some manufacturing, classified as a known human carcinogen."
20120,Ethylene oxide,aPES Pesticides short version,EST,high,"Your answers indicate: “Yes” for “In the last working week, did you use herbicides or insecticides containing ethylene oxide?”; and “No ventilation was applied to the area” for “How was the area ventilated where you mixed, loaded or applied herbicides, weed killers or insecticides?”; and “Don't know” for “In the last working week, did you use respiratory protection while mixing, loading or applying herbicides or insecticides?”. You may have been exposed to a gas used in sterilisation and some manufacturing, classified as a known human carcinogen."
20121,Ethylene oxide,aPES Pesticides short version,EST,high,"Your answers indicate: “Yes” for “In the last working week, did you use herbicides or insecticides containing ethylene oxide?”; and “Don't know” for “How was the area ventilated where you mixed, loaded or applied herbicides, weed killers or insecticides?”; and “No” for “In the last working week, did you use respiratory protection while mixing, loading or applying herbicides or insecticides?”. You may have been exposed to a gas used in sterilisation and some manufacturing, classified as a known human carcinogen."
20122,Ethylene oxide,aPES Pesticides short version,EST,high,"Your answers indicate: “Yes” for “In the last working week, did you use herbicides or insecticides containing ethylene oxide?”; and “Don't know” for “How was the area ventilated where you mixed, loaded or applied herbicides, weed killers or insecticides?”; and “Don't know” for “In the last working week, did you use respiratory protection while mixing, loading or applying herbicides or insecticides?”. You may have been exposed to a gas used in sterilisation and some manufacturing, classified as a known human carcinogen."
20127,Benzene,aPES Pesticides short version,EST,high,"Your answers indicate: “Yes” for “In the last working week, did you mix herbicides, weed killers or insecticides with petrol?”; and “No ventilation was applied to the area” for “How was the area ventilated where you mixed, loaded or applied herbicides, weed killers or insecticides?”; and “No” for “In the last working week, did you use respiratory protection while mixing, loading or applying herbicides or insecticides?”. You may have been exposed to a solvent found in fuels and some industrial processes, classified as a known human carcinogen."
20128,Benzene,aPES Pesticides short version,EST,high,"Your answers indicate: “Yes” for “In the last working week, did you mix herbicides, weed killers or insecticides with petrol?”; and “No ventilation was applied to the area” for “How was the area ventilated where you mixed, loaded or applied herbicides, weed killers or insecticides?”; and “Don't know” for “In the last working week, did you use respiratory protection while mixing, loading or applying herbicides or insecticides?”. You may have been exposed to a solvent found in fuels and some industrial processes, classified as a known human carcinogen."
20129,Benzene,aPES Pesticides short version,EST,high,"Your answers indicate: “Yes” for “In the last working week, did you mix herbicides, weed killers or insecticides with petrol?”; and “Don't know” for “How was the area ventilated where you mixed, loaded or applied herbicides, weed killers or insecticides?”; and “No” for “In the last working week, did you use respiratory protection while mixing, loading or applying herbicides or insecticides?”. You may have been exposed to a solvent found in fuels and some industrial processes, classified as a known human carcinogen."
20130,Benzene,aPES Pesticides short version,EST,high,"Your answers indicate: “Yes” for “In the last working week, did you mix herbicides, weed killers or insecticides with petrol?”; and “Don't know” for “How was the area ventilated where you mixed, loaded or applied herbicides, weed killers or insecticides?”; and “Don't know” for “In the last working week, did you use respiratory protection while mixing, loading or applying herbicides or insecticides?”. You may have been exposed to a solvent found in fuels and some industrial processes, classified as a known human carcinogen."
20141,Ethylene oxide,aPES Pesticides short version,EST,high,"Your answers indicate: “Ethylene oxide” for “What fumigants did you apply or mix in the last working week?”; and “No” for “Were you wearing an air-supplied respirator or SCBA (self-contained breathing apparatus) when you entered the area?”. You may have been exposed to a gas used in sterilisation and some manufacturing, classified as a known human carcinogen."
20142,Formaldehyde,aPES Pesticides short version,EST,high,"Your answers indicate: “Formaldehyde” for “What fumigants did you apply or mix in the last working week?”; and “No” for “Were you wearing an air-supplied respirator or SCBA (self-contained breathing apparatus) when you entered the area?”. You may have been exposed to a chemical used in some manufacturing and building materials, classified as a known human carcinogen."
20143,Ethylene oxide,aPES Pesticides short version,EST,high,"Your answers indicate: “Ethylene oxide” for “What fumigants did you apply or mix in the last working week?”; and “Don't know” for “Were you wearing an air-supplied respirator or SCBA (self-contained breathing apparatus) when you entered the area?”. You may have been exposed to a gas used in sterilisation and some manufacturing, classified as a known human carcinogen."
20144,Formaldehyde,aPES Pesticides short version,EST,high,"Your answers indicate: “Formaldehyde” for “What fumigants did you apply or mix in the last working week?”; and “Don't know” for “Were you wearing an air-supplied respirator or SCBA (self-contained breathing apparatus) when you entered the area?”. You may have been exposed to a chemical used in some manufacturing and building materials, classified as a known human carcinogen."
20160,Ionizing radiation,aXRY Xray use aJSM,EST,high,"Your answers indicate: “No” for “Were you protected by a lead partition/wall when using X-ray equipment?”; and “Don't know” for “In the last working week, did you use radio-protective garments (such as lead aprons, gloves, thyroid guards) when using x-ray equipment?”. You may have been exposed to radiation from sources such as X-rays or radioactive materials, classified as a known human carcinogen."
20161,Ionizing radiation,aXRY Xray use aJSM,EST,high,"Your answers indicate: “Don't know” for “Were you protected by a lead partition/wall when using X-ray equipment?”; and “Don't know” for “In the last working week, did you use radio-protective garments (such as lead aprons, gloves, thyroid guards) when using x-ray equipment?”. You may have been exposed to radiation from sources such as X-rays or radioactive materials, classified as a known human carcinogen."
20162,Ionizing radiation,aXRY Xray use aJSM,EST,high,"Your answers indicate: “Don't know” for “Were you protected by a lead partition/wall when using X-ray equipment?”; and “No” for “In the last working week, did you use radio-protective garments (such as lead aprons, gloves, thyroid guards) when using x-ray equipment?”. You may have been exposed to radiation from sources such as X-rays or radioactive materials, classified as a known human carcinogen."
20163,Ionizing radiation,aXRY Xray use aJSM,EST,high,"Your answers indicate: “No” for “Were you protected by a lead partition/wall when using X-ray equipment?”; and “No” for “In the last working week, did you use radio-protective garments (such as lead aprons, gloves, thyroid guards) when using x-ray equipment?”. You may have been exposed to radiation from sources such as X-rays or radioactive materials, classified as a known human carcinogen."
20166,Ionizing radiation,aXRY Xray use aJSM,EST,high,"Your answers indicate: “No” for “Were you protected by a lead, concrete or steel shielding or wall when using gammagraphy equipment?”. You may have been exposed to radiation from sources such as X-rays or radioactive materials, classified as a known human carcinogen."
20170,Ionizing radiation,aXRY Xray use aJSM,EST,high,"Your answers indicate: “Don't know” for “Were you protected by a lead, concrete or steel shielding or wall when using gammagraphy equipment?”. You may have been exposed to radiation from sources such as X-rays or radioactive materials, classified as a known human carcinogen."
20171,Ionizing radiation,aXRY Xray use aJSM,EST,high,"Your answers indicate: “No” for “In the last working week, did you use radio-protective garments (such as lead aprons, gloves, thyroid guards) when using gammagraphy equipment?”. You may have been exposed to radiation from sources such as X-rays or radioactive materials, classified as a known human carcinogen."
20172,Ionizing radiation,aXRY Xray use aJSM,EST,high,"Your answers indicate: “Don't know” for “In the last working week, did you use radio-protective garments (such as lead aprons, gloves, thyroid guards) when using gammagraphy equipment?”. You may have been exposed to radiation from sources such as X-rays or radioactive materials, classified as a known human carcinogen."
20177,Diesel Exhaust,aGEX Generator Exhaust aJSM,EST,high,"Your answers indicate: “No” for “Were these generators portable?”; and “Less than 20 metres” for “How far away were you working from these generators?”; and “Yes” for “In the last working week, did you smell exhaust fumes from the generators?”; and “No ventilation was applied to the area” for “How was the area ventilated where the generators were running?”. You may have been exposed to exhaust from diesel engines, classified as a known human carcinogen."
20178,Diesel Exhaust,aGEX Generator Exhaust aJSM,EST,high,"Your answers indicate: “No” for “Were these generators portable?”; and “Less than 20 metres” for “How far away were you working from these generators?”; and “Yes” for “In the last working week, did you smell exhaust fumes from the generators?”; and “Don't know” for “How was the area ventilated where the generators were running?”. You may have been exposed to exhaust from diesel engines, classified as a known human carcinogen."
20188,Silica,CONS_Construction Trades,EST,high,"Your answers indicate: “Using compressed air” for “How was the working area cleaned of dust?”. You may have been exposed to crystalline silica dust from cutting, grinding or drilling into materials like concrete, classified as a known human carcinogen and cause of silicosis."
20189,Silica,CONS_Construction Trades,EST,high,"Your answers indicate: “Using a brush or sweeping the area with a broom” for “How was the working area cleaned of dust?”. You may have been exposed to crystalline silica dust from cutting, grinding or drilling into materials like concrete, classified as a known human carcinogen and cause of silicosis."
20190,Leather dust,SHOE_Shoes and leather goods,EST,medium,"Your answers indicate: “Using a brush or sweeping the area with a broom” for “How was the working area cleaned of dust?”. You may have been exposed to dust from leather processing, linked to an increased risk of nasal cancer in some studies."
20192,Leather dust,SHOE_Shoes and leather goods,EST,medium,"Your answers indicate: “Using compressed air” for “How was the working area cleaned of dust?”. You may have been exposed to dust from leather processing, linked to an increased risk of nasal cancer in some studies."
20207,Carbon Monoxide,MINE_Miners/Quarrymen,ACUTE,high,"Your answers indicate: “Other” for “In the last working week, where did you work?”. You may have been exposed to a gas from combustion sources, capable of serious acute poisoning at high concentrations."
20212,Silica,CERA_Ceramics Glass Prod,EST,high,"Your answers indicate: “Bricks” for “What types of ceramic or glass products are made where you work?”; and “Power tools” for “In the last working week, did you use hand or power tools for fettling?”; and “Don't know” for “In the last working week, what type of measures were used to reduce the amount of dust in your work area?”. You may have been exposed to crystalline silica dust from cutting, grinding or drilling into materials like concrete, classified as a known human carcinogen and cause of silicosis."
20214,Silica,CERA_Ceramics Glass Prod,EST,high,"Your answers indicate: “Tiles” for “What types of ceramic or glass products are made where you work?”; and “Power tools” for “In the last working week, did you use hand or power tools for fettling?”; and “Don't know” for “In the last working week, what type of measures were used to reduce the amount of dust in your work area?”. You may have been exposed to crystalline silica dust from cutting, grinding or drilling into materials like concrete, classified as a known human carcinogen and cause of silicosis."
20216,Silica,CERA_Ceramics Glass Prod,EST,high,"Your answers indicate: “Clay pipes” for “What types of ceramic or glass products are made where you work?”; and “Power tools” for “In the last working week, did you use hand or power tools for fettling?”; and “Don't know” for “In the last working week, what type of measures were used to reduce the amount of dust in your work area?”. You may have been exposed to crystalline silica dust from cutting, grinding or drilling into materials like concrete, classified as a known human carcinogen and cause of silicosis."
20219,Silica,CERA_Ceramics Glass Prod,EST,high,"Your answers indicate: “Sanitary ware” for “What types of ceramic or glass products are made where you work?”; and “Power tools” for “In the last working week, did you use hand or power tools for fettling?”; and “Don't know” for “In the last working week, what type of measures were used to reduce the amount of dust in your work area?”. You may have been exposed to crystalline silica dust from cutting, grinding or drilling into materials like concrete, classified as a known human carcinogen and cause of silicosis."
20221,Silica,CERA_Ceramics Glass Prod,EST,high,"Your answers indicate: “Pottery” for “What types of ceramic or glass products are made where you work?”; and “Power tools” for “In the last working week, did you use hand or power tools for fettling?”; and “Don't know” for “In the last working week, what type of measures were used to reduce the amount of dust in your work area?”. You may have been exposed to crystalline silica dust from cutting, grinding or drilling into materials like concrete, classified as a known human carcinogen and cause of silicosis."
20223,Benzene,aFTC Fuel tank cleaning,EST,high,"Your answers indicate: “Petrol” for “What type of fuel was in the fuel tank that you cleaned?”; and “Don't know” for “In the last working week, did you use an air-supplied respirator or SCBA (self-contained breathing apparatus) to enter the tank and clean it?”; and “No” for “In the last working week, was the tank ventilated before you entered to clean it?”. You may have been exposed to a solvent found in fuels and some industrial processes, classified as a known human carcinogen."
20224,Benzene,aFTC Fuel tank cleaning,EST,high,"Your answers indicate: “Petrol” for “What type of fuel was in the fuel tank that you cleaned?”; and “No” for “In the last working week, did you use an air-supplied respirator or SCBA (self-contained breathing apparatus) to enter the tank and clean it?”; and “Don't know” for “In the last working week, was the tank ventilated before you entered to clean it?”. You may have been exposed to a solvent found in fuels and some industrial processes, classified as a known human carcinogen."
20225,Benzene,aFTC Fuel tank cleaning,EST,high,"Your answers indicate: “Petrol” for “What type of fuel was in the fuel tank that you cleaned?”; and “Don't know” for “In the last working week, did you use an air-supplied respirator or SCBA (self-contained breathing apparatus) to enter the tank and clean it?”; and “Don't know” for “In the last working week, was the tank ventilated before you entered to clean it?”. You may have been exposed to a solvent found in fuels and some industrial processes, classified as a known human carcinogen."
20229,Benzene,aFTC Fuel tank cleaning,EST,high,"Your answers indicate: “Jet fuel” for “What type of fuel was in the fuel tank that you cleaned?”; and “Don't know” for “In the last working week, did you use an air-supplied respirator or SCBA (self-contained breathing apparatus) to enter the tank and clean it?”; and “No” for “In the last working week, was the tank ventilated before you entered to clean it?”. You may have been exposed to a solvent found in fuels and some industrial processes, classified as a known human carcinogen."
20232,Benzene,aFTC Fuel tank cleaning,EST,high,"Your answers indicate: “Jet fuel” for “What type of fuel was in the fuel tank that you cleaned?”; and “Don't know” for “In the last working week, did you use an air-supplied respirator or SCBA (self-contained breathing apparatus) to enter the tank and clean it?”; and “Don't know” for “In the last working week, was the tank ventilated before you entered to clean it?”. You may have been exposed to a solvent found in fuels and some industrial processes, classified as a known human carcinogen."
20233,Benzene,aFTC Fuel tank cleaning,EST,high,"Your answers indicate: “Jet fuel” for “What type of fuel was in the fuel tank that you cleaned?”; and “No” for “In the last working week, did you use an air-supplied respirator or SCBA (self-contained breathing apparatus) to enter the tank and clean it?”; and “Don't know” for “In the last working week, was the tank ventilated before you entered to clean it?”. You may have been exposed to a solvent found in fuels and some industrial processes, classified as a known human carcinogen."
20235,Benzene,aFTC Fuel tank cleaning,EST,high,"Your answers indicate: “Crude oil” for “What type of fuel was in the fuel tank that you cleaned?”; and “Don't know” for “In the last working week, did you use an air-supplied respirator or SCBA (self-contained breathing apparatus) to enter the tank and clean it?”; and “No” for “In the last working week, was the tank ventilated before you entered to clean it?”. You may have been exposed to a solvent found in fuels and some industrial processes, classified as a known human carcinogen."
20237,Benzene,aFTC Fuel tank cleaning,EST,high,"Your answers indicate: “Crude oil” for “What type of fuel was in the fuel tank that you cleaned?”; and “No” for “In the last working week, did you use an air-supplied respirator or SCBA (self-contained breathing apparatus) to enter the tank and clean it?”; and “Don't know” for “In the last working week, was the tank ventilated before you entered to clean it?”. You may have been exposed to a solvent found in fuels and some industrial processes, classified as a known human carcinogen."
20238,Benzene,aFTC Fuel tank cleaning,EST,high,"Your answers indicate: “Crude oil” for “What type of fuel was in the fuel tank that you cleaned?”; and “Don't know” for “In the last working week, did you use an air-supplied respirator or SCBA (self-contained breathing apparatus) to enter the tank and clean it?”; and “Don't know” for “In the last working week, was the tank ventilated before you entered to clean it?”. You may have been exposed to a solvent found in fuels and some industrial processes, classified as a known human carcinogen."
20243,Benzene,aFTC Fuel tank cleaning,EST,high,"Your answers indicate: “Crude oil” for “Did you use any of the following products to clean inside the fuel tanks?”; and “Don't know” for “In the last working week, did you use an air-supplied respirator or SCBA (self-contained breathing apparatus) to enter the tank and clean it?”; and “Don't know” for “In the last working week, was the tank ventilated before you entered to clean it?”. You may have been exposed to a solvent found in fuels and some industrial processes, classified as a known human carcinogen."
20244,Benzene,aFTC Fuel tank cleaning,EST,high,"Your answers indicate: “Crude oil” for “Did you use any of the following products to clean inside the fuel tanks?”; and “Don't know” for “In the last working week, did you use an air-supplied respirator or SCBA (self-contained breathing apparatus) to enter the tank and clean it?”; and “No” for “In the last working week, was the tank ventilated before you entered to clean it?”. You may have been exposed to a solvent found in fuels and some industrial processes, classified as a known human carcinogen."
20245,Benzene,aFTC Fuel tank cleaning,EST,high,"Your answers indicate: “Crude oil” for “Did you use any of the following products to clean inside the fuel tanks?”; and “No” for “In the last working week, did you use an air-supplied respirator or SCBA (self-contained breathing apparatus) to enter the tank and clean it?”; and “Don't know” for “In the last working week, was the tank ventilated before you entered to clean it?”. You may have been exposed to a solvent found in fuels and some industrial processes, classified as a known human carcinogen."
20249,Benzene,aFTC Fuel tank cleaning,EST,high,"Your answers indicate: “Solvent-based cleaners (e.g Petroleum distillates/ hydrocarbon cleaners)” for “Did you use any of the following products to clean inside the fuel tanks?”; and “Don't know” for “In the last working week, did you use an air-supplied respirator or SCBA (self-contained breathing apparatus) to enter the tank and clean it?”; and “Don't know” for “In the last working week, was the tank ventilated before you entered to clean it?”. You may have been exposed to a solvent found in fuels and some industrial processes, classified as a known human carcinogen."
20250,Benzene,aFTC Fuel tank cleaning,EST,high,"Your answers indicate: “Solvent-based cleaners (e.g Petroleum distillates/ hydrocarbon cleaners)” for “Did you use any of the following products to clean inside the fuel tanks?”; and “Don't know” for “In the last working week, did you use an air-supplied respirator or SCBA (self-contained breathing apparatus) to enter the tank and clean it?”; and “No” for “In the last working week, was the tank ventilated before you entered to clean it?”. You may have been exposed to a solvent found in fuels and some industrial processes, classified as a known human carcinogen."
20251,Benzene,aFTC Fuel tank cleaning,EST,high,"Your answers indicate: “Solvent-based cleaners (e.g Petroleum distillates/ hydrocarbon cleaners)” for “Did you use any of the following products to clean inside the fuel tanks?”; and “No” for “In the last working week, did you use an air-supplied respirator or SCBA (self-contained breathing apparatus) to enter the tank and clean it?”; and “Don't know” for “In the last working week, was the tank ventilated before you entered to clean it?”. You may have been exposed to a solvent found in fuels and some industrial processes, classified as a known human carcinogen."
20253,Formaldehyde,aCTW Cutting Wood aJSM,EST,high,"Your answers indicate: “Yes” for “In the last working week, did you work with plywood, particle board, marine ply or MDF board?”; and “Don't know” for “In the last working week, did you use respiratory protection when working with wood?”. You may have been exposed to a chemical used in some manufacturing and building materials, classified as a known human carcinogen."
20254,Formaldehyde,aCTW Cutting Wood aJSM,EST,high,"Your answers indicate: “Yes” for “In the last working week, did you work with plywood, particle board, marine ply or MDF board?”; and “No” for “In the last working week, did you use respiratory protection when working with wood?”. You may have been exposed to a chemical used in some manufacturing and building materials, classified as a known human carcinogen."
20255,Formaldehyde,aCTW Cutting Wood aJSM,EST,high,"Your answers indicate: “Yes” for “In the last working week, did you work with plywood, particle board, marine ply or MDF board?”; and “Don't know” for “Was there a ventilation system that removed dust or fume from where you worked in the last working week (local exhaust ventilation or on-tool extraction)?”. You may have been exposed to a chemical used in some manufacturing and building materials, classified as a known human carcinogen."
20256,Formaldehyde,aCTW Cutting Wood aJSM,EST,high,"Your answers indicate: “Yes” for “In the last working week, did you work with plywood, particle board, marine ply or MDF board?”; and “No” for “Was there a ventilation system that removed dust or fume from where you worked in the last working week (local exhaust ventilation or on-tool extraction)?”. You may have been exposed to a chemical used in some manufacturing and building materials, classified as a known human carcinogen."
20290,Lead,aSLD Soldering aJSM,EST,high,"Your answers indicate: “Lead-containing solder” for “In the last working week, did you handle or come in contact with any of the following types of solder?”; and “No ventilation was applied to the area” for “How was the area where you soldered ventilated?”; and “No” for “In the last working week, did you use respiratory protection when soldering?”. You may have been exposed to a metal used in some manufacturing, a recognised cause of serious effects on the nervous system, kidneys and reproductive health."
20291,Lead,aSLD Soldering aJSM,EST,high,"Your answers indicate: “Lead-containing solder” for “In the last working week, did you handle or come in contact with any of the following types of solder?”; and “No ventilation was applied to the area” for “How was the area where you soldered ventilated?”; and “Don't know” for “In the last working week, did you use respiratory protection when soldering?”. You may have been exposed to a metal used in some manufacturing, a recognised cause of serious effects on the nervous system, kidneys and reproductive health."
20294,Cadmium,aSLD Soldering aJSM,EST,high,"Your answers indicate: “Yes” for “Did the silver solder contain cadmium?”; and “No ventilation was applied to the area” for “How was the area where you soldered ventilated?”; and “Don't know” for “In the last working week, did you use respiratory protection when soldering?”. You may have been exposed to a metal used in some manufacturing such as batteries or coatings, classified as a known human carcinogen."
20295,Cadmium,aSLD Soldering aJSM,EST,high,"Your answers indicate: “Yes” for “Did the silver solder contain cadmium?”; and “No ventilation was applied to the area” for “How was the area where you soldered ventilated?”; and “No” for “In the last working week, did you use respiratory protection when soldering?”. You may have been exposed to a metal used in some manufacturing such as batteries or coatings, classified as a known human carcinogen."
20317,Acrylamide,CHEM_Chemical Pharmaceutical Manufacturing,EST,high,"Your answers indicate: “Loading or unloading substances into/from the process or for storage” for “In the last working week, did your work involve the following?”; and “Acrylamide” for “In the last working week, did you work with any of the following industrial chemicals?”; and “Don't know” for “In the last working week, did you use respiratory protection while making, formulating or processing chemicals or pharmaceuticals?”. You may have been exposed to a chemical used in some manufacturing, classified as a probable human carcinogen and nerve toxin."
20318,Acrylamide,CHEM_Chemical Pharmaceutical Manufacturing,EST,high,"Your answers indicate: “Loading or unloading substances into/from the process or for storage” for “In the last working week, did your work involve the following?”; and “Acrylamide” for “In the last working week, did you work with any of the following industrial chemicals?”; and “No” for “In the last working week, did you use respiratory protection while making, formulating or processing chemicals or pharmaceuticals?”. You may have been exposed to a chemical used in some manufacturing, classified as a probable human carcinogen and nerve toxin."
20319,Acrylamide,CHEM_Chemical Pharmaceutical Manufacturing,EST,high,"Your answers indicate: “Loading or unloading substances into/from the process or for storage” for “In the last working week, did your work involve the following?”; and “Acrylamide” for “In the last working week, did you work with any of the following industrial chemicals?”; and “Don't know” for “What types of respiratory protective equipment (RPE) did you use?”. You may have been exposed to a chemical used in some manufacturing, classified as a probable human carcinogen and nerve toxin."
20320,Acrylamide,CHEM_Chemical Pharmaceutical Manufacturing,EST,high,"Your answers indicate: “Loading or unloading substances into/from the process or for storage” for “In the last working week, did your work involve the following?”; and “Acrylamide” for “In the last working week, did you work with any of the following industrial chemicals?”; and “A filtering face piece mask or dust mask (called an FFP)” for “What types of respiratory protective equipment (RPE) did you use?”. You may have been exposed to a chemical used in some manufacturing, classified as a probable human carcinogen and nerve toxin."
20321,Acrylamide,CHEM_Chemical Pharmaceutical Manufacturing,EST,high,"Your answers indicate: “Taking samples from the process or from delivery” for “In the last working week, did your work involve the following?”; and “Acrylamide” for “In the last working week, did you work with any of the following industrial chemicals?”; and “Don't know” for “What types of respiratory protective equipment (RPE) did you use?”. You may have been exposed to a chemical used in some manufacturing, classified as a probable human carcinogen and nerve toxin."
20322,Acrylamide,CHEM_Chemical Pharmaceutical Manufacturing,EST,high,"Your answers indicate: “Taking samples from the process or from delivery” for “In the last working week, did your work involve the following?”; and “Acrylamide” for “In the last working week, did you work with any of the following industrial chemicals?”; and “A filtering face piece mask or dust mask (called an FFP)” for “What types of respiratory protective equipment (RPE) did you use?”. You may have been exposed to a chemical used in some manufacturing, classified as a probable human carcinogen and nerve toxin."
20323,Acrylamide,CHEM_Chemical Pharmaceutical Manufacturing,EST,high,"Your answers indicate: “Taking samples from the process or from delivery” for “In the last working week, did your work involve the following?”; and “Acrylamide” for “In the last working week, did you work with any of the following industrial chemicals?”; and “Don't know” for “In the last working week, did you use respiratory protection while making, formulating or processing chemicals or pharmaceuticals?”. You may have been exposed to a chemical used in some manufacturing, classified as a probable human carcinogen and nerve toxin."
20324,Acrylamide,CHEM_Chemical Pharmaceutical Manufacturing,EST,high,"Your answers indicate: “Taking samples from the process or from delivery” for “In the last working week, did your work involve the following?”; and “Acrylamide” for “In the last working week, did you work with any of the following industrial chemicals?”; and “No” for “In the last working week, did you use respiratory protection while making, formulating or processing chemicals or pharmaceuticals?”. You may have been exposed to a chemical used in some manufacturing, classified as a probable human carcinogen and nerve toxin."
20325,Acrylamide,CHEM_Chemical Pharmaceutical Manufacturing,EST,high,"Your answers indicate: “Process cleaning and routine maintenance tasks (e.g. substitution/ cleaning of filters)” for “In the last working week, did your work involve the following?”; and “Acrylamide” for “In the last working week, did you work with any of the following industrial chemicals?”; and “Don't know” for “In the last working week, did you use respiratory protection while making, formulating or processing chemicals or pharmaceuticals?”. You may have been exposed to a chemical used in some manufacturing, classified as a probable human carcinogen and nerve toxin."
20326,Acrylamide,CHEM_Chemical Pharmaceutical Manufacturing,EST,high,"Your answers indicate: “Process cleaning and routine maintenance tasks (e.g. substitution/ cleaning of filters)” for “In the last working week, did your work involve the following?”; and “Acrylamide” for “In the last working week, did you work with any of the following industrial chemicals?”; and “No” for “In the last working week, did you use respiratory protection while making, formulating or processing chemicals or pharmaceuticals?”. You may have been exposed to a chemical used in some manufacturing, classified as a probable human carcinogen and nerve toxin."
20327,Acrylamide,CHEM_Chemical Pharmaceutical Manufacturing,EST,high,"Your answers indicate: “Process cleaning and routine maintenance tasks (e.g. substitution/ cleaning of filters)” for “In the last working week, did your work involve the following?”; and “Acrylamide” for “In the last working week, did you work with any of the following industrial chemicals?”; and “Don't know” for “What types of respiratory protective equipment (RPE) did you use?”. You may have been exposed to a chemical used in some manufacturing, classified as a probable human carcinogen and nerve toxin."
20328,Acrylamide,CHEM_Chemical Pharmaceutical Manufacturing,EST,high,"Your answers indicate: “Process cleaning and routine maintenance tasks (e.g. substitution/ cleaning of filters)” for “In the last working week, did your work involve the following?”; and “Acrylamide” for “In the last working week, did you work with any of the following industrial chemicals?”; and “A filtering face piece mask or dust mask (called an FFP)” for “What types of respiratory protective equipment (RPE) did you use?”. You may have been exposed to a chemical used in some manufacturing, classified as a probable human carcinogen and nerve toxin."
20329,Acrylamide,CHEM_Chemical Pharmaceutical Manufacturing,EST,high,"Your answers indicate: “None of these” for “In the last working week, how did you work with acrylamide?”; and “Process cleaning and routine maintenance tasks (e.g. substitution/ cleaning of filters)” for “In the last working week, did your work involve the following?”. You may have been exposed to a chemical used in some manufacturing, classified as a probable human carcinogen and nerve toxin."
20330,Acrylamide,CHEM_Chemical Pharmaceutical Manufacturing,EST,high,"Your answers indicate: “None of these” for “In the last working week, how did you work with acrylamide?”; and “A filtering face piece mask or dust mask (called an FFP)” for “What types of respiratory protective equipment (RPE) did you use?”. You may have been exposed to a chemical used in some manufacturing, classified as a probable human carcinogen and nerve toxin."
20331,Acrylamide,CHEM_Chemical Pharmaceutical Manufacturing,EST,high,"Your answers indicate: “None of these” for “In the last working week, how did you work with acrylamide?”; and “Don't know” for “What types of respiratory protective equipment (RPE) did you use?”. You may have been exposed to a chemical used in some manufacturing, classified as a probable human carcinogen and nerve toxin."
20332,Acrylamide,CHEM_Chemical Pharmaceutical Manufacturing,EST,high,"Your answers indicate: “None of these” for “In the last working week, how did you work with acrylamide?”; and “Loading or unloading substances into/from the process or for storage” for “In the last working week, did your work involve the following?”. You may have been exposed to a chemical used in some manufacturing, classified as a probable human carcinogen and nerve toxin."
20333,Acrylamide,CHEM_Chemical Pharmaceutical Manufacturing,EST,high,"Your answers indicate: “None of these” for “In the last working week, how did you work with acrylamide?”; and “Taking samples from the process or from delivery” for “In the last working week, did your work involve the following?”. You may have been exposed to a chemical used in some manufacturing, classified as a probable human carcinogen and nerve toxin."
20334,Acrylamide,CHEM_Chemical Pharmaceutical Manufacturing,EST,high,"Your answers indicate: “None of these” for “In the last working week, how did you work with acrylamide?”; and “No” for “In the last working week, did you use respiratory protection while making, formulating or processing chemicals or pharmaceuticals?”. You may have been exposed to a chemical used in some manufacturing, classified as a probable human carcinogen and nerve toxin."
20335,Acrylamide,CHEM_Chemical Pharmaceutical Manufacturing,EST,high,"Your answers indicate: “None of these” for “In the last working week, how did you work with acrylamide?”; and “Don't know” for “In the last working week, did you use respiratory protection while making, formulating or processing chemicals or pharmaceuticals?”. You may have been exposed to a chemical used in some manufacturing, classified as a probable human carcinogen and nerve toxin."
20336,Acrylamide,CHEM_Chemical Pharmaceutical Manufacturing,EST,high,"Your answers indicate: “Don't know” for “In the last working week, how did you work with acrylamide?”; and “Loading or unloading substances into/from the process or for storage” for “In the last working week, did your work involve the following?”. You may have been exposed to a chemical used in some manufacturing, classified as a probable human carcinogen and nerve toxin."
20337,Acrylamide,CHEM_Chemical Pharmaceutical Manufacturing,EST,high,"Your answers indicate: “Don't know” for “In the last working week, how did you work with acrylamide?”; and “Taking samples from the process or from delivery” for “In the last working week, did your work involve the following?”. You may have been exposed to a chemical used in some manufacturing, classified as a probable human carcinogen and nerve toxin."
20338,Acrylamide,CHEM_Chemical Pharmaceutical Manufacturing,EST,high,"Your answers indicate: “Don't know” for “In the last working week, how did you work with acrylamide?”; and “Process cleaning and routine maintenance tasks (e.g. substitution/ cleaning of filters)” for “In the last working week, did your work involve the following?”. You may have been exposed to a chemical used in some manufacturing, classified as a probable human carcinogen and nerve toxin."
20339,Acrylamide,CHEM_Chemical Pharmaceutical Manufacturing,EST,high,"Your answers indicate: “Don't know” for “In the last working week, how did you work with acrylamide?”; and “Don't know” for “In the last working week, did you use respiratory protection while making, formulating or processing chemicals or pharmaceuticals?”. You may have been exposed to a chemical used in some manufacturing, classified as a probable human carcinogen and nerve toxin."
20340,Acrylamide,CHEM_Chemical Pharmaceutical Manufacturing,EST,high,"Your answers indicate: “Don't know” for “In the last working week, how did you work with acrylamide?”; and “Don't know” for “What types of respiratory protective equipment (RPE) did you use?”. You may have been exposed to a chemical used in some manufacturing, classified as a probable human carcinogen and nerve toxin."
20341,Acrylamide,CHEM_Chemical Pharmaceutical Manufacturing,EST,high,"Your answers indicate: “Don't know” for “In the last working week, how did you work with acrylamide?”; and “No” for “In the last working week, did you use respiratory protection while making, formulating or processing chemicals or pharmaceuticals?”. You may have been exposed to a chemical used in some manufacturing, classified as a probable human carcinogen and nerve toxin."
20342,Acrylamide,CHEM_Chemical Pharmaceutical Manufacturing,EST,high,"Your answers indicate: “Don't know” for “In the last working week, how did you work with acrylamide?”; and “A filtering face piece mask or dust mask (called an FFP)” for “What types of respiratory protective equipment (RPE) did you use?”. You may have been exposed to a chemical used in some manufacturing, classified as a probable human carcinogen and nerve toxin."
20352,Chromium VI,CHEM_Chemical Pharmaceutical Manufacturing,EST,high,"Your answers indicate: “Chromium (VI) compounds, such as chromic acid, potassium dichromate, chromium trioxide, ammonium dichromate, potassium chromate” for “In the last working week, did you work with any of the following metals?”; and “Process cleaning and routine maintenance tasks (e.g. substitution/ cleaning of filters)” for “In the last working week, did your work involve the following?”; and “Don't know” for “In the last working week, did you use respiratory protection while making, formulating or processing chemicals or pharmaceuticals?”. You may have been exposed to a form of chromium used in some manufacturing such as plating or welding, classified as a known human carcinogen."
20353,Chromium VI,CHEM_Chemical Pharmaceutical Manufacturing,EST,high,"Your answers indicate: “Chromium (VI) compounds, such as chromic acid, potassium dichromate, chromium trioxide, ammonium dichromate, potassium chromate” for “In the last working week, did you work with any of the following metals?”; and “Process cleaning and routine maintenance tasks (e.g. substitution/ cleaning of filters)” for “In the last working week, did your work involve the following?”; and “Don't know” for “What types of respiratory protective equipment (RPE) did you use?”. You may have been exposed to a form of chromium used in some manufacturing such as plating or welding, classified as a known human carcinogen."
20354,Chromium VI,CHEM_Chemical Pharmaceutical Manufacturing,EST,high,"Your answers indicate: “Chromium (VI) compounds, such as chromic acid, potassium dichromate, chromium trioxide, ammonium dichromate, potassium chromate” for “In the last working week, did you work with any of the following metals?”; and “Taking samples from the process or from delivery” for “In the last working week, did your work involve the following?”; and “Don't know” for “What types of respiratory protective equipment (RPE) did you use?”. You may have been exposed to a form of chromium used in some manufacturing such as plating or welding, classified as a known human carcinogen."
20355,Chromium VI,CHEM_Chemical Pharmaceutical Manufacturing,EST,high,"Your answers indicate: “Chromium (VI) compounds, such as chromic acid, potassium dichromate, chromium trioxide, ammonium dichromate, potassium chromate” for “In the last working week, did you work with any of the following metals?”; and “Loading or unloading substances into/from the process or for storage” for “In the last working week, did your work involve the following?”; and “Don't know” for “What types of respiratory protective equipment (RPE) did you use?”. You may have been exposed to a form of chromium used in some manufacturing such as plating or welding, classified as a known human carcinogen."
20356,Chromium VI,CHEM_Chemical Pharmaceutical Manufacturing,EST,high,"Your answers indicate: “Chromium (VI) compounds, such as chromic acid, potassium dichromate, chromium trioxide, ammonium dichromate, potassium chromate” for “In the last working week, did you work with any of the following metals?”; and “Taking samples from the process or from delivery” for “In the last working week, did your work involve the following?”; and “No” for “In the last working week, did you use respiratory protection while making, formulating or processing chemicals or pharmaceuticals?”. You may have been exposed to a form of chromium used in some manufacturing such as plating or welding, classified as a known human carcinogen."
20357,Chromium VI,CHEM_Chemical Pharmaceutical Manufacturing,EST,high,"Your answers indicate: “Chromium (VI) compounds, such as chromic acid, potassium dichromate, chromium trioxide, ammonium dichromate, potassium chromate” for “In the last working week, did you work with any of the following metals?”; and “Loading or unloading substances into/from the process or for storage” for “In the last working week, did your work involve the following?”; and “No” for “In the last working week, did you use respiratory protection while making, formulating or processing chemicals or pharmaceuticals?”. You may have been exposed to a form of chromium used in some manufacturing such as plating or welding, classified as a known human carcinogen."
20358,Chromium VI,CHEM_Chemical Pharmaceutical Manufacturing,EST,high,"Your answers indicate: “Chromium (VI) compounds, such as chromic acid, potassium dichromate, chromium trioxide, ammonium dichromate, potassium chromate” for “In the last working week, did you work with any of the following metals?”; and “Taking samples from the process or from delivery” for “In the last working week, did your work involve the following?”; and “Don't know” for “In the last working week, did you use respiratory protection while making, formulating or processing chemicals or pharmaceuticals?”. You may have been exposed to a form of chromium used in some manufacturing such as plating or welding, classified as a known human carcinogen."
20359,Chromium VI,CHEM_Chemical Pharmaceutical Manufacturing,EST,high,"Your answers indicate: “Chromium (VI) compounds, such as chromic acid, potassium dichromate, chromium trioxide, ammonium dichromate, potassium chromate” for “In the last working week, did you work with any of the following metals?”; and “Process cleaning and routine maintenance tasks (e.g. substitution/ cleaning of filters)” for “In the last working week, did your work involve the following?”; and “No” for “In the last working week, did you use respiratory protection while making, formulating or processing chemicals or pharmaceuticals?”. You may have been exposed to a form of chromium used in some manufacturing such as plating or welding, classified as a known human carcinogen."
20360,Chromium VI,CHEM_Chemical Pharmaceutical Manufacturing,EST,high,"Your answers indicate: “Chromium (VI) compounds, such as chromic acid, potassium dichromate, chromium trioxide, ammonium dichromate, potassium chromate” for “In the last working week, did you work with any of the following metals?”; and “A filtering face piece mask or dust mask (called an FFP)” for “What types of respiratory protective equipment (RPE) did you use?”; and “Loading or unloading substances into/from the process or for storage” for “In the last working week, did your work involve the following?”. You may have been exposed to a form of chromium used in some manufacturing such as plating or welding, classified as a known human carcinogen."
20361,Chromium VI,CHEM_Chemical Pharmaceutical Manufacturing,EST,high,"Your answers indicate: “Chromium (VI) compounds, such as chromic acid, potassium dichromate, chromium trioxide, ammonium dichromate, potassium chromate” for “In the last working week, did you work with any of the following metals?”; and “A filtering face piece mask or dust mask (called an FFP)” for “What types of respiratory protective equipment (RPE) did you use?”; and “Taking samples from the process or from delivery” for “In the last working week, did your work involve the following?”. You may have been exposed to a form of chromium used in some manufacturing such as plating or welding, classified as a known human carcinogen."
20362,Chromium VI,CHEM_Chemical Pharmaceutical Manufacturing,EST,high,"Your answers indicate: “Chromium (VI) compounds, such as chromic acid, potassium dichromate, chromium trioxide, ammonium dichromate, potassium chromate” for “In the last working week, did you work with any of the following metals?”; and “Loading or unloading substances into/from the process or for storage” for “In the last working week, did your work involve the following?”; and “Don't know” for “In the last working week, did you use respiratory protection while making, formulating or processing chemicals or pharmaceuticals?”. You may have been exposed to a form of chromium used in some manufacturing such as plating or welding, classified as a known human carcinogen."
20363,Chromium VI,CHEM_Chemical Pharmaceutical Manufacturing,EST,high,"Your answers indicate: “Chromium (VI) compounds, such as chromic acid, potassium dichromate, chromium trioxide, ammonium dichromate, potassium chromate” for “In the last working week, did you work with any of the following metals?”; and “A filtering face piece mask or dust mask (called an FFP)” for “What types of respiratory protective equipment (RPE) did you use?”; and “Process cleaning and routine maintenance tasks (e.g. substitution/ cleaning of filters)” for “In the last working week, did your work involve the following?”. You may have been exposed to a form of chromium used in some manufacturing such as plating or welding, classified as a known human carcinogen."
20372,Chromium VI,CHEM_Chemical Pharmaceutical Manufacturing,EST,high,"Your answers indicate: “None of these” for “In the last working week, how did you work with chromium compounds?”; and “Don't know” for “What types of respiratory protective equipment (RPE) did you use?”. You may have been exposed to a form of chromium used in some manufacturing such as plating or welding, classified as a known human carcinogen."
20373,Chromium VI,CHEM_Chemical Pharmaceutical Manufacturing,EST,high,"Your answers indicate: “None of these” for “In the last working week, how did you work with chromium compounds?”; and “A filtering face piece mask or dust mask (called an FFP)” for “What types of respiratory protective equipment (RPE) did you use?”. You may have been exposed to a form of chromium used in some manufacturing such as plating or welding, classified as a known human carcinogen."
20374,Chromium VI,CHEM_Chemical Pharmaceutical Manufacturing,EST,high,"Your answers indicate: “None of these” for “In the last working week, how did you work with chromium compounds?”; and “Don't know” for “In the last working week, did you use respiratory protection while making, formulating or processing chemicals or pharmaceuticals?”. You may have been exposed to a form of chromium used in some manufacturing such as plating or welding, classified as a known human carcinogen."
20375,Chromium VI,CHEM_Chemical Pharmaceutical Manufacturing,EST,high,"Your answers indicate: “None of these” for “In the last working week, how did you work with chromium compounds?”; and “No” for “In the last working week, did you use respiratory protection while making, formulating or processing chemicals or pharmaceuticals?”. You may have been exposed to a form of chromium used in some manufacturing such as plating or welding, classified as a known human carcinogen."
20376,Chromium VI,CHEM_Chemical Pharmaceutical Manufacturing,EST,high,"Your answers indicate: “None of these” for “In the last working week, how did you work with chromium compounds?”; and “Process cleaning and routine maintenance tasks (e.g. substitution/ cleaning of filters)” for “In the last working week, did your work involve the following?”. You may have been exposed to a form of chromium used in some manufacturing such as plating or welding, classified as a known human carcinogen."
20377,Chromium VI,CHEM_Chemical Pharmaceutical Manufacturing,EST,high,"Your answers indicate: “None of these” for “In the last working week, how did you work with chromium compounds?”; and “Taking samples from the process or from delivery” for “In the last working week, did your work involve the following?”. You may have been exposed to a form of chromium used in some manufacturing such as plating or welding, classified as a known human carcinogen."
20378,Chromium VI,CHEM_Chemical Pharmaceutical Manufacturing,EST,high,"Your answers indicate: “None of these” for “In the last working week, how did you work with chromium compounds?”; and “Loading or unloading substances into/from the process or for storage” for “In the last working week, did your work involve the following?”. You may have been exposed to a form of chromium used in some manufacturing such as plating or welding, classified as a known human carcinogen."
20379,Chromium VI,CHEM_Chemical Pharmaceutical Manufacturing,EST,high,"Your answers indicate: “Don’t know” for “In the last working week, how did you work with chromium compounds?”; and “Don't know” for “What types of respiratory protective equipment (RPE) did you use?”. You may have been exposed to a form of chromium used in some manufacturing such as plating or welding, classified as a known human carcinogen."
20380,Chromium VI,CHEM_Chemical Pharmaceutical Manufacturing,EST,high,"Your answers indicate: “Don’t know” for “In the last working week, how did you work with chromium compounds?”; and “A filtering face piece mask or dust mask (called an FFP)” for “What types of respiratory protective equipment (RPE) did you use?”. You may have been exposed to a form of chromium used in some manufacturing such as plating or welding, classified as a known human carcinogen."
20381,Chromium VI,CHEM_Chemical Pharmaceutical Manufacturing,EST,high,"Your answers indicate: “Don’t know” for “In the last working week, how did you work with chromium compounds?”; and “No” for “In the last working week, did you use respiratory protection while making, formulating or processing chemicals or pharmaceuticals?”. You may have been exposed to a form of chromium used in some manufacturing such as plating or welding, classified as a known human carcinogen."
20382,Chromium VI,CHEM_Chemical Pharmaceutical Manufacturing,EST,high,"Your answers indicate: “Don’t know” for “In the last working week, how did you work with chromium compounds?”; and “Don't know” for “In the last working week, did you use respiratory protection while making, formulating or processing chemicals or pharmaceuticals?”. You may have been exposed to a form of chromium used in some manufacturing such as plating or welding, classified as a known human carcinogen."
20383,Chromium VI,CHEM_Chemical Pharmaceutical Manufacturing,EST,high,"Your answers indicate: “Don’t know” for “In the last working week, how did you work with chromium compounds?”; and “Loading or unloading substances into/from the process or for storage” for “In the last working week, did your work involve the following?”. You may have been exposed to a form of chromium used in some manufacturing such as plating or welding, classified as a known human carcinogen."
20384,Chromium VI,CHEM_Chemical Pharmaceutical Manufacturing,EST,high,"Your answers indicate: “Don’t know” for “In the last working week, how did you work with chromium compounds?”; and “Taking samples from the process or from delivery” for “In the last working week, did your work involve the following?”. You may have been exposed to a form of chromium used in some manufacturing such as plating or welding, classified as a known human carcinogen."
20385,Chromium VI,CHEM_Chemical Pharmaceutical Manufacturing,EST,high,"Your answers indicate: “Don’t know” for “In the last working week, how did you work with chromium compounds?”; and “Process cleaning and routine maintenance tasks (e.g. substitution/ cleaning of filters)” for “In the last working week, did your work involve the following?”. You may have been exposed to a form of chromium used in some manufacturing such as plating or welding, classified as a known human carcinogen."
20388,Wood Dust,aCTW Cutting Wood aJSM,EST,high,"Your answers indicate: “Yes” for “In the last working week, did you use power tools to work with wood?”; and “Outdoors” for “In the last working week, did you work indoors or outdoors?”; and “No” for “In the last working week, did you use respiratory protection when working with wood?”. You may have been exposed to dust from wood processing, classified as a known human carcinogen, particularly from hardwoods."
20389,Wood Dust,aCTW Cutting Wood aJSM,EST,high,"Your answers indicate: “Yes” for “In the last working week, did you use power tools to work with wood?”; and “Outdoors” for “In the last working week, did you work indoors or outdoors?”; and “Don't know” for “In the last working week, did you use respiratory protection when working with wood?”. You may have been exposed to dust from wood processing, classified as a known human carcinogen, particularly from hardwoods."
20390,Wood Dust,aCTW Cutting Wood aJSM,EST,high,"Your answers indicate: “Yes” for “In the last working week, did you use power tools to work with wood?”; and “Outdoors” for “In the last working week, did you work indoors or outdoors?”; and “A filtering face piece mask or dust mask (called an FFP)” for “What types of respiratory protective equipment (RPE) did you use?”. You may have been exposed to dust from wood processing, classified as a known human carcinogen, particularly from hardwoods."
20393,Wood Dust,aCTW Cutting Wood aJSM,EST,high,"Your answers indicate: “Using compressed air” for “How was the working area cleaned of dust?”. You may have been exposed to dust from wood processing, classified as a known human carcinogen, particularly from hardwoods."
20394,Wood Dust,aCTW Cutting Wood aJSM,EST,high,"Your answers indicate: “Using a brush or sweeping the area with a broom” for “How was the working area cleaned of dust?”. You may have been exposed to dust from wood processing, classified as a known human carcinogen, particularly from hardwoods."
20401,Wood Dust,aCTW Cutting Wood aJSM,EST,high,"Your answers indicate: “No” for “In the last working week, was water spray or water suppression used to reduce the amount of dust in your work area?”; and “None of these” for “How was the working area cleaned of dust?”. You may have been exposed to dust from wood processing, classified as a known human carcinogen, particularly from hardwoods."
20402,Wood Dust,aCTW Cutting Wood aJSM,EST,high,"Your answers indicate: “No” for “In the last working week, was water spray or water suppression used to reduce the amount of dust in your work area?”; and “The working area was not cleaned of dust” for “How was the working area cleaned of dust?”. You may have been exposed to dust from wood processing, classified as a known human carcinogen, particularly from hardwoods."
20403,Wood Dust,aCTW Cutting Wood aJSM,EST,high,"Your answers indicate: “No” for “In the last working week, was water spray or water suppression used to reduce the amount of dust in your work area?”; and “Don't know” for “How was the working area cleaned of dust?”. You may have been exposed to dust from wood processing, classified as a known human carcinogen, particularly from hardwoods."
20404,Wood Dust,aCTW Cutting Wood aJSM,EST,high,"Your answers indicate: “Don't know” for “In the last working week, was water spray or water suppression used to reduce the amount of dust in your work area?”; and “None of these” for “How was the working area cleaned of dust?”. You may have been exposed to dust from wood processing, classified as a known human carcinogen, particularly from hardwoods."
20405,Wood Dust,aCTW Cutting Wood aJSM,EST,high,"Your answers indicate: “Don't know” for “In the last working week, was water spray or water suppression used to reduce the amount of dust in your work area?”; and “The working area was not cleaned of dust” for “How was the working area cleaned of dust?”. You may have been exposed to dust from wood processing, classified as a known human carcinogen, particularly from hardwoods."
20406,Wood Dust,aCTW Cutting Wood aJSM,EST,high,"Your answers indicate: “Don't know” for “In the last working week, was water spray or water suppression used to reduce the amount of dust in your work area?”; and “Don't know” for “How was the working area cleaned of dust?”. You may have been exposed to dust from wood processing, classified as a known human carcinogen, particularly from hardwoods."
20407,Wood Dust,aCTW Cutting Wood aJSM,EST,high,"Your answers indicate: “Yes” for “In the last working week, did you use power tools to work with wood?”; and “Don't know” for “Was there a ventilation system that removed dust or fume from where you worked in the last working week (local exhaust ventilation or on-tool extraction)?”; and “No” for “In the last working week, did you use respiratory protection when working with wood?”. You may have been exposed to dust from wood processing, classified as a known human carcinogen, particularly from hardwoods."
20408,Wood Dust,aCTW Cutting Wood aJSM,EST,high,"Your answers indicate: “Yes” for “In the last working week, did you use power tools to work with wood?”; and “Don't know” for “Was there a ventilation system that removed dust or fume from where you worked in the last working week (local exhaust ventilation or on-tool extraction)?”; and “Don't know” for “In the last working week, did you use respiratory protection when working with wood?”. You may have been exposed to dust from wood processing, classified as a known human carcinogen, particularly from hardwoods."
20409,Wood Dust,aCTW Cutting Wood aJSM,EST,high,"Your answers indicate: “Yes” for “In the last working week, did you use power tools to work with wood?”; and “Don't know” for “Was there a ventilation system that removed dust or fume from where you worked in the last working week (local exhaust ventilation or on-tool extraction)?”; and “A filtering face piece mask or dust mask (called an FFP)” for “What types of respiratory protective equipment (RPE) did you use?”. You may have been exposed to dust from wood processing, classified as a known human carcinogen, particularly from hardwoods."
20412,Wood Dust,aCTW Cutting Wood aJSM,EST,high,"Your answers indicate: “Yes” for “In the last working week, did you use power tools to work with wood?”; and “No” for “Was there a ventilation system that removed dust or fume from where you worked in the last working week (local exhaust ventilation or on-tool extraction)?”; and “No” for “In the last working week, did you use respiratory protection when working with wood?”. You may have been exposed to dust from wood processing, classified as a known human carcinogen, particularly from hardwoods."
20413,Wood Dust,aCTW Cutting Wood aJSM,EST,high,"Your answers indicate: “Yes” for “In the last working week, did you use power tools to work with wood?”; and “No” for “Was there a ventilation system that removed dust or fume from where you worked in the last working week (local exhaust ventilation or on-tool extraction)?”; and “Don't know” for “In the last working week, did you use respiratory protection when working with wood?”. You may have been exposed to dust from wood processing, classified as a known human carcinogen, particularly from hardwoods."
20414,Wood Dust,aCTW Cutting Wood aJSM,EST,high,"Your answers indicate: “Yes” for “In the last working week, did you use power tools to work with wood?”; and “No” for “Was there a ventilation system that removed dust or fume from where you worked in the last working week (local exhaust ventilation or on-tool extraction)?”; and “A filtering face piece mask or dust mask (called an FFP)” for “What types of respiratory protective equipment (RPE) did you use?”. You may have been exposed to dust from wood processing, classified as a known human carcinogen, particularly from hardwoods."
20427,Wood Dust,aCTW Cutting Wood aJSM,EST,high,"Your answers indicate: “Don't know” for “In the last working week, did you work indoors or outdoors?”; and “No” for “In the last working week, did you use respiratory protection when working with wood?”; and “Yes” for “In the last working week, did you use power tools to work with wood?”. You may have been exposed to dust from wood processing, classified as a known human carcinogen, particularly from hardwoods."
20428,Wood Dust,aCTW Cutting Wood aJSM,EST,high,"Your answers indicate: “Don't know” for “In the last working week, did you work indoors or outdoors?”; and “Don't know” for “In the last working week, did you use respiratory protection when working with wood?”; and “Yes” for “In the last working week, did you use power tools to work with wood?”. You may have been exposed to dust from wood processing, classified as a known human carcinogen, particularly from hardwoods."
20429,Wood Dust,aCTW Cutting Wood aJSM,EST,high,"Your answers indicate: “Don't know” for “In the last working week, did you work indoors or outdoors?”; and “A filtering face piece mask or dust mask (called an FFP)” for “What types of respiratory protective equipment (RPE) did you use?”; and “Yes” for “In the last working week, did you use power tools to work with wood?”. You may have been exposed to dust from wood processing, classified as a known human carcinogen, particularly from hardwoods."
20463,Silica,CERA_Ceramics Glass Prod,EST,high,"Your answers indicate: “Using a brush or sweeping the area with a broom” for “How was the production area cleaned of dust?”; and “Yes” for “In the last working week, did you work in the forming or moulding area?”. You may have been exposed to crystalline silica dust from cutting, grinding or drilling into materials like concrete, classified as a known human carcinogen and cause of silicosis."
20464,Silica,CERA_Ceramics Glass Prod,EST,high,"Your answers indicate: “Using compressed air” for “How was the production area cleaned of dust?”; and “Yes” for “In the last working week, did you work in the forming or moulding area?”. You may have been exposed to crystalline silica dust from cutting, grinding or drilling into materials like concrete, classified as a known human carcinogen and cause of silicosis."
20465,Formaldehyde,TEXT_Textiles,EST,high,"Your answers indicate: “Shrink resistance” for “Which of the following processes did you apply to the fabric?”. You may have been exposed to a chemical used in some manufacturing and building materials, classified as a known human carcinogen."
20477,Lead,aGUN guns,EST,high,"Your answers indicate: “The working area was not cleaned of dust” for “How did you clean up the firing range?”. You may have been exposed to a metal used in some manufacturing, a recognised cause of serious effects on the nervous system, kidneys and reproductive health."
20478,Lead,aGUN guns,EST,high,"Your answers indicate: “None of these” for “How did you clean up the firing range?”. You may have been exposed to a metal used in some manufacturing, a recognised cause of serious effects on the nervous system, kidneys and reproductive health."
20481,Lead,aGUN guns,EST,high,"Your answers indicate: “Don't know” for “How did you clean up the firing range?”. You may have been exposed to a metal used in some manufacturing, a recognised cause of serious effects on the nervous system, kidneys and reproductive health."
20520,Asbestos,aMAH Material Handling aJSM,EST,high,"Your answers indicate: “Friable (e.g., pipe lagging, insulation)” for “Were the asbestos-containing products you loaded/unloaded friable or non-friable?”; and “Don't know” for “In the last working week, did you wear respiratory protection when you loaded/unloaded asbestos-containing products?”. You may have been exposed to a mineral fibre once widely used in building materials, classified as a known human carcinogen."
20521,Asbestos,aMAH Material Handling aJSM,EST,high,"Your answers indicate: “Poor (where release of fibres is likely)” for “In what condition was the asbestos?”; and “Don't know” for “In the last working week, did you wear respiratory protection when you loaded/unloaded asbestos-containing products?”. You may have been exposed to a mineral fibre once widely used in building materials, classified as a known human carcinogen."
20522,Asbestos,aMAH Material Handling aJSM,EST,high,"Your answers indicate: “A filtering face piece mask or dust mask (called an FFP)” for “What types of respiratory protective equipment (RPE) did you use?”; and “Friable (e.g., pipe lagging, insulation)” for “Were the asbestos-containing products you loaded/unloaded friable or non-friable?”. You may have been exposed to a mineral fibre once widely used in building materials, classified as a known human carcinogen."
20523,Asbestos,aMAH Material Handling aJSM,EST,high,"Your answers indicate: “A filtering face piece mask or dust mask (called an FFP)” for “What types of respiratory protective equipment (RPE) did you use?”; and “Poor (where release of fibres is likely)” for “In what condition was the asbestos?”. You may have been exposed to a mineral fibre once widely used in building materials, classified as a known human carcinogen."
20524,Benzene,aMAH Material Handling aJSM,EST,high,"Your answers indicate: “Hand, handcart or handtruck, or other mechanical devices” for “How was the loading and/or unloading done?”; and “No” for “In the last working week, did you load, unload or transport these chemicals in sealed containers?”; and “Benzene” for “What type of chemical(s) did you carry?”. You may have been exposed to a solvent found in fuels and some industrial processes, classified as a known human carcinogen."
20525,Trichloroethylene,aMAH Material Handling aJSM,EST,high,"Your answers indicate: “Hand, handcart or handtruck, or other mechanical devices” for “How was the loading and/or unloading done?”; and “No” for “In the last working week, did you load, unload or transport these chemicals in sealed containers?”; and “Trichloroethylene” for “What type of chemical(s) did you carry?”. You may have been exposed to a solvent used in some manufacturing such as degreasing, classified as a known human carcinogen."
20526,Formaldehyde,aMAH Material Handling aJSM,EST,high,"Your answers indicate: “Hand, handcart or handtruck, or other mechanical devices” for “How was the loading and/or unloading done?”; and “No” for “In the last working week, did you load, unload or transport these chemicals in sealed containers?”; and “Formaldehyde” for “What type of chemical(s) did you carry?”. You may have been exposed to a chemical used in some manufacturing and building materials, classified as a known human carcinogen."
20527,"1,3 butadiene",aMAH Material Handling aJSM,EST,high,"Your answers indicate: “Hand, handcart or handtruck, or other mechanical devices” for “How was the loading and/or unloading done?”; and “No” for “In the last working week, did you load, unload or transport these chemicals in sealed containers?”; and “1,3 butadiene” for “What type of chemical(s) did you carry?”. You may have been exposed to a chemical used in rubber and plastics manufacturing, classified as a known human carcinogen."
20528,Acrylamide,aMAH Material Handling aJSM,EST,high,"Your answers indicate: “Hand, handcart or handtruck, or other mechanical devices” for “How was the loading and/or unloading done?”; and “No” for “In the last working week, did you load, unload or transport these chemicals in sealed containers?”; and “Acrylamide” for “What type of chemical(s) did you carry?”. You may have been exposed to a chemical used in some manufacturing, classified as a probable human carcinogen and nerve toxin."
20529,Epichlorhydrin,aMAH Material Handling aJSM,EST,medium,"Your answers indicate: “Hand, handcart or handtruck, or other mechanical devices” for “How was the loading and/or unloading done?”; and “No” for “In the last working week, did you load, unload or transport these chemicals in sealed containers?”; and “Epichlorohydrin” for “What type of chemical(s) did you carry?”. You may have been exposed to a chemical used in some manufacturing such as epoxy resins, classified as a probable human carcinogen."
20530,Ethylene oxide,aMAH Material Handling aJSM,EST,high,"Your answers indicate: “Hand, handcart or handtruck, or other mechanical devices” for “How was the loading and/or unloading done?”; and “No” for “In the last working week, did you load, unload or transport these chemicals in sealed containers?”; and “Ethylene oxide” for “What type of chemical(s) did you carry?”. You may have been exposed to a gas used in sterilisation and some manufacturing, classified as a known human carcinogen."
20531,Benzene,aMAH Material Handling aJSM,EST,high,"Your answers indicate: “Hand, handcart or handtruck, or other mechanical devices” for “How was the loading and/or unloading done?”; and “Don't know” for “In the last working week, did you load, unload or transport these chemicals in sealed containers?”; and “Benzene” for “What type of chemical(s) did you carry?”. You may have been exposed to a solvent found in fuels and some industrial processes, classified as a known human carcinogen."
20532,Trichloroethylene,aMAH Material Handling aJSM,EST,high,"Your answers indicate: “Hand, handcart or handtruck, or other mechanical devices” for “How was the loading and/or unloading done?”; and “Don't know” for “In the last working week, did you load, unload or transport these chemicals in sealed containers?”; and “Trichloroethylene” for “What type of chemical(s) did you carry?”. You may have been exposed to a solvent used in some manufacturing such as degreasing, classified as a known human carcinogen."
20533,Formaldehyde,aMAH Material Handling aJSM,EST,high,"Your answers indicate: “Hand, handcart or handtruck, or other mechanical devices” for “How was the loading and/or unloading done?”; and “Don't know” for “In the last working week, did you load, unload or transport these chemicals in sealed containers?”; and “Formaldehyde” for “What type of chemical(s) did you carry?”. You may have been exposed to a chemical used in some manufacturing and building materials, classified as a known human carcinogen."
20534,"1,3 butadiene",aMAH Material Handling aJSM,EST,high,"Your answers indicate: “Hand, handcart or handtruck, or other mechanical devices” for “How was the loading and/or unloading done?”; and “Don't know” for “In the last working week, did you load, unload or transport these chemicals in sealed containers?”; and “1,3 butadiene” for “What type of chemical(s) did you carry?”. You may have been exposed to a chemical used in rubber and plastics manufacturing, classified as a known human carcinogen."
20535,Acrylamide,aMAH Material Handling aJSM,EST,high,"Your answers indicate: “Hand, handcart or handtruck, or other mechanical devices” for “How was the loading and/or unloading done?”; and “Don't know” for “In the last working week, did you load, unload or transport these chemicals in sealed containers?”; and “Acrylamide” for “What type of chemical(s) did you carry?”. You may have been exposed to a chemical used in some manufacturing, classified as a probable human carcinogen and nerve toxin."
20536,Epichlorhydrin,aMAH Material Handling aJSM,EST,medium,"Your answers indicate: “Hand, handcart or handtruck, or other mechanical devices” for “How was the loading and/or unloading done?”; and “Don't know” for “In the last working week, did you load, unload or transport these chemicals in sealed containers?”; and “Epichlorohydrin” for “What type of chemical(s) did you carry?”. You may have been exposed to a chemical used in some manufacturing such as epoxy resins, classified as a probable human carcinogen."
20537,Ethylene oxide,aMAH Material Handling aJSM,EST,high,"Your answers indicate: “Hand, handcart or handtruck, or other mechanical devices” for “How was the loading and/or unloading done?”; and “Don't know” for “In the last working week, did you load, unload or transport these chemicals in sealed containers?”; and “Ethylene oxide” for “What type of chemical(s) did you carry?”. You may have been exposed to a gas used in sterilisation and some manufacturing, classified as a known human carcinogen."
20542,Formaldehyde,aSAN Sanding aJSM,EST,high,"Your answers indicate: “Chipboard, MDF, plywood, or pressed wood” for “In the last working week, did you sand any of the following items?”; and “A power sander or polisher” for “In the last working week, which of the following did you use to sand or polish the items?”; and “No” for “Was there a ventilation system that removed dust or fume from where you worked in the last working week (local exhaust ventilation or on-tool extraction)?”. You may have been exposed to a chemical used in some manufacturing and building materials, classified as a known human carcinogen."
20543,Formaldehyde,aSAN Sanding aJSM,EST,high,"Your answers indicate: “Chipboard, MDF, plywood, or pressed wood” for “In the last working week, did you sand any of the following items?”; and “A power sander or polisher” for “In the last working week, which of the following did you use to sand or polish the items?”; and “Don't know” for “Was there a ventilation system that removed dust or fume from where you worked in the last working week (local exhaust ventilation or on-tool extraction)?”. You may have been exposed to a chemical used in some manufacturing and building materials, classified as a known human carcinogen."
20546,Nickel,aSAN Sanding aJSM,EST,high,"Your answers indicate: “Metal or metal objects” for “In the last working week, did you sand any of the following items?”; and “No” for “Was there a ventilation system that removed dust or fume from where you worked in the last working week (local exhaust ventilation or on-tool extraction)?”; and “A power sander or polisher” for “In the last working week, which of the following did you use to sand or polish the items?”. You may have been exposed to a metal used in some manufacturing such as plating or welding, with some compounds classified as known human carcinogens."
20547,Nickel,aSAN Sanding aJSM,EST,high,"Your answers indicate: “Metal or metal objects” for “In the last working week, did you sand any of the following items?”; and “Don't know” for “Was there a ventilation system that removed dust or fume from where you worked in the last working week (local exhaust ventilation or on-tool extraction)?”; and “A power sander or polisher” for “In the last working week, which of the following did you use to sand or polish the items?”. You may have been exposed to a metal used in some manufacturing such as plating or welding, with some compounds classified as known human carcinogens."
20548,Lead,aSLD Soldering aJSM,EST,high,"Your answers indicate: “Lead-containing solder” for “In the last working week, did you handle or come in contact with any of the following types of solder?”; and “Don't know” for “How was the area where you soldered ventilated?”; and “Don't know” for “In the last working week, did you use respiratory protection when soldering?”. You may have been exposed to a metal used in some manufacturing, a recognised cause of serious effects on the nervous system, kidneys and reproductive health."
20551,Cadmium,aSLD Soldering aJSM,EST,high,"Your answers indicate: “Yes” for “Did the silver solder contain cadmium?”; and “Don't know” for “How was the area where you soldered ventilated?”; and “Don't know” for “In the last working week, did you use respiratory protection when soldering?”. You may have been exposed to a metal used in some manufacturing such as batteries or coatings, classified as a known human carcinogen."
20557,Lead,aSLD Soldering aJSM,EST,high,"Your answers indicate: “Lead-containing solder” for “In the last working week, did you handle or come in contact with any of the following types of solder?”; and “Don't know” for “How was the area where you soldered ventilated?”; and “No” for “In the last working week, did you use respiratory protection when soldering?”. You may have been exposed to a metal used in some manufacturing, a recognised cause of serious effects on the nervous system, kidneys and reproductive health."
20558,Cadmium,aSLD Soldering aJSM,EST,high,"Your answers indicate: “Yes” for “Did the silver solder contain cadmium?”; and “Don't know” for “How was the area where you soldered ventilated?”; and “No” for “In the last working week, did you use respiratory protection when soldering?”. You may have been exposed to a metal used in some manufacturing such as batteries or coatings, classified as a known human carcinogen."
20559,Lead,aSTP Stripping Paint aJSM,EST,high,"Your answers indicate: “Yes” for “In the last working week, did you strip lead-based paint?”; and “None of these” for “Which of the following measures did you use while sanding, blasting or grinding?”; and “No ventilation was applied to the area” for “How was the area where you stripped paint ventilated?”. You may have been exposed to a metal used in some manufacturing, a recognised cause of serious effects on the nervous system, kidneys and reproductive health."
20560,Lead,aSTP Stripping Paint aJSM,EST,high,"Your answers indicate: “Yes” for “In the last working week, did you strip lead-based paint?”; and “Don't know” for “Which of the following measures did you use while sanding, blasting or grinding?”; and “No ventilation was applied to the area” for “How was the area where you stripped paint ventilated?”. You may have been exposed to a metal used in some manufacturing, a recognised cause of serious effects on the nervous system, kidneys and reproductive health."
20561,Lead,aSTP Stripping Paint aJSM,EST,high,"Your answers indicate: “Yes” for “In the last working week, did you strip lead-based paint?”; and “None of these” for “Which of the following measures did you use while sanding, blasting or grinding?”; and “Don't know” for “How was the area where you stripped paint ventilated?”. You may have been exposed to a metal used in some manufacturing, a recognised cause of serious effects on the nervous system, kidneys and reproductive health."
20562,Lead,aSTP Stripping Paint aJSM,EST,high,"Your answers indicate: “Yes” for “In the last working week, did you strip lead-based paint?”; and “Don't know” for “Which of the following measures did you use while sanding, blasting or grinding?”; and “Don't know” for “How was the area where you stripped paint ventilated?”. You may have been exposed to a metal used in some manufacturing, a recognised cause of serious effects on the nervous system, kidneys and reproductive health."
20563,Lead,aSTP Stripping Paint aJSM,EST,high,"Your answers indicate: “Yes” for “In the last working week, did you strip old paint which was likely to have been applied before 2001?”; and “None of these” for “Which of the following measures did you use while sanding, blasting or grinding?”; and “No ventilation was applied to the area” for “How was the area where you stripped paint ventilated?”. You may have been exposed to a metal used in some manufacturing, a recognised cause of serious effects on the nervous system, kidneys and reproductive health."
20564,Lead,aSTP Stripping Paint aJSM,EST,high,"Your answers indicate: “Yes” for “In the last working week, did you strip old paint which was likely to have been applied before 2001?”; and “None of these” for “Which of the following measures did you use while sanding, blasting or grinding?”; and “Don't know” for “How was the area where you stripped paint ventilated?”. You may have been exposed to a metal used in some manufacturing, a recognised cause of serious effects on the nervous system, kidneys and reproductive health."
20565,Lead,aSTP Stripping Paint aJSM,EST,high,"Your answers indicate: “Yes” for “In the last working week, did you strip old paint which was likely to have been applied before 2001?”; and “Don't know” for “Which of the following measures did you use while sanding, blasting or grinding?”; and “No ventilation was applied to the area” for “How was the area where you stripped paint ventilated?”. You may have been exposed to a metal used in some manufacturing, a recognised cause of serious effects on the nervous system, kidneys and reproductive health."
20566,Lead,aSTP Stripping Paint aJSM,EST,high,"Your answers indicate: “Yes” for “In the last working week, did you strip old paint which was likely to have been applied before 2001?”; and “Don't know” for “Which of the following measures did you use while sanding, blasting or grinding?”; and “Don't know” for “How was the area where you stripped paint ventilated?”. You may have been exposed to a metal used in some manufacturing, a recognised cause of serious effects on the nervous system, kidneys and reproductive health."
20567,Nickel,aSTP Stripping Paint aJSM,EST,high,"Your answers indicate: “Yes” for “In the last working week, did you strip old paint which was likely to have been applied before 2001?”; and “None of these” for “Which of the following measures did you use while sanding, blasting or grinding?”; and “No ventilation was applied to the area” for “How was the area where you stripped paint ventilated?”. You may have been exposed to a metal used in some manufacturing such as plating or welding, with some compounds classified as known human carcinogens."
20568,Nickel,aSTP Stripping Paint aJSM,EST,high,"Your answers indicate: “Yes” for “In the last working week, did you strip old paint which was likely to have been applied before 2001?”; and “None of these” for “Which of the following measures did you use while sanding, blasting or grinding?”; and “Don't know” for “How was the area where you stripped paint ventilated?”. You may have been exposed to a metal used in some manufacturing such as plating or welding, with some compounds classified as known human carcinogens."
20569,Nickel,aSTP Stripping Paint aJSM,EST,high,"Your answers indicate: “Yes” for “In the last working week, did you strip old paint which was likely to have been applied before 2001?”; and “Don't know” for “Which of the following measures did you use while sanding, blasting or grinding?”; and “No ventilation was applied to the area” for “How was the area where you stripped paint ventilated?”. You may have been exposed to a metal used in some manufacturing such as plating or welding, with some compounds classified as known human carcinogens."
20570,Nickel,aSTP Stripping Paint aJSM,EST,high,"Your answers indicate: “Yes” for “In the last working week, did you strip old paint which was likely to have been applied before 2001?”; and “Don't know” for “Which of the following measures did you use while sanding, blasting or grinding?”; and “Don't know” for “How was the area where you stripped paint ventilated?”. You may have been exposed to a metal used in some manufacturing such as plating or welding, with some compounds classified as known human carcinogens."
20571,Chromium VI,aSTP Stripping Paint aJSM,EST,high,"Your answers indicate: “Yes” for “In the last working week, did you strip old paint which was likely to have been applied before 2001?”; and “None of these” for “Which of the following measures did you use while sanding, blasting or grinding?”; and “No ventilation was applied to the area” for “How was the area where you stripped paint ventilated?”. You may have been exposed to a form of chromium used in some manufacturing such as plating or welding, classified as a known human carcinogen."
20572,Chromium VI,aSTP Stripping Paint aJSM,EST,high,"Your answers indicate: “Yes” for “In the last working week, did you strip old paint which was likely to have been applied before 2001?”; and “None of these” for “Which of the following measures did you use while sanding, blasting or grinding?”; and “Don't know” for “How was the area where you stripped paint ventilated?”. You may have been exposed to a form of chromium used in some manufacturing such as plating or welding, classified as a known human carcinogen."
20573,Chromium VI,aSTP Stripping Paint aJSM,EST,high,"Your answers indicate: “Yes” for “In the last working week, did you strip old paint which was likely to have been applied before 2001?”; and “Don't know” for “Which of the following measures did you use while sanding, blasting or grinding?”; and “No ventilation was applied to the area” for “How was the area where you stripped paint ventilated?”. You may have been exposed to a form of chromium used in some manufacturing such as plating or welding, classified as a known human carcinogen."
20574,Chromium VI,aSTP Stripping Paint aJSM,EST,high,"Your answers indicate: “Yes” for “In the last working week, did you strip old paint which was likely to have been applied before 2001?”; and “Don't know” for “Which of the following measures did you use while sanding, blasting or grinding?”; and “Don't know” for “How was the area where you stripped paint ventilated?”. You may have been exposed to a form of chromium used in some manufacturing such as plating or welding, classified as a known human carcinogen."
20575,Cadmium,aSTP Stripping Paint aJSM,EST,high,"Your answers indicate: “Yes” for “In the last working week, did you strip old paint which was likely to have been applied before 2001?”; and “None of these” for “Which of the following measures did you use while sanding, blasting or grinding?”; and “No ventilation was applied to the area” for “How was the area where you stripped paint ventilated?”. You may have been exposed to a metal used in some manufacturing such as batteries or coatings, classified as a known human carcinogen."
20576,Cadmium,aSTP Stripping Paint aJSM,EST,high,"Your answers indicate: “Yes” for “In the last working week, did you strip old paint which was likely to have been applied before 2001?”; and “None of these” for “Which of the following measures did you use while sanding, blasting or grinding?”; and “Don't know” for “How was the area where you stripped paint ventilated?”. You may have been exposed to a metal used in some manufacturing such as batteries or coatings, classified as a known human carcinogen."
20577,Cadmium,aSTP Stripping Paint aJSM,EST,high,"Your answers indicate: “Yes” for “In the last working week, did you strip old paint which was likely to have been applied before 2001?”; and “Don't know” for “Which of the following measures did you use while sanding, blasting or grinding?”; and “No ventilation was applied to the area” for “How was the area where you stripped paint ventilated?”. You may have been exposed to a metal used in some manufacturing such as batteries or coatings, classified as a known human carcinogen."
20578,Cadmium,aSTP Stripping Paint aJSM,EST,high,"Your answers indicate: “Yes” for “In the last working week, did you strip old paint which was likely to have been applied before 2001?”; and “Don't know” for “Which of the following measures did you use while sanding, blasting or grinding?”; and “Don't know” for “How was the area where you stripped paint ventilated?”. You may have been exposed to a metal used in some manufacturing such as batteries or coatings, classified as a known human carcinogen."
20602,Silica,aCTS Cutting Stone etc,EST,high,"Your answers indicate: “No” for “In the last working week, did you use water suppression all the time when you were working on these materials?”; and “No” for “In the last working week, did you use on-tool extraction or dust collection when you worked with these materials?”. You may have been exposed to crystalline silica dust from cutting, grinding or drilling into materials like concrete, classified as a known human carcinogen and cause of silicosis."
20603,Silica,aCTS Cutting Stone etc,EST,high,"Your answers indicate: “No” for “In the last working week, did you use water suppression all the time when you were working on these materials?”; and “Don't know” for “In the last working week, did you use on-tool extraction or dust collection when you worked with these materials?”. You may have been exposed to crystalline silica dust from cutting, grinding or drilling into materials like concrete, classified as a known human carcinogen and cause of silicosis."
20604,Silica,aCTS Cutting Stone etc,EST,high,"Your answers indicate: “Don't know” for “In the last working week, did you use water suppression all the time when you were working on these materials?”; and “No” for “In the last working week, did you use on-tool extraction or dust collection when you worked with these materials?”. You may have been exposed to crystalline silica dust from cutting, grinding or drilling into materials like concrete, classified as a known human carcinogen and cause of silicosis."
20605,Silica,aCTS Cutting Stone etc,EST,high,"Your answers indicate: “Don't know” for “In the last working week, did you use water suppression all the time when you were working on these materials?”; and “Don't know” for “In the last working week, did you use on-tool extraction or dust collection when you worked with these materials?”. You may have been exposed to crystalline silica dust from cutting, grinding or drilling into materials like concrete, classified as a known human carcinogen and cause of silicosis."
20609,Silica,aCTS Cutting Stone etc,EST,high,"Your answers indicate: “No” for “In the last working week, did you use water suppression all the time when you were working on these materials?”; and “No” for “In the last working week, did you use a filtering or air-supplied respirator when you worked with these materials (including if you were working in the open air)?”. You may have been exposed to crystalline silica dust from cutting, grinding or drilling into materials like concrete, classified as a known human carcinogen and cause of silicosis."
20610,Silica,aCTS Cutting Stone etc,EST,high,"Your answers indicate: “No” for “In the last working week, did you use water suppression all the time when you were working on these materials?”; and “Don't know” for “In the last working week, did you use a filtering or air-supplied respirator when you worked with these materials (including if you were working in the open air)?”. You may have been exposed to crystalline silica dust from cutting, grinding or drilling into materials like concrete, classified as a known human carcinogen and cause of silicosis."
20611,Silica,aCTS Cutting Stone etc,EST,high,"Your answers indicate: “Don't know” for “In the last working week, did you use water suppression all the time when you were working on these materials?”; and “No” for “In the last working week, did you use a filtering or air-supplied respirator when you worked with these materials (including if you were working in the open air)?”. You may have been exposed to crystalline silica dust from cutting, grinding or drilling into materials like concrete, classified as a known human carcinogen and cause of silicosis."
20612,Silica,aCTS Cutting Stone etc,EST,high,"Your answers indicate: “Don't know” for “In the last working week, did you use water suppression all the time when you were working on these materials?”; and “Don't know” for “In the last working week, did you use a filtering or air-supplied respirator when you worked with these materials (including if you were working in the open air)?”. You may have been exposed to crystalline silica dust from cutting, grinding or drilling into materials like concrete, classified as a known human carcinogen and cause of silicosis."
20617,Asbestos,aASR Asbestos Removal,EST,high,"Your answers indicate: “No” for “In the last working week, did you use respiratory protection when doing repair or maintenance tasks?”; and “Yes” for “Did you cut, grind, or break up asbestos-containing material (including by accident)?”. You may have been exposed to a mineral fibre once widely used in building materials, classified as a known human carcinogen."
20618,Asbestos,aASR Asbestos Removal,EST,high,"Your answers indicate: “No” for “In the last working week, did you use respiratory protection when doing repair or maintenance tasks?”; and “Don't know” for “Did you cut, grind, or break up asbestos-containing material (including by accident)?”. You may have been exposed to a mineral fibre once widely used in building materials, classified as a known human carcinogen."
20620,Asbestos,aASR Asbestos Removal,EST,high,"Your answers indicate: “Don't know” for “In the last working week, did you use respiratory protection when doing repair or maintenance tasks?”; and “Yes” for “Did you cut, grind, or break up asbestos-containing material (including by accident)?”. You may have been exposed to a mineral fibre once widely used in building materials, classified as a known human carcinogen."
20621,Asbestos,aASR Asbestos Removal,EST,high,"Your answers indicate: “Don't know” for “In the last working week, did you use respiratory protection when doing repair or maintenance tasks?”; and “No” for “Did you cut, grind, or break up asbestos-containing material (including by accident)?”. You may have been exposed to a mineral fibre once widely used in building materials, classified as a known human carcinogen."
20622,Asbestos,aASR Asbestos Removal,EST,high,"Your answers indicate: “Don't know” for “In the last working week, did you use respiratory protection when doing repair or maintenance tasks?”; and “Don't know” for “Did you cut, grind, or break up asbestos-containing material (including by accident)?”. You may have been exposed to a mineral fibre once widely used in building materials, classified as a known human carcinogen."
20623,Asbestos,aASR Asbestos Removal,EST,high,"Your answers indicate: “Yes” for “Did you cut, grind, or break up asbestos-containing material (including by accident)?”; and “A filtering face piece mask or dust mask (called an FFP)” for “What types of respiratory protective equipment (RPE) did you use?”. You may have been exposed to a mineral fibre once widely used in building materials, classified as a known human carcinogen."
20625,Asbestos,aASR Asbestos Removal,EST,high,"Your answers indicate: “Don't know” for “Did you cut, grind, or break up asbestos-containing material (including by accident)?”; and “A filtering face piece mask or dust mask (called an FFP)” for “What types of respiratory protective equipment (RPE) did you use?”. You may have been exposed to a mineral fibre once widely used in building materials, classified as a known human carcinogen."
20626,Asbestos,aASR Asbestos Removal,EST,high,"Your answers indicate: “Hammering or using power tools (e.g. disc cutters, saws, etc)” for “In the last working week, did you use any of the following methods to remove the asbestos-containing materials?”. You may have been exposed to a mineral fibre once widely used in building materials, classified as a known human carcinogen."
20629,Asbestos,aASR Asbestos Removal,EST,high,"Your answers indicate: “Using compressed air” for “How did you clean up the dust in the last working week when doing repair or maintenance tasks?”; and “Yes” for “Did you cut, grind, or break up asbestos-containing material (including by accident)?”. You may have been exposed to a mineral fibre once widely used in building materials, classified as a known human carcinogen."
20631,Asbestos,aASR Asbestos Removal,EST,high,"Your answers indicate: “Using compressed air” for “How did you clean up the dust in the last working week when doing repair or maintenance tasks?”; and “Don't know” for “Did you cut, grind, or break up asbestos-containing material (including by accident)?”. You may have been exposed to a mineral fibre once widely used in building materials, classified as a known human carcinogen."
20632,Asbestos,aASR Asbestos Removal,EST,high,"Your answers indicate: “Using a brush or sweeping the area with a broom” for “How did you clean up the dust in the last working week when doing repair or maintenance tasks?”; and “Yes” for “Did you cut, grind, or break up asbestos-containing material (including by accident)?”. You may have been exposed to a mineral fibre once widely used in building materials, classified as a known human carcinogen."
20634,Asbestos,aASR Asbestos Removal,EST,high,"Your answers indicate: “Using a brush or sweeping the area with a broom” for “How did you clean up the dust in the last working week when doing repair or maintenance tasks?”; and “Don't know” for “Did you cut, grind, or break up asbestos-containing material (including by accident)?”. You may have been exposed to a mineral fibre once widely used in building materials, classified as a known human carcinogen."
20635,Asbestos,aASR Asbestos Removal,EST,high,"Your answers indicate: “The working area was not cleaned of dust” for “How did you clean up the dust in the last working week when doing repair or maintenance tasks?”; and “Yes” for “Did you cut, grind, or break up asbestos-containing material (including by accident)?”. You may have been exposed to a mineral fibre once widely used in building materials, classified as a known human carcinogen."
20637,Asbestos,aASR Asbestos Removal,EST,high,"Your answers indicate: “The working area was not cleaned of dust” for “How did you clean up the dust in the last working week when doing repair or maintenance tasks?”; and “Don't know” for “Did you cut, grind, or break up asbestos-containing material (including by accident)?”. You may have been exposed to a mineral fibre once widely used in building materials, classified as a known human carcinogen."
20638,Asbestos,aASR Asbestos Removal,EST,high,"Your answers indicate: “Don't know” for “How did you clean up the dust in the last working week when doing repair or maintenance tasks?”; and “Yes” for “Did you cut, grind, or break up asbestos-containing material (including by accident)?”. You may have been exposed to a mineral fibre once widely used in building materials, classified as a known human carcinogen."
20640,Asbestos,aASR Asbestos Removal,EST,high,"Your answers indicate: “Don't know” for “How did you clean up the dust in the last working week when doing repair or maintenance tasks?”; and “Don't know” for “Did you cut, grind, or break up asbestos-containing material (including by accident)?”. You may have been exposed to a mineral fibre once widely used in building materials, classified as a known human carcinogen."
20650,Formaldehyde,aGAL Anatomy laboratory aJSM,EST,high,"Your answers indicate: “No ventilation was applied to the area” for “How was the area where you worked ventilated?”; and “No” for “In the last working week, did you use respiratory protection when working in a gross anatomy laboratory?”. You may have been exposed to a chemical used in some manufacturing and building materials, classified as a known human carcinogen."
20651,Formaldehyde,aGAL Anatomy laboratory aJSM,EST,high,"Your answers indicate: “No ventilation was applied to the area” for “How was the area where you worked ventilated?”; and “No” for “In the last working week, did you use respiratory protection when working in a gross anatomy laboratory?”. You may have been exposed to a chemical used in some manufacturing and building materials, classified as a known human carcinogen."
20652,Formaldehyde,aGAL Anatomy laboratory aJSM,EST,high,"Your answers indicate: “Don't know” for “How was the area where you worked ventilated?”; and “Don't know” for “In the last working week, did you use respiratory protection when working in a gross anatomy laboratory?”. You may have been exposed to a chemical used in some manufacturing and building materials, classified as a known human carcinogen."
20653,Formaldehyde,aGAL Anatomy laboratory aJSM,EST,high,"Your answers indicate: “Don't know” for “How was the area where you worked ventilated?”; and “Don't know” for “In the last working week, did you use respiratory protection when working in a gross anatomy laboratory?”. You may have been exposed to a chemical used in some manufacturing and building materials, classified as a known human carcinogen."
20656,Formaldehyde,aGAL Anatomy laboratory aJSM,EST,high,"Your answers indicate: “Yes” for “Did you or your colleagues wash the biological tissues in a sink located in an open workspace (without local extraction)?”; and “No” for “In the last working week, did you use respiratory protection when working in a gross anatomy laboratory?”. You may have been exposed to a chemical used in some manufacturing and building materials, classified as a known human carcinogen."
20657,Formaldehyde,aGAL Anatomy laboratory aJSM,EST,high,"Your answers indicate: “Yes” for “Did you or your colleagues wash the biological tissues in a sink located in an open workspace (without local extraction)?”; and “Don't know” for “In the last working week, did you use respiratory protection when working in a gross anatomy laboratory?”. You may have been exposed to a chemical used in some manufacturing and building materials, classified as a known human carcinogen."
20658,Formaldehyde,aGAL Anatomy laboratory aJSM,EST,high,"Your answers indicate: “Yes” for “Did you or your colleagues fill the containers with formalin in an open workspace (without local extraction)?”; and “No” for “In the last working week, did you use respiratory protection when working in a gross anatomy laboratory?”. You may have been exposed to a chemical used in some manufacturing and building materials, classified as a known human carcinogen."
20659,Formaldehyde,aGAL Anatomy laboratory aJSM,EST,high,"Your answers indicate: “Yes” for “Did you or your colleagues fill the containers with formalin in an open workspace (without local extraction)?”; and “Don't know” for “In the last working week, did you use respiratory protection when working in a gross anatomy laboratory?”. You may have been exposed to a chemical used in some manufacturing and building materials, classified as a known human carcinogen."
20660,Formaldehyde,aGAL Anatomy laboratory aJSM,EST,high,"Your answers indicate: “Yes” for “Were the biological tissues extracted from the corpse deposited in formaldehyde solution (formalin)?”; and “No” for “In the last working week, did you use respiratory protection when working in a gross anatomy laboratory?”. You may have been exposed to a chemical used in some manufacturing and building materials, classified as a known human carcinogen."
20661,Formaldehyde,aGAL Anatomy laboratory aJSM,EST,high,"Your answers indicate: “Yes” for “Were the biological tissues extracted from the corpse deposited in formaldehyde solution (formalin)?”; and “Don't know” for “In the last working week, did you use respiratory protection when working in a gross anatomy laboratory?”. You may have been exposed to a chemical used in some manufacturing and building materials, classified as a known human carcinogen."
20662,Formaldehyde,aGAL Anatomy laboratory aJSM,EST,high,"Your answers indicate: “Yes” for “Did you or your colleagues fill the containers with formalin in an open workspace (without local extraction)?”; and “No” for “In the last working week, did you use respiratory protection when working in a gross anatomy laboratory?”. You may have been exposed to a chemical used in some manufacturing and building materials, classified as a known human carcinogen."
20663,Formaldehyde,aGAL Anatomy laboratory aJSM,EST,high,"Your answers indicate: “Yes” for “Did you or your colleagues fill the containers with formalin in an open workspace (without local extraction)?”; and “Don't know” for “In the last working week, did you use respiratory protection when working in a gross anatomy laboratory?”. You may have been exposed to a chemical used in some manufacturing and building materials, classified as a known human carcinogen."
20687,Cadmium,"aFUR Furnace cleaning, installation and maintenance",EST,high,"Your answers indicate: “No” for “In the last working week, did you use an ash vacuum cleaner fitted with a HEPA filter to clean out the ash or scale from the furnace?”. You may have been exposed to a metal used in some manufacturing such as batteries or coatings, classified as a known human carcinogen."
20690,Cadmium,"aFUR Furnace cleaning, installation and maintenance",EST,high,"Your answers indicate: “No” for “In the last working week, were dust suppression precautions taken to minimise dust levels (e.g., by controlled damping of the ash)?”. You may have been exposed to a metal used in some manufacturing such as batteries or coatings, classified as a known human carcinogen."
20691,Cadmium,"aFUR Furnace cleaning, installation and maintenance",EST,high,"Your answers indicate: “Don't know” for “In the last working week, were dust suppression precautions taken to minimise dust levels (e.g., by controlled damping of the ash)?”. You may have been exposed to a metal used in some manufacturing such as batteries or coatings, classified as a known human carcinogen."
20693,Chromium VI,aPAI Painting aJSM,EST,high,"Your answers indicate: “Don't know” for “In the last working week, did you use a cartridge filter respirator, a powered air-purifying respirator (PAPR) or an air-supplied respirator when applying primers or undercoats with a spray/gun?”; and “No” for “In the last working week, did you spray the primer or undercoat in a spray booth?”. You may have been exposed to a form of chromium used in some manufacturing such as plating or welding, classified as a known human carcinogen."
20697,Formaldehyde,aPAI Painting aJSM,EST,high,"Your answers indicate: “Acid cured paints or lacquers” for “In the last working week, did you spray or powder coat with any of the following paints?”; and “No” for “In the last working week, did you spray/powder coat in a spray booth?”. You may have been exposed to a chemical used in some manufacturing and building materials, classified as a known human carcinogen."
20698,Formaldehyde,aPAI Painting aJSM,EST,high,"Your answers indicate: “Acid cured paints or lacquers” for “In the last working week, did you spray or powder coat with any of the following paints?”; and “Don't know” for “In the last working week, did you spray/powder coat in a spray booth?”. You may have been exposed to a chemical used in some manufacturing and building materials, classified as a known human carcinogen."
20699,Formaldehyde,aPAI Painting aJSM,EST,high,"Your answers indicate: “Acid cured paints or lacquers” for “In the last working week, did you spray or powder coat with any of the following paints?”; and “No” for “In the last working week, did you use a cartridge filter respirator, a powered air-purifying respirator (PAPR) or an air-supplied respirator when painting or applying coats?”. You may have been exposed to a chemical used in some manufacturing and building materials, classified as a known human carcinogen."
20700,Formaldehyde,aPAI Painting aJSM,EST,high,"Your answers indicate: “Acid cured paints or lacquers” for “In the last working week, did you spray or powder coat with any of the following paints?”; and “Don't know” for “In the last working week, did you use a cartridge filter respirator, a powered air-purifying respirator (PAPR) or an air-supplied respirator when painting or applying coats?”. You may have been exposed to a chemical used in some manufacturing and building materials, classified as a known human carcinogen."
20709,Formaldehyde,aSAN Sanding aJSM,EST,high,"Your answers indicate: “Chipboard, MDF, plywood, or pressed wood” for “In the last working week, did you sand any of the following items?”; and “A hand sander or polisher” for “In the last working week, which of the following did you use to sand or polish the items?”; and “No” for “Was there a ventilation system that removed dust or fume from where you worked in the last working week (local exhaust ventilation or on-tool extraction)?”; and “No” for “In the last working week, did you use respiratory protection while sanding or polishing items?”. You may have been exposed to a chemical used in some manufacturing and building materials, classified as a known human carcinogen."
20710,Formaldehyde,aSAN Sanding aJSM,EST,high,"Your answers indicate: “Chipboard, MDF, plywood, or pressed wood” for “In the last working week, did you sand any of the following items?”; and “A hand sander or polisher” for “In the last working week, which of the following did you use to sand or polish the items?”; and “Don't know” for “Was there a ventilation system that removed dust or fume from where you worked in the last working week (local exhaust ventilation or on-tool extraction)?”; and “Don't know” for “In the last working week, did you use respiratory protection while sanding or polishing items?”. You may have been exposed to a chemical used in some manufacturing and building materials, classified as a known human carcinogen."
20711,Formaldehyde,aSAN Sanding aJSM,EST,high,"Your answers indicate: “Chipboard, MDF, plywood, or pressed wood” for “In the last working week, did you sand any of the following items?”; and “A hand sander or polisher” for “In the last working week, which of the following did you use to sand or polish the items?”; and “No” for “Was there a ventilation system that removed dust or fume from where you worked in the last working week (local exhaust ventilation or on-tool extraction)?”; and “Don't know” for “In the last working week, did you use respiratory protection while sanding or polishing items?”. You may have been exposed to a chemical used in some manufacturing and building materials, classified as a known human carcinogen."
20712,Formaldehyde,aSAN Sanding aJSM,EST,high,"Your answers indicate: “Chipboard, MDF, plywood, or pressed wood” for “In the last working week, did you sand any of the following items?”; and “A hand sander or polisher” for “In the last working week, which of the following did you use to sand or polish the items?”; and “Don't know” for “Was there a ventilation system that removed dust or fume from where you worked in the last working week (local exhaust ventilation or on-tool extraction)?”; and “No” for “In the last working week, did you use respiratory protection while sanding or polishing items?”. You may have been exposed to a chemical used in some manufacturing and building materials, classified as a known human carcinogen."
20714,Nickel,aSAN Sanding aJSM,EST,high,"Your answers indicate: “Metal or metal objects” for “In the last working week, did you sand any of the following items?”; and “A hand sander or polisher” for “In the last working week, which of the following did you use to sand or polish the items?”; and “No” for “Was there a ventilation system that removed dust or fume from where you worked in the last working week (local exhaust ventilation or on-tool extraction)?”; and “No” for “In the last working week, did you use respiratory protection while sanding or polishing items?”. You may have been exposed to a metal used in some manufacturing such as plating or welding, with some compounds classified as known human carcinogens."
20715,Nickel,aSAN Sanding aJSM,EST,high,"Your answers indicate: “Metal or metal objects” for “In the last working week, did you sand any of the following items?”; and “A hand sander or polisher” for “In the last working week, which of the following did you use to sand or polish the items?”; and “Don't know” for “Was there a ventilation system that removed dust or fume from where you worked in the last working week (local exhaust ventilation or on-tool extraction)?”; and “Don't know” for “In the last working week, did you use respiratory protection while sanding or polishing items?”. You may have been exposed to a metal used in some manufacturing such as plating or welding, with some compounds classified as known human carcinogens."
20716,Nickel,aSAN Sanding aJSM,EST,high,"Your answers indicate: “Metal or metal objects” for “In the last working week, did you sand any of the following items?”; and “A hand sander or polisher” for “In the last working week, which of the following did you use to sand or polish the items?”; and “No” for “Was there a ventilation system that removed dust or fume from where you worked in the last working week (local exhaust ventilation or on-tool extraction)?”; and “Don't know” for “In the last working week, did you use respiratory protection while sanding or polishing items?”. You may have been exposed to a metal used in some manufacturing such as plating or welding, with some compounds classified as known human carcinogens."
20717,Nickel,aSAN Sanding aJSM,EST,high,"Your answers indicate: “Metal or metal objects” for “In the last working week, did you sand any of the following items?”; and “A hand sander or polisher” for “In the last working week, which of the following did you use to sand or polish the items?”; and “Don't know” for “Was there a ventilation system that removed dust or fume from where you worked in the last working week (local exhaust ventilation or on-tool extraction)?”; and “No” for “In the last working week, did you use respiratory protection while sanding or polishing items?”. You may have been exposed to a metal used in some manufacturing such as plating or welding, with some compounds classified as known human carcinogens."
20720,Asbestos,aASR Asbestos Removal,EST,high,"Your answers indicate: “No” for “In the last working week, did you use respiratory protection when removing the asbestos containing materials?”; and “Fibro (fibrous cement) sheet (external cladding, roofing, pipes, internal wet-area lining sheets) ” for “Which of the following asbestos-containing materials did you remove?”. You may have been exposed to a mineral fibre once widely used in building materials, classified as a known human carcinogen."
20721,Asbestos,aASR Asbestos Removal,EST,high,"Your answers indicate: “No” for “In the last working week, did you use respiratory protection when removing the asbestos containing materials?”; and “Asbestos cavity insulation (from wall or ceiling cavities in buildings)” for “Which of the following asbestos-containing materials did you remove?”. You may have been exposed to a mineral fibre once widely used in building materials, classified as a known human carcinogen."
20722,Asbestos,aASR Asbestos Removal,EST,high,"Your answers indicate: “No” for “In the last working week, did you use respiratory protection when removing the asbestos containing materials?”; and “Fire rated board or millboard” for “Which of the following asbestos-containing materials did you remove?”. You may have been exposed to a mineral fibre once widely used in building materials, classified as a known human carcinogen."
20724,Asbestos,aASR Asbestos Removal,EST,high,"Your answers indicate: “No” for “In the last working week, did you use respiratory protection when removing the asbestos containing materials?”; and “Any asbestos-containing material from on board a ship, train or other mobile plant” for “Which of the following asbestos-containing materials did you remove?”. You may have been exposed to a mineral fibre once widely used in building materials, classified as a known human carcinogen."
20725,Asbestos,aASR Asbestos Removal,EST,high,"Your answers indicate: “No” for “In the last working week, did you use respiratory protection when removing the asbestos containing materials?”; and “Asbestos ceiling tiles (accoustic tiles)” for “Which of the following asbestos-containing materials did you remove?”. You may have been exposed to a mineral fibre once widely used in building materials, classified as a known human carcinogen."
20726,Asbestos,aASR Asbestos Removal,EST,high,"Your answers indicate: “No” for “In the last working week, did you use respiratory protection when removing the asbestos containing materials?”; and “Road paving or asphalt containing asbestos” for “Which of the following asbestos-containing materials did you remove?”. You may have been exposed to a mineral fibre once widely used in building materials, classified as a known human carcinogen."
20727,Asbestos,aASR Asbestos Removal,EST,high,"Your answers indicate: “Don't know” for “In the last working week, did you use respiratory protection when removing the asbestos containing materials?”; and “Fibro (fibrous cement) sheet (external cladding, roofing, pipes, internal wet-area lining sheets) ” for “Which of the following asbestos-containing materials did you remove?”. You may have been exposed to a mineral fibre once widely used in building materials, classified as a known human carcinogen."
20728,Asbestos,aASR Asbestos Removal,EST,high,"Your answers indicate: “Don't know” for “In the last working week, did you use respiratory protection when removing the asbestos containing materials?”; and “Asbestos cavity insulation (from wall or ceiling cavities in buildings)” for “Which of the following asbestos-containing materials did you remove?”. You may have been exposed to a mineral fibre once widely used in building materials, classified as a known human carcinogen."
20729,Asbestos,aASR Asbestos Removal,EST,high,"Your answers indicate: “Don't know” for “In the last working week, did you use respiratory protection when removing the asbestos containing materials?”; and “Fire rated board or millboard” for “Which of the following asbestos-containing materials did you remove?”. You may have been exposed to a mineral fibre once widely used in building materials, classified as a known human carcinogen."
20731,Asbestos,aASR Asbestos Removal,EST,high,"Your answers indicate: “Don't know” for “In the last working week, did you use respiratory protection when removing the asbestos containing materials?”; and “Any asbestos-containing material from on board a ship, train or other mobile plant” for “Which of the following asbestos-containing materials did you remove?”. You may have been exposed to a mineral fibre once widely used in building materials, classified as a known human carcinogen."
20732,Asbestos,aASR Asbestos Removal,EST,high,"Your answers indicate: “Don't know” for “In the last working week, did you use respiratory protection when removing the asbestos containing materials?”; and “Asbestos ceiling tiles (accoustic tiles)” for “Which of the following asbestos-containing materials did you remove?”. You may have been exposed to a mineral fibre once widely used in building materials, classified as a known human carcinogen."
20733,Asbestos,aASR Asbestos Removal,EST,high,"Your answers indicate: “Don't know” for “In the last working week, did you use respiratory protection when removing the asbestos containing materials?”; and “Road paving or asphalt containing asbestos” for “Which of the following asbestos-containing materials did you remove?”. You may have been exposed to a mineral fibre once widely used in building materials, classified as a known human carcinogen."
20742,Ethylene oxide,aCON Container handling,EST,high,"Your answers indicate: “No” for “Was the container ventilated before you entered it?”; and “No” for “Did you wear air-supplied respirator or SCBA (self-contained breathing apparatus) to enter the container?”. You may have been exposed to a gas used in sterilisation and some manufacturing, classified as a known human carcinogen."
20743,Ethylene oxide,aCON Container handling,EST,high,"Your answers indicate: “No” for “Was the container ventilated before you entered it?”; and “Don't know” for “Did you wear air-supplied respirator or SCBA (self-contained breathing apparatus) to enter the container?”. You may have been exposed to a gas used in sterilisation and some manufacturing, classified as a known human carcinogen."
20744,Ethylene oxide,aCON Container handling,EST,high,"Your answers indicate: “Don't know” for “Was the container ventilated before you entered it?”; and “No” for “Did you wear air-supplied respirator or SCBA (self-contained breathing apparatus) to enter the container?”. You may have been exposed to a gas used in sterilisation and some manufacturing, classified as a known human carcinogen."
20745,Ethylene oxide,aCON Container handling,EST,high,"Your answers indicate: “Don't know” for “Was the container ventilated before you entered it?”; and “Don't know” for “Did you wear air-supplied respirator or SCBA (self-contained breathing apparatus) to enter the container?”. You may have been exposed to a gas used in sterilisation and some manufacturing, classified as a known human carcinogen."
20746,Formaldehyde,aCON Container handling,EST,high,"Your answers indicate: “No” for “Was the container ventilated before you entered it?”; and “No” for “Did you wear air-supplied respirator or SCBA (self-contained breathing apparatus) to enter the container?”. You may have been exposed to a chemical used in some manufacturing and building materials, classified as a known human carcinogen."
20747,Formaldehyde,aCON Container handling,EST,high,"Your answers indicate: “No” for “Was the container ventilated before you entered it?”; and “Don't know” for “Did you wear air-supplied respirator or SCBA (self-contained breathing apparatus) to enter the container?”. You may have been exposed to a chemical used in some manufacturing and building materials, classified as a known human carcinogen."
20748,Formaldehyde,aCON Container handling,EST,high,"Your answers indicate: “Don't know” for “Was the container ventilated before you entered it?”; and “No” for “Did you wear air-supplied respirator or SCBA (self-contained breathing apparatus) to enter the container?”. You may have been exposed to a chemical used in some manufacturing and building materials, classified as a known human carcinogen."
20749,Formaldehyde,aCON Container handling,EST,high,"Your answers indicate: “Don't know” for “Was the container ventilated before you entered it?”; and “Don't know” for “Did you wear air-supplied respirator or SCBA (self-contained breathing apparatus) to enter the container?”. You may have been exposed to a chemical used in some manufacturing and building materials, classified as a known human carcinogen."
20750,Benzene,aCON Container handling,EST,high,"Your answers indicate: “No” for “Was the container ventilated before you entered it?”; and “No” for “Did you wear air-supplied respirator or SCBA (self-contained breathing apparatus) to enter the container?”. You may have been exposed to a solvent found in fuels and some industrial processes, classified as a known human carcinogen."
20751,Benzene,aCON Container handling,EST,high,"Your answers indicate: “No” for “Was the container ventilated before you entered it?”; and “Don't know” for “Did you wear air-supplied respirator or SCBA (self-contained breathing apparatus) to enter the container?”. You may have been exposed to a solvent found in fuels and some industrial processes, classified as a known human carcinogen."
20752,Benzene,aCON Container handling,EST,high,"Your answers indicate: “Don't know” for “Was the container ventilated before you entered it?”; and “No” for “Did you wear air-supplied respirator or SCBA (self-contained breathing apparatus) to enter the container?”. You may have been exposed to a solvent found in fuels and some industrial processes, classified as a known human carcinogen."
20753,Benzene,aCON Container handling,EST,high,"Your answers indicate: “Don't know” for “Was the container ventilated before you entered it?”; and “Don't know” for “Did you wear air-supplied respirator or SCBA (self-contained breathing apparatus) to enter the container?”. You may have been exposed to a solvent found in fuels and some industrial processes, classified as a known human carcinogen."
20755,Cadmium,"aFUR Furnace cleaning, installation and maintenance",EST,high,"Your answers indicate: “Don't know” for “In the last working week, did you use an ash vacuum cleaner fitted with a HEPA filter to clean out the ash or scale from the furnace?”. You may have been exposed to a metal used in some manufacturing such as batteries or coatings, classified as a known human carcinogen."
20756,Arsenic,"aFUR Furnace cleaning, installation and maintenance",EST,high,"Your answers indicate: “No” for “In the last working week, did you wear respiratory protection when manually cleaning ash or scale from the furnace?”; and “No” for “In the last working week, did you use an ash vacuum cleaner fitted with a HEPA filter to clean out the ash or scale from the furnace?”. You may have been exposed to a metal encountered in some industrial processes, classified as a known human carcinogen."
20757,Arsenic,"aFUR Furnace cleaning, installation and maintenance",EST,high,"Your answers indicate: “No” for “In the last working week, did you wear respiratory protection when manually cleaning ash or scale from the furnace?”; and “Don't know” for “In the last working week, did you use an ash vacuum cleaner fitted with a HEPA filter to clean out the ash or scale from the furnace?”. You may have been exposed to a metal encountered in some industrial processes, classified as a known human carcinogen."
20758,Arsenic,"aFUR Furnace cleaning, installation and maintenance",EST,high,"Your answers indicate: “No” for “In the last working week, did you wear respiratory protection when manually cleaning ash or scale from the furnace?”; and “No” for “In the last working week, were dust suppression precautions taken to minimise dust levels (e.g., by controlled damping of the ash)?”. You may have been exposed to a metal encountered in some industrial processes, classified as a known human carcinogen."
20760,Silica,"aFUR Furnace cleaning, installation and maintenance",EST,high,"Your answers indicate: “No” for “In the last working week, did you wear respiratory protection when manually cleaning ash or scale from the furnace?”; and “No” for “In the last working week, did you use an ash vacuum cleaner fitted with a HEPA filter to clean out the ash or scale from the furnace?”. You may have been exposed to crystalline silica dust from cutting, grinding or drilling into materials like concrete, classified as a known human carcinogen and cause of silicosis."
20762,Silica,"aFUR Furnace cleaning, installation and maintenance",EST,high,"Your answers indicate: “No” for “In the last working week, did you wear respiratory protection when manually cleaning ash or scale from the furnace?”; and “Don't know” for “In the last working week, did you use an ash vacuum cleaner fitted with a HEPA filter to clean out the ash or scale from the furnace?”. You may have been exposed to crystalline silica dust from cutting, grinding or drilling into materials like concrete, classified as a known human carcinogen and cause of silicosis."
20763,Silica,"aFUR Furnace cleaning, installation and maintenance",EST,high,"Your answers indicate: “No” for “In the last working week, did you wear respiratory protection when manually cleaning ash or scale from the furnace?”; and “No” for “In the last working week, were dust suppression precautions taken to minimise dust levels (e.g., by controlled damping of the ash)?”. You may have been exposed to crystalline silica dust from cutting, grinding or drilling into materials like concrete, classified as a known human carcinogen and cause of silicosis."
20764,Silica,"aFUR Furnace cleaning, installation and maintenance",EST,high,"Your answers indicate: “No” for “In the last working week, did you wear respiratory protection when manually cleaning ash or scale from the furnace?”; and “Don't know” for “In the last working week, were dust suppression precautions taken to minimise dust levels (e.g., by controlled damping of the ash)?”. You may have been exposed to crystalline silica dust from cutting, grinding or drilling into materials like concrete, classified as a known human carcinogen and cause of silicosis."
20765,Arsenic,"aFUR Furnace cleaning, installation and maintenance",EST,high,"Your answers indicate: “No” for “In the last working week, did you wear respiratory protection when manually cleaning ash or scale from the furnace?”; and “Don't know” for “In the last working week, were dust suppression precautions taken to minimise dust levels (e.g., by controlled damping of the ash)?”. You may have been exposed to a metal encountered in some industrial processes, classified as a known human carcinogen."
20766,Arsenic,"aFUR Furnace cleaning, installation and maintenance",EST,high,"Your answers indicate: “Don't know” for “In the last working week, did you wear respiratory protection when manually cleaning ash or scale from the furnace?”; and “Don't know” for “In the last working week, were dust suppression precautions taken to minimise dust levels (e.g., by controlled damping of the ash)?”. You may have been exposed to a metal encountered in some industrial processes, classified as a known human carcinogen."
20767,Arsenic,"aFUR Furnace cleaning, installation and maintenance",EST,high,"Your answers indicate: “Don't know” for “In the last working week, did you wear respiratory protection when manually cleaning ash or scale from the furnace?”; and “No” for “In the last working week, were dust suppression precautions taken to minimise dust levels (e.g., by controlled damping of the ash)?”. You may have been exposed to a metal encountered in some industrial processes, classified as a known human carcinogen."
20768,Arsenic,"aFUR Furnace cleaning, installation and maintenance",EST,high,"Your answers indicate: “Don't know” for “In the last working week, did you wear respiratory protection when manually cleaning ash or scale from the furnace?”; and “Don't know” for “In the last working week, did you use an ash vacuum cleaner fitted with a HEPA filter to clean out the ash or scale from the furnace?”. You may have been exposed to a metal encountered in some industrial processes, classified as a known human carcinogen."
20769,Arsenic,"aFUR Furnace cleaning, installation and maintenance",EST,high,"Your answers indicate: “Don't know” for “In the last working week, did you wear respiratory protection when manually cleaning ash or scale from the furnace?”; and “No” for “In the last working week, did you use an ash vacuum cleaner fitted with a HEPA filter to clean out the ash or scale from the furnace?”. You may have been exposed to a metal encountered in some industrial processes, classified as a known human carcinogen."
20770,Silica,"aFUR Furnace cleaning, installation and maintenance",EST,high,"Your answers indicate: “Don't know” for “In the last working week, did you wear respiratory protection when manually cleaning ash or scale from the furnace?”; and “Don't know” for “In the last working week, were dust suppression precautions taken to minimise dust levels (e.g., by controlled damping of the ash)?”. You may have been exposed to crystalline silica dust from cutting, grinding or drilling into materials like concrete, classified as a known human carcinogen and cause of silicosis."
20771,Silica,"aFUR Furnace cleaning, installation and maintenance",EST,high,"Your answers indicate: “Don't know” for “In the last working week, did you wear respiratory protection when manually cleaning ash or scale from the furnace?”; and “No” for “In the last working week, were dust suppression precautions taken to minimise dust levels (e.g., by controlled damping of the ash)?”. You may have been exposed to crystalline silica dust from cutting, grinding or drilling into materials like concrete, classified as a known human carcinogen and cause of silicosis."
20772,Silica,"aFUR Furnace cleaning, installation and maintenance",EST,high,"Your answers indicate: “Don't know” for “In the last working week, did you wear respiratory protection when manually cleaning ash or scale from the furnace?”; and “Don't know” for “In the last working week, did you use an ash vacuum cleaner fitted with a HEPA filter to clean out the ash or scale from the furnace?”. You may have been exposed to crystalline silica dust from cutting, grinding or drilling into materials like concrete, classified as a known human carcinogen and cause of silicosis."
20773,Silica,"aFUR Furnace cleaning, installation and maintenance",EST,high,"Your answers indicate: “Don't know” for “In the last working week, did you wear respiratory protection when manually cleaning ash or scale from the furnace?”; and “No” for “In the last working week, did you use an ash vacuum cleaner fitted with a HEPA filter to clean out the ash or scale from the furnace?”. You may have been exposed to crystalline silica dust from cutting, grinding or drilling into materials like concrete, classified as a known human carcinogen and cause of silicosis."
20775,Silica,aCTS Cutting Stone etc,EST,high,"Your answers indicate: “Concrete, natural stone, or bricks” for “Which of the following materials did you work with?”; and “No” for “In the last working week, did you use on-tool extraction or dust collection when you worked with these materials?”; and “No” for “In the last working week, did you use a filtering or air-supplied respirator when you worked with these materials (including if you were working in the open air)?”. You may have been exposed to crystalline silica dust from cutting, grinding or drilling into materials like concrete, classified as a known human carcinogen and cause of silicosis."
20776,Silica,aCTS Cutting Stone etc,EST,high,"Your answers indicate: “Concrete, natural stone, or bricks” for “Which of the following materials did you work with?”; and “Don't know” for “In the last working week, did you use on-tool extraction or dust collection when you worked with these materials?”; and “No” for “In the last working week, did you use a filtering or air-supplied respirator when you worked with these materials (including if you were working in the open air)?”. You may have been exposed to crystalline silica dust from cutting, grinding or drilling into materials like concrete, classified as a known human carcinogen and cause of silicosis."
20777,Silica,aCTS Cutting Stone etc,EST,high,"Your answers indicate: “Concrete, natural stone, or bricks” for “Which of the following materials did you work with?”; and “No” for “In the last working week, did you use on-tool extraction or dust collection when you worked with these materials?”; and “Don't know” for “In the last working week, did you use a filtering or air-supplied respirator when you worked with these materials (including if you were working in the open air)?”. You may have been exposed to crystalline silica dust from cutting, grinding or drilling into materials like concrete, classified as a known human carcinogen and cause of silicosis."
20778,Silica,aCTS Cutting Stone etc,EST,high,"Your answers indicate: “Concrete, natural stone, or bricks” for “Which of the following materials did you work with?”; and “Don't know” for “In the last working week, did you use on-tool extraction or dust collection when you worked with these materials?”; and “Don't know” for “In the last working week, did you use a filtering or air-supplied respirator when you worked with these materials (including if you were working in the open air)?”. You may have been exposed to crystalline silica dust from cutting, grinding or drilling into materials like concrete, classified as a known human carcinogen and cause of silicosis."
20779,Silica,aCTS Cutting Stone etc,EST,high,"Your answers indicate: “Ceramic tiles” for “Which of the following materials did you work with?”; and “No” for “In the last working week, did you use on-tool extraction or dust collection when you worked with these materials?”; and “No” for “In the last working week, did you use a filtering or air-supplied respirator when you worked with these materials (including if you were working in the open air)?”. You may have been exposed to crystalline silica dust from cutting, grinding or drilling into materials like concrete, classified as a known human carcinogen and cause of silicosis."
20780,Silica,aCTS Cutting Stone etc,EST,high,"Your answers indicate: “Ceramic tiles” for “Which of the following materials did you work with?”; and “Don't know” for “In the last working week, did you use on-tool extraction or dust collection when you worked with these materials?”; and “No” for “In the last working week, did you use a filtering or air-supplied respirator when you worked with these materials (including if you were working in the open air)?”. You may have been exposed to crystalline silica dust from cutting, grinding or drilling into materials like concrete, classified as a known human carcinogen and cause of silicosis."
20781,Silica,aCTS Cutting Stone etc,EST,high,"Your answers indicate: “Ceramic tiles” for “Which of the following materials did you work with?”; and “No” for “In the last working week, did you use on-tool extraction or dust collection when you worked with these materials?”; and “Don't know” for “In the last working week, did you use a filtering or air-supplied respirator when you worked with these materials (including if you were working in the open air)?”. You may have been exposed to crystalline silica dust from cutting, grinding or drilling into materials like concrete, classified as a known human carcinogen and cause of silicosis."
20782,Silica,aCTS Cutting Stone etc,EST,high,"Your answers indicate: “Ceramic tiles” for “Which of the following materials did you work with?”; and “Don't know” for “In the last working week, did you use on-tool extraction or dust collection when you worked with these materials?”; and “Don't know” for “In the last working week, did you use a filtering or air-supplied respirator when you worked with these materials (including if you were working in the open air)?”. You may have been exposed to crystalline silica dust from cutting, grinding or drilling into materials like concrete, classified as a known human carcinogen and cause of silicosis."
20787,Chromium VI,aMAC Machining Parts aJSM,EST,high,"Your answers indicate: “Hard metal alloys (e.g., Tungsten carbide, Stellite)” for “What were the types of metals you machined?”; and “No” for “Was the machine you operated completely enclosed?”; and “No” for “Was there a ventilation system operating on the machines you used to machine metal parts (local exhaust ventilation or on-tool extraction)?”. You may have been exposed to a form of chromium used in some manufacturing such as plating or welding, classified as a known human carcinogen."
20788,Chromium VI,aMAC Machining Parts aJSM,EST,high,"Your answers indicate: “Hard metal alloys (e.g., Tungsten carbide, Stellite)” for “What were the types of metals you machined?”; and “No” for “Was the machine you operated completely enclosed?”; and “Don't know” for “Was there a ventilation system operating on the machines you used to machine metal parts (local exhaust ventilation or on-tool extraction)?”. You may have been exposed to a form of chromium used in some manufacturing such as plating or welding, classified as a known human carcinogen."
20789,Chromium VI,aMAC Machining Parts aJSM,EST,high,"Your answers indicate: “Hard metal alloys (e.g., Tungsten carbide, Stellite)” for “What were the types of metals you machined?”; and “Don't know” for “Was the machine you operated completely enclosed?”; and “No” for “Was there a ventilation system operating on the machines you used to machine metal parts (local exhaust ventilation or on-tool extraction)?”. You may have been exposed to a form of chromium used in some manufacturing such as plating or welding, classified as a known human carcinogen."
20790,Chromium VI,aMAC Machining Parts aJSM,EST,high,"Your answers indicate: “Hard metal alloys (e.g., Tungsten carbide, Stellite)” for “What were the types of metals you machined?”; and “Don't know” for “Was the machine you operated completely enclosed?”; and “Don't know” for “Was there a ventilation system operating on the machines you used to machine metal parts (local exhaust ventilation or on-tool extraction)?”. You may have been exposed to a form of chromium used in some manufacturing such as plating or welding, classified as a known human carcinogen."
20793,Chromium VI,aMAC Machining Parts aJSM,EST,high,"Your answers indicate: “Stainless steel” for “In the last working week, did you machine any of the following types of iron or steel?”; and “No” for “Was the machine you operated completely enclosed?”; and “No” for “Was there a ventilation system operating on the machines you used to machine metal parts (local exhaust ventilation or on-tool extraction)?”. You may have been exposed to a form of chromium used in some manufacturing such as plating or welding, classified as a known human carcinogen."
20794,Chromium VI,aMAC Machining Parts aJSM,EST,high,"Your answers indicate: “Stainless steel” for “In the last working week, did you machine any of the following types of iron or steel?”; and “No” for “Was the machine you operated completely enclosed?”; and “Don't know” for “Was there a ventilation system operating on the machines you used to machine metal parts (local exhaust ventilation or on-tool extraction)?”. You may have been exposed to a form of chromium used in some manufacturing such as plating or welding, classified as a known human carcinogen."
20795,Chromium VI,aMAC Machining Parts aJSM,EST,high,"Your answers indicate: “Stainless steel” for “In the last working week, did you machine any of the following types of iron or steel?”; and “Don't know” for “Was the machine you operated completely enclosed?”; and “No” for “Was there a ventilation system operating on the machines you used to machine metal parts (local exhaust ventilation or on-tool extraction)?”. You may have been exposed to a form of chromium used in some manufacturing such as plating or welding, classified as a known human carcinogen."
20796,Chromium VI,aMAC Machining Parts aJSM,EST,high,"Your answers indicate: “Stainless steel” for “In the last working week, did you machine any of the following types of iron or steel?”; and “Don't know” for “Was the machine you operated completely enclosed?”; and “Don't know” for “Was there a ventilation system operating on the machines you used to machine metal parts (local exhaust ventilation or on-tool extraction)?”. You may have been exposed to a form of chromium used in some manufacturing such as plating or welding, classified as a known human carcinogen."
20797,Chromium VI,aMAC Machining Parts aJSM,EST,high,"Your answers indicate: “Chromium-plated steel” for “In the last working week, did you machine any of the following types of iron or steel?”; and “No” for “Was the machine you operated completely enclosed?”; and “No” for “Was there a ventilation system operating on the machines you used to machine metal parts (local exhaust ventilation or on-tool extraction)?”. You may have been exposed to a form of chromium used in some manufacturing such as plating or welding, classified as a known human carcinogen."
20798,Chromium VI,aMAC Machining Parts aJSM,EST,high,"Your answers indicate: “Chromium-plated steel” for “In the last working week, did you machine any of the following types of iron or steel?”; and “No” for “Was the machine you operated completely enclosed?”; and “Don't know” for “Was there a ventilation system operating on the machines you used to machine metal parts (local exhaust ventilation or on-tool extraction)?”. You may have been exposed to a form of chromium used in some manufacturing such as plating or welding, classified as a known human carcinogen."
20799,Chromium VI,aMAC Machining Parts aJSM,EST,high,"Your answers indicate: “Chromium-plated steel” for “In the last working week, did you machine any of the following types of iron or steel?”; and “Don't know” for “Was the machine you operated completely enclosed?”; and “No” for “Was there a ventilation system operating on the machines you used to machine metal parts (local exhaust ventilation or on-tool extraction)?”. You may have been exposed to a form of chromium used in some manufacturing such as plating or welding, classified as a known human carcinogen."
20800,Chromium VI,aMAC Machining Parts aJSM,EST,high,"Your answers indicate: “Chromium-plated steel” for “In the last working week, did you machine any of the following types of iron or steel?”; and “Don't know” for “Was the machine you operated completely enclosed?”; and “Don't know” for “Was there a ventilation system operating on the machines you used to machine metal parts (local exhaust ventilation or on-tool extraction)?”. You may have been exposed to a form of chromium used in some manufacturing such as plating or welding, classified as a known human carcinogen."
20803,Chromium VI,aMAC Machining Parts aJSM,EST,high,"Your answers indicate: “Mild, ordinary, or construction steel” for “In the last working week, did you machine any of the following types of iron or steel?”; and “No” for “Was the machine you operated completely enclosed?”; and “No” for “Was there a ventilation system operating on the machines you used to machine metal parts (local exhaust ventilation or on-tool extraction)?”. You may have been exposed to a form of chromium used in some manufacturing such as plating or welding, classified as a known human carcinogen."
20804,Chromium VI,aMAC Machining Parts aJSM,EST,high,"Your answers indicate: “Mild, ordinary, or construction steel” for “In the last working week, did you machine any of the following types of iron or steel?”; and “No” for “Was the machine you operated completely enclosed?”; and “Don't know” for “Was there a ventilation system operating on the machines you used to machine metal parts (local exhaust ventilation or on-tool extraction)?”. You may have been exposed to a form of chromium used in some manufacturing such as plating or welding, classified as a known human carcinogen."
20805,Chromium VI,aMAC Machining Parts aJSM,EST,high,"Your answers indicate: “Mild, ordinary, or construction steel” for “In the last working week, did you machine any of the following types of iron or steel?”; and “Don't know” for “Was the machine you operated completely enclosed?”; and “No” for “Was there a ventilation system operating on the machines you used to machine metal parts (local exhaust ventilation or on-tool extraction)?”. You may have been exposed to a form of chromium used in some manufacturing such as plating or welding, classified as a known human carcinogen."
20806,Chromium VI,aMAC Machining Parts aJSM,EST,high,"Your answers indicate: “Mild, ordinary, or construction steel” for “In the last working week, did you machine any of the following types of iron or steel?”; and “Don't know” for “Was the machine you operated completely enclosed?”; and “Don't know” for “Was there a ventilation system operating on the machines you used to machine metal parts (local exhaust ventilation or on-tool extraction)?”. You may have been exposed to a form of chromium used in some manufacturing such as plating or welding, classified as a known human carcinogen."
20809,Lead,aMAC Machining Parts aJSM,EST,high,"Your answers indicate: “Brass or bronze” for “What were the types of metals you machined?”; and “Don't know” for “Was the machine you operated completely enclosed?”; and “Don't know” for “Was there a ventilation system operating on the machines you used to machine metal parts (local exhaust ventilation or on-tool extraction)?”. You may have been exposed to a metal used in some manufacturing, a recognised cause of serious effects on the nervous system, kidneys and reproductive health."
20810,Lead,aMAC Machining Parts aJSM,EST,high,"Your answers indicate: “Brass or bronze” for “What were the types of metals you machined?”; and “Don't know” for “Was the machine you operated completely enclosed?”; and “No” for “Was there a ventilation system operating on the machines you used to machine metal parts (local exhaust ventilation or on-tool extraction)?”. You may have been exposed to a metal used in some manufacturing, a recognised cause of serious effects on the nervous system, kidneys and reproductive health."
20811,Lead,aMAC Machining Parts aJSM,EST,high,"Your answers indicate: “Brass or bronze” for “What were the types of metals you machined?”; and “No” for “Was the machine you operated completely enclosed?”; and “Don't know” for “Was there a ventilation system operating on the machines you used to machine metal parts (local exhaust ventilation or on-tool extraction)?”. You may have been exposed to a metal used in some manufacturing, a recognised cause of serious effects on the nervous system, kidneys and reproductive health."
20812,Lead,aMAC Machining Parts aJSM,EST,high,"Your answers indicate: “Brass or bronze” for “What were the types of metals you machined?”; and “No” for “Was the machine you operated completely enclosed?”; and “No” for “Was there a ventilation system operating on the machines you used to machine metal parts (local exhaust ventilation or on-tool extraction)?”. You may have been exposed to a metal used in some manufacturing, a recognised cause of serious effects on the nervous system, kidneys and reproductive health."
20817,Lead,aMAC Machining Parts aJSM,EST,high,"Your answers indicate: “Lead-plated or leaded steel” for “In the last working week, did you machine any of the following types of iron or steel?”; and “No” for “Was the machine you operated completely enclosed?”; and “No” for “Was there a ventilation system operating on the machines you used to machine metal parts (local exhaust ventilation or on-tool extraction)?”. You may have been exposed to a metal used in some manufacturing, a recognised cause of serious effects on the nervous system, kidneys and reproductive health."
20818,Lead,aMAC Machining Parts aJSM,EST,high,"Your answers indicate: “Lead-plated or leaded steel” for “In the last working week, did you machine any of the following types of iron or steel?”; and “No” for “Was the machine you operated completely enclosed?”; and “Don't know” for “Was there a ventilation system operating on the machines you used to machine metal parts (local exhaust ventilation or on-tool extraction)?”. You may have been exposed to a metal used in some manufacturing, a recognised cause of serious effects on the nervous system, kidneys and reproductive health."
20819,Lead,aMAC Machining Parts aJSM,EST,high,"Your answers indicate: “Lead-plated or leaded steel” for “In the last working week, did you machine any of the following types of iron or steel?”; and “Don't know” for “Was the machine you operated completely enclosed?”; and “No” for “Was there a ventilation system operating on the machines you used to machine metal parts (local exhaust ventilation or on-tool extraction)?”. You may have been exposed to a metal used in some manufacturing, a recognised cause of serious effects on the nervous system, kidneys and reproductive health."
20820,Lead,aMAC Machining Parts aJSM,EST,high,"Your answers indicate: “Lead-plated or leaded steel” for “In the last working week, did you machine any of the following types of iron or steel?”; and “Don't know” for “Was the machine you operated completely enclosed?”; and “Don't know” for “Was there a ventilation system operating on the machines you used to machine metal parts (local exhaust ventilation or on-tool extraction)?”. You may have been exposed to a metal used in some manufacturing, a recognised cause of serious effects on the nervous system, kidneys and reproductive health."
20823,Lead,aMAC Machining Parts aJSM,EST,high,"Your answers indicate: “Lead or Lead alloys” for “What were the types of metals you machined?”; and “No” for “Was the machine you operated completely enclosed?”; and “No” for “Was there a ventilation system operating on the machines you used to machine metal parts (local exhaust ventilation or on-tool extraction)?”. You may have been exposed to a metal used in some manufacturing, a recognised cause of serious effects on the nervous system, kidneys and reproductive health."
20824,Lead,aMAC Machining Parts aJSM,EST,high,"Your answers indicate: “Lead or Lead alloys” for “What were the types of metals you machined?”; and “No” for “Was the machine you operated completely enclosed?”; and “Don't know” for “Was there a ventilation system operating on the machines you used to machine metal parts (local exhaust ventilation or on-tool extraction)?”. You may have been exposed to a metal used in some manufacturing, a recognised cause of serious effects on the nervous system, kidneys and reproductive health."
20825,Lead,aMAC Machining Parts aJSM,EST,high,"Your answers indicate: “Lead or Lead alloys” for “What were the types of metals you machined?”; and “Don't know” for “Was the machine you operated completely enclosed?”; and “No” for “Was there a ventilation system operating on the machines you used to machine metal parts (local exhaust ventilation or on-tool extraction)?”. You may have been exposed to a metal used in some manufacturing, a recognised cause of serious effects on the nervous system, kidneys and reproductive health."
20826,Lead,aMAC Machining Parts aJSM,EST,high,"Your answers indicate: “Lead or Lead alloys” for “What were the types of metals you machined?”; and “Don't know” for “Was the machine you operated completely enclosed?”; and “Don't know” for “Was there a ventilation system operating on the machines you used to machine metal parts (local exhaust ventilation or on-tool extraction)?”. You may have been exposed to a metal used in some manufacturing, a recognised cause of serious effects on the nervous system, kidneys and reproductive health."
20829,Cadmium,aMAC Machining Parts aJSM,EST,high,"Your answers indicate: “Cadmium-plated steel” for “In the last working week, did you machine any of the following types of iron or steel?”; and “No” for “Was the machine you operated completely enclosed?”; and “No” for “Was there a ventilation system operating on the machines you used to machine metal parts (local exhaust ventilation or on-tool extraction)?”. You may have been exposed to a metal used in some manufacturing such as batteries or coatings, classified as a known human carcinogen."
20830,Cadmium,aMAC Machining Parts aJSM,EST,high,"Your answers indicate: “Cadmium-plated steel” for “In the last working week, did you machine any of the following types of iron or steel?”; and “No” for “Was the machine you operated completely enclosed?”; and “Don't know” for “Was there a ventilation system operating on the machines you used to machine metal parts (local exhaust ventilation or on-tool extraction)?”. You may have been exposed to a metal used in some manufacturing such as batteries or coatings, classified as a known human carcinogen."
20831,Cadmium,aMAC Machining Parts aJSM,EST,high,"Your answers indicate: “Cadmium-plated steel” for “In the last working week, did you machine any of the following types of iron or steel?”; and “Don't know” for “Was the machine you operated completely enclosed?”; and “No” for “Was there a ventilation system operating on the machines you used to machine metal parts (local exhaust ventilation or on-tool extraction)?”. You may have been exposed to a metal used in some manufacturing such as batteries or coatings, classified as a known human carcinogen."
20832,Cadmium,aMAC Machining Parts aJSM,EST,high,"Your answers indicate: “Cadmium-plated steel” for “In the last working week, did you machine any of the following types of iron or steel?”; and “Don't know” for “Was the machine you operated completely enclosed?”; and “Don't know” for “Was there a ventilation system operating on the machines you used to machine metal parts (local exhaust ventilation or on-tool extraction)?”. You may have been exposed to a metal used in some manufacturing such as batteries or coatings, classified as a known human carcinogen."
20835,Cadmium,aMAC Machining Parts aJSM,EST,high,"Your answers indicate: “Hard metal alloys (e.g., Tungsten carbide, Stellite)” for “What were the types of metals you machined?”; and “No” for “Was the machine you operated completely enclosed?”; and “No” for “Was there a ventilation system operating on the machines you used to machine metal parts (local exhaust ventilation or on-tool extraction)?”. You may have been exposed to a metal used in some manufacturing such as batteries or coatings, classified as a known human carcinogen."
20836,Cadmium,aMAC Machining Parts aJSM,EST,high,"Your answers indicate: “Hard metal alloys (e.g., Tungsten carbide, Stellite)” for “What were the types of metals you machined?”; and “No” for “Was the machine you operated completely enclosed?”; and “Don't know” for “Was there a ventilation system operating on the machines you used to machine metal parts (local exhaust ventilation or on-tool extraction)?”. You may have been exposed to a metal used in some manufacturing such as batteries or coatings, classified as a known human carcinogen."
20837,Cadmium,aMAC Machining Parts aJSM,EST,high,"Your answers indicate: “Hard metal alloys (e.g., Tungsten carbide, Stellite)” for “What were the types of metals you machined?”; and “Don't know” for “Was the machine you operated completely enclosed?”; and “No” for “Was there a ventilation system operating on the machines you used to machine metal parts (local exhaust ventilation or on-tool extraction)?”. You may have been exposed to a metal used in some manufacturing such as batteries or coatings, classified as a known human carcinogen."
20838,Cadmium,aMAC Machining Parts aJSM,EST,high,"Your answers indicate: “Hard metal alloys (e.g., Tungsten carbide, Stellite)” for “What were the types of metals you machined?”; and “Don't know” for “Was the machine you operated completely enclosed?”; and “Don't know” for “Was there a ventilation system operating on the machines you used to machine metal parts (local exhaust ventilation or on-tool extraction)?”. You may have been exposed to a metal used in some manufacturing such as batteries or coatings, classified as a known human carcinogen."
20841,Cobalt,aMAC Machining Parts aJSM,EST,medium,"Your answers indicate: “Cobalt or Cobalt alloys” for “What were the types of metals you machined?”; and “No” for “Was the machine you operated completely enclosed?”; and “No” for “Was there a ventilation system operating on the machines you used to machine metal parts (local exhaust ventilation or on-tool extraction)?”. You may have been exposed to a metal used in some manufacturing such as hard-metal tooling or batteries, linked to lung disease and classified as a possible human carcinogen."
20842,Cobalt,aMAC Machining Parts aJSM,EST,medium,"Your answers indicate: “Cobalt or Cobalt alloys” for “What were the types of metals you machined?”; and “No” for “Was the machine you operated completely enclosed?”; and “Don't know” for “Was there a ventilation system operating on the machines you used to machine metal parts (local exhaust ventilation or on-tool extraction)?”. You may have been exposed to a metal used in some manufacturing such as hard-metal tooling or batteries, linked to lung disease and classified as a possible human carcinogen."
20843,Cobalt,aMAC Machining Parts aJSM,EST,medium,"Your answers indicate: “Cobalt or Cobalt alloys” for “What were the types of metals you machined?”; and “Don't know” for “Was the machine you operated completely enclosed?”; and “No” for “Was there a ventilation system operating on the machines you used to machine metal parts (local exhaust ventilation or on-tool extraction)?”. You may have been exposed to a metal used in some manufacturing such as hard-metal tooling or batteries, linked to lung disease and classified as a possible human carcinogen."
20844,Cobalt,aMAC Machining Parts aJSM,EST,medium,"Your answers indicate: “Cobalt or Cobalt alloys” for “What were the types of metals you machined?”; and “Don't know” for “Was the machine you operated completely enclosed?”; and “Don't know” for “Was there a ventilation system operating on the machines you used to machine metal parts (local exhaust ventilation or on-tool extraction)?”. You may have been exposed to a metal used in some manufacturing such as hard-metal tooling or batteries, linked to lung disease and classified as a possible human carcinogen."
20847,Cobalt,aMAC Machining Parts aJSM,EST,medium,"Your answers indicate: “Hard metal alloys (e.g., Tungsten carbide, Stellite)” for “What were the types of metals you machined?”; and “No” for “Was the machine you operated completely enclosed?”; and “No” for “Was there a ventilation system operating on the machines you used to machine metal parts (local exhaust ventilation or on-tool extraction)?”. You may have been exposed to a metal used in some manufacturing such as hard-metal tooling or batteries, linked to lung disease and classified as a possible human carcinogen."
20848,Cobalt,aMAC Machining Parts aJSM,EST,medium,"Your answers indicate: “Hard metal alloys (e.g., Tungsten carbide, Stellite)” for “What were the types of metals you machined?”; and “No” for “Was the machine you operated completely enclosed?”; and “Don't know” for “Was there a ventilation system operating on the machines you used to machine metal parts (local exhaust ventilation or on-tool extraction)?”. You may have been exposed to a metal used in some manufacturing such as hard-metal tooling or batteries, linked to lung disease and classified as a possible human carcinogen."
20849,Cobalt,aMAC Machining Parts aJSM,EST,medium,"Your answers indicate: “Hard metal alloys (e.g., Tungsten carbide, Stellite)” for “What were the types of metals you machined?”; and “Don't know” for “Was the machine you operated completely enclosed?”; and “No” for “Was there a ventilation system operating on the machines you used to machine metal parts (local exhaust ventilation or on-tool extraction)?”. You may have been exposed to a metal used in some manufacturing such as hard-metal tooling or batteries, linked to lung disease and classified as a possible human carcinogen."
20850,Cobalt,aMAC Machining Parts aJSM,EST,medium,"Your answers indicate: “Hard metal alloys (e.g., Tungsten carbide, Stellite)” for “What were the types of metals you machined?”; and “Don't know” for “Was the machine you operated completely enclosed?”; and “Don't know” for “Was there a ventilation system operating on the machines you used to machine metal parts (local exhaust ventilation or on-tool extraction)?”. You may have been exposed to a metal used in some manufacturing such as hard-metal tooling or batteries, linked to lung disease and classified as a possible human carcinogen."
20851,Nickel,aMAC Machining Parts aJSM,EST,high,"Your answers indicate: “Stainless steel” for “In the last working week, did you machine any of the following types of iron or steel?”; and “No” for “Was the machine you operated completely enclosed?”; and “No” for “Was there a ventilation system operating on the machines you used to machine metal parts (local exhaust ventilation or on-tool extraction)?”. You may have been exposed to a metal used in some manufacturing such as plating or welding, with some compounds classified as known human carcinogens."
20852,Nickel,aMAC Machining Parts aJSM,EST,high,"Your answers indicate: “Stainless steel” for “In the last working week, did you machine any of the following types of iron or steel?”; and “No” for “Was the machine you operated completely enclosed?”; and “Don't know” for “Was there a ventilation system operating on the machines you used to machine metal parts (local exhaust ventilation or on-tool extraction)?”. You may have been exposed to a metal used in some manufacturing such as plating or welding, with some compounds classified as known human carcinogens."
20853,Nickel,aMAC Machining Parts aJSM,EST,high,"Your answers indicate: “Stainless steel” for “In the last working week, did you machine any of the following types of iron or steel?”; and “Don't know” for “Was the machine you operated completely enclosed?”; and “No” for “Was there a ventilation system operating on the machines you used to machine metal parts (local exhaust ventilation or on-tool extraction)?”. You may have been exposed to a metal used in some manufacturing such as plating or welding, with some compounds classified as known human carcinogens."
20854,Nickel,aMAC Machining Parts aJSM,EST,high,"Your answers indicate: “Stainless steel” for “In the last working week, did you machine any of the following types of iron or steel?”; and “Don't know” for “Was the machine you operated completely enclosed?”; and “Don't know” for “Was there a ventilation system operating on the machines you used to machine metal parts (local exhaust ventilation or on-tool extraction)?”. You may have been exposed to a metal used in some manufacturing such as plating or welding, with some compounds classified as known human carcinogens."
20857,Nickel,aMAC Machining Parts aJSM,EST,high,"Your answers indicate: “Nickel or Nickel alloys” for “What were the types of metals you machined?”; and “No” for “Was the machine you operated completely enclosed?”; and “No” for “Was there a ventilation system operating on the machines you used to machine metal parts (local exhaust ventilation or on-tool extraction)?”. You may have been exposed to a metal used in some manufacturing such as plating or welding, with some compounds classified as known human carcinogens."
20858,Nickel,aMAC Machining Parts aJSM,EST,high,"Your answers indicate: “Nickel or Nickel alloys” for “What were the types of metals you machined?”; and “No” for “Was the machine you operated completely enclosed?”; and “Don't know” for “Was there a ventilation system operating on the machines you used to machine metal parts (local exhaust ventilation or on-tool extraction)?”. You may have been exposed to a metal used in some manufacturing such as plating or welding, with some compounds classified as known human carcinogens."
20859,Nickel,aMAC Machining Parts aJSM,EST,high,"Your answers indicate: “Nickel or Nickel alloys” for “What were the types of metals you machined?”; and “Don't know” for “Was the machine you operated completely enclosed?”; and “No” for “Was there a ventilation system operating on the machines you used to machine metal parts (local exhaust ventilation or on-tool extraction)?”. You may have been exposed to a metal used in some manufacturing such as plating or welding, with some compounds classified as known human carcinogens."
20860,Nickel,aMAC Machining Parts aJSM,EST,high,"Your answers indicate: “Nickel or Nickel alloys” for “What were the types of metals you machined?”; and “Don't know” for “Was the machine you operated completely enclosed?”; and “Don't know” for “Was there a ventilation system operating on the machines you used to machine metal parts (local exhaust ventilation or on-tool extraction)?”. You may have been exposed to a metal used in some manufacturing such as plating or welding, with some compounds classified as known human carcinogens."
20869,Formaldehyde,aSAN Sanding aJSM,EST,high,"Your answers indicate: “Chipboard, MDF, plywood, or pressed wood” for “In the last working week, did you sand any of the following items?”; and “A power sander or polisher” for “In the last working week, which of the following did you use to sand or polish the items?”; and “Don't know” for “In the last working week, did you use respiratory protection while sanding or polishing items?”. You may have been exposed to a chemical used in some manufacturing and building materials, classified as a known human carcinogen."
20871,Formaldehyde,aSAN Sanding aJSM,EST,high,"Your answers indicate: “Chipboard, MDF, plywood, or pressed wood” for “In the last working week, did you sand any of the following items?”; and “A power sander or polisher” for “In the last working week, which of the following did you use to sand or polish the items?”; and “No” for “In the last working week, did you use respiratory protection while sanding or polishing items?”. You may have been exposed to a chemical used in some manufacturing and building materials, classified as a known human carcinogen."
20872,Nickel,aSAN Sanding aJSM,EST,high,"Your answers indicate: “Metal or metal objects” for “In the last working week, did you sand any of the following items?”; and “A power sander or polisher” for “In the last working week, which of the following did you use to sand or polish the items?”; and “No” for “In the last working week, did you use respiratory protection while sanding or polishing items?”. You may have been exposed to a metal used in some manufacturing such as plating or welding, with some compounds classified as known human carcinogens."
20873,Nickel,aSAN Sanding aJSM,EST,high,"Your answers indicate: “Metal or metal objects” for “In the last working week, did you sand any of the following items?”; and “A power sander or polisher” for “In the last working week, which of the following did you use to sand or polish the items?”; and “Don't know” for “In the last working week, did you use respiratory protection while sanding or polishing items?”. You may have been exposed to a metal used in some manufacturing such as plating or welding, with some compounds classified as known human carcinogens."
27051,Ionizing radiation,AIRT_Air Transport Workers,EST,high,"Your answers indicate: “No” for “In the last working week, did you use personal radio-protective garments (such as lead aprons, gloves, thyroid guard) when using X-rays or gamma irradiation?”; and “No” for “Were you protected by a lead partition/wall?”. You may have been exposed to radiation from sources such as X-rays or radioactive materials, classified as a known human carcinogen."
27052,Ionizing radiation,AIRT_Air Transport Workers,EST,high,"Your answers indicate: “No” for “In the last working week, did you use personal radio-protective garments (such as lead aprons, gloves, thyroid guard) when using X-rays or gamma irradiation?”; and “Don't know” for “Were you protected by a lead partition/wall?”. You may have been exposed to radiation from sources such as X-rays or radioactive materials, classified as a known human carcinogen."
27054,Ionizing radiation,AIRT_Air Transport Workers,EST,high,"Your answers indicate: “Don't know” for “In the last working week, did you use personal radio-protective garments (such as lead aprons, gloves, thyroid guard) when using X-rays or gamma irradiation?”; and “No” for “Were you protected by a lead partition/wall?”. You may have been exposed to radiation from sources such as X-rays or radioactive materials, classified as a known human carcinogen."
27055,Ionizing radiation,AIRT_Air Transport Workers,EST,high,"Your answers indicate: “Don't know” for “In the last working week, did you use personal radio-protective garments (such as lead aprons, gloves, thyroid guard) when using X-rays or gamma irradiation?”; and “Don't know” for “Were you protected by a lead partition/wall?”. You may have been exposed to radiation from sources such as X-rays or radioactive materials, classified as a known human carcinogen."
27061,Chromium VI,ARTF_Artist/Film Processing,EST,high,"Your answers indicate: “No” for “In the last working week, did you use respiratory protection while you processed your own films?”; and “Potassium chlorochromate or potassium dichromate (potassium bichromate) as an intensifier” for “In the last working week, did you come in contact with any of the following film processing chemicals?”; and “Don't know” for “How was the area where you processed your own films ventilated?”. You may have been exposed to a form of chromium used in some manufacturing such as plating or welding, classified as a known human carcinogen."
27062,Chromium VI,ARTF_Artist/Film Processing,EST,high,"Your answers indicate: “No” for “In the last working week, did you use respiratory protection while you processed your own films?”; and “Potassium chlorochromate or potassium dichromate (potassium bichromate) as an intensifier” for “In the last working week, did you come in contact with any of the following film processing chemicals?”; and “No ventilation was applied to the area” for “How was the area where you processed your own films ventilated?”. You may have been exposed to a form of chromium used in some manufacturing such as plating or welding, classified as a known human carcinogen."
27065,Formaldehyde,ARTF_Artist/Film Processing,EST,high,"Your answers indicate: “No” for “In the last working week, did you use respiratory protection while you processed your own films?”; and “Formaldehyde/formalin” for “In the last working week, did you come in contact with any of the following film processing chemicals?”; and “No ventilation was applied to the area” for “How was the area where you processed your own films ventilated?”. You may have been exposed to a chemical used in some manufacturing and building materials, classified as a known human carcinogen."
27066,Formaldehyde,ARTF_Artist/Film Processing,EST,high,"Your answers indicate: “No” for “In the last working week, did you use respiratory protection while you processed your own films?”; and “Formaldehyde/formalin” for “In the last working week, did you come in contact with any of the following film processing chemicals?”; and “Don't know” for “How was the area where you processed your own films ventilated?”. You may have been exposed to a chemical used in some manufacturing and building materials, classified as a known human carcinogen."
27067,Chromium VI,ARTF_Artist/Film Processing,EST,high,"Your answers indicate: “Don't know” for “In the last working week, did you use respiratory protection while you processed your own films?”; and “Potassium chlorochromate or potassium dichromate (potassium bichromate) as an intensifier” for “In the last working week, did you come in contact with any of the following film processing chemicals?”; and “No ventilation was applied to the area” for “How was the area where you processed your own films ventilated?”. You may have been exposed to a form of chromium used in some manufacturing such as plating or welding, classified as a known human carcinogen."
27068,Chromium VI,ARTF_Artist/Film Processing,EST,high,"Your answers indicate: “Don't know” for “In the last working week, did you use respiratory protection while you processed your own films?”; and “Potassium chlorochromate or potassium dichromate (potassium bichromate) as an intensifier” for “In the last working week, did you come in contact with any of the following film processing chemicals?”; and “Don't know” for “How was the area where you processed your own films ventilated?”. You may have been exposed to a form of chromium used in some manufacturing such as plating or welding, classified as a known human carcinogen."
27071,Formaldehyde,ARTF_Artist/Film Processing,EST,high,"Your answers indicate: “Don't know” for “In the last working week, did you use respiratory protection while you processed your own films?”; and “Formaldehyde/formalin” for “In the last working week, did you come in contact with any of the following film processing chemicals?”; and “Don't know” for “How was the area where you processed your own films ventilated?”. You may have been exposed to a chemical used in some manufacturing and building materials, classified as a known human carcinogen."
27072,Formaldehyde,ARTF_Artist/Film Processing,EST,high,"Your answers indicate: “Don't know” for “In the last working week, did you use respiratory protection while you processed your own films?”; and “Formaldehyde/formalin” for “In the last working week, did you come in contact with any of the following film processing chemicals?”; and “No ventilation was applied to the area” for “How was the area where you processed your own films ventilated?”. You may have been exposed to a chemical used in some manufacturing and building materials, classified as a known human carcinogen."
27076,Wood Dust,CLNR_Cleaner,EST,high,"Your answers indicate: “Using compressed air” for “In the last working week, how did you or anyone near you clean up wood dust?”. You may have been exposed to dust from wood processing, classified as a known human carcinogen, particularly from hardwoods."
27077,Wood Dust,CLNR_Cleaner,EST,high,"Your answers indicate: “Using a brush or sweeping the area with a broom” for “In the last working week, how did you or anyone near you clean up wood dust?”. You may have been exposed to dust from wood processing, classified as a known human carcinogen, particularly from hardwoods."
27082,Silica,CONS_Construction Trades,EST,high,"Your answers indicate: “None of these” for “How was the working area cleaned of dust?”; and “Don't know” for “In the last working week, was water spray or water suppression used to reduce the amount of dust in your work area?”. You may have been exposed to crystalline silica dust from cutting, grinding or drilling into materials like concrete, classified as a known human carcinogen and cause of silicosis."
27083,Silica,CONS_Construction Trades,EST,high,"Your answers indicate: “None of these” for “How was the working area cleaned of dust?”; and “No” for “In the last working week, was water spray or water suppression used to reduce the amount of dust in your work area?”. You may have been exposed to crystalline silica dust from cutting, grinding or drilling into materials like concrete, classified as a known human carcinogen and cause of silicosis."
27085,Silica,CONS_Construction Trades,EST,high,"Your answers indicate: “The working area was not cleaned of dust” for “How was the working area cleaned of dust?”; and “No” for “In the last working week, was water spray or water suppression used to reduce the amount of dust in your work area?”. You may have been exposed to crystalline silica dust from cutting, grinding or drilling into materials like concrete, classified as a known human carcinogen and cause of silicosis."
27086,Silica,CONS_Construction Trades,EST,high,"Your answers indicate: “The working area was not cleaned of dust” for “How was the working area cleaned of dust?”; and “Don't know” for “In the last working week, was water spray or water suppression used to reduce the amount of dust in your work area?”. You may have been exposed to crystalline silica dust from cutting, grinding or drilling into materials like concrete, classified as a known human carcinogen and cause of silicosis."
27088,Silica,CONS_Construction Trades,EST,high,"Your answers indicate: “Don’t know” for “How was the working area cleaned of dust?”; and “No” for “In the last working week, was water spray or water suppression used to reduce the amount of dust in your work area?”. You may have been exposed to crystalline silica dust from cutting, grinding or drilling into materials like concrete, classified as a known human carcinogen and cause of silicosis."
27089,Silica,CONS_Construction Trades,EST,high,"Your answers indicate: “Don’t know” for “How was the working area cleaned of dust?”; and “Don't know” for “In the last working week, was water spray or water suppression used to reduce the amount of dust in your work area?”. You may have been exposed to crystalline silica dust from cutting, grinding or drilling into materials like concrete, classified as a known human carcinogen and cause of silicosis."
27135,Ionizing radiation,FOOD_Food Workers,EST,high,"Your answers indicate: “No” for “Did you use radio-protective garments (such as lead aprons, gloves, thyroid guards) when preserving or sterilising the food or food products in the last working week?”; and “No” for “Were you protected by a lead partition/wall?”. You may have been exposed to radiation from sources such as X-rays or radioactive materials, classified as a known human carcinogen."
27136,Ionizing radiation,FOOD_Food Workers,EST,high,"Your answers indicate: “No” for “Did you use radio-protective garments (such as lead aprons, gloves, thyroid guards) when preserving or sterilising the food or food products in the last working week?”; and “Don't know” for “Were you protected by a lead partition/wall?”. You may have been exposed to radiation from sources such as X-rays or radioactive materials, classified as a known human carcinogen."
27138,Ionizing radiation,FOOD_Food Workers,EST,high,"Your answers indicate: “Don't know” for “Did you use radio-protective garments (such as lead aprons, gloves, thyroid guards) when preserving or sterilising the food or food products in the last working week?”; and “No” for “Were you protected by a lead partition/wall?”. You may have been exposed to radiation from sources such as X-rays or radioactive materials, classified as a known human carcinogen."
27139,Ionizing radiation,FOOD_Food Workers,EST,high,"Your answers indicate: “Don't know” for “Did you use radio-protective garments (such as lead aprons, gloves, thyroid guards) when preserving or sterilising the food or food products in the last working week?”; and “Don't know” for “Were you protected by a lead partition/wall?”. You may have been exposed to radiation from sources such as X-rays or radioactive materials, classified as a known human carcinogen."
27147,Formaldehyde,FOOD_Food Workers,EST,high,"Your answers indicate: “By using a cloth” for “In the last working week, how did you use the formaldehyde?”; and “No ventilation was applied to the area” for “In the last working week, how was the area where you used formaldehyde ventilated?”; and “No” for “In the last working week, did you use respiratory protection when using formaldehyde?”. You may have been exposed to a chemical used in some manufacturing and building materials, classified as a known human carcinogen."
27148,Formaldehyde,FOOD_Food Workers,EST,high,"Your answers indicate: “By using a cloth” for “In the last working week, how did you use the formaldehyde?”; and “No ventilation was applied to the area” for “In the last working week, how was the area where you used formaldehyde ventilated?”; and “Don't know” for “In the last working week, did you use respiratory protection when using formaldehyde?”. You may have been exposed to a chemical used in some manufacturing and building materials, classified as a known human carcinogen."
27149,Formaldehyde,FOOD_Food Workers,EST,high,"Your answers indicate: “By using a cloth” for “In the last working week, how did you use the formaldehyde?”; and “Don't know” for “In the last working week, how was the area where you used formaldehyde ventilated?”; and “No” for “In the last working week, did you use respiratory protection when using formaldehyde?”. You may have been exposed to a chemical used in some manufacturing and building materials, classified as a known human carcinogen."
27150,Formaldehyde,FOOD_Food Workers,EST,high,"Your answers indicate: “By using a cloth” for “In the last working week, how did you use the formaldehyde?”; and “Don't know” for “In the last working week, how was the area where you used formaldehyde ventilated?”; and “Don't know” for “In the last working week, did you use respiratory protection when using formaldehyde?”. You may have been exposed to a chemical used in some manufacturing and building materials, classified as a known human carcinogen."
27152,Formaldehyde,FOOD_Food Workers,EST,high,"Your answers indicate: “By spraying” for “In the last working week, how did you use the formaldehyde?”; and “No ventilation was applied to the area” for “In the last working week, how was the area where you used formaldehyde ventilated?”. You may have been exposed to a chemical used in some manufacturing and building materials, classified as a known human carcinogen."
27153,Formaldehyde,FOOD_Food Workers,EST,high,"Your answers indicate: “By spraying” for “In the last working week, how did you use the formaldehyde?”; and “Don't know” for “In the last working week, how was the area where you used formaldehyde ventilated?”. You may have been exposed to a chemical used in some manufacturing and building materials, classified as a known human carcinogen."
27154,Formaldehyde,FOOD_Food Workers,EST,high,"Your answers indicate: “By spraying” for “In the last working week, how did you use the formaldehyde?”; and “No” for “In the last working week, did you use respiratory protection when using formaldehyde?”. You may have been exposed to a chemical used in some manufacturing and building materials, classified as a known human carcinogen."
27155,Formaldehyde,FOOD_Food Workers,EST,high,"Your answers indicate: “By spraying” for “In the last working week, how did you use the formaldehyde?”; and “Don't know” for “In the last working week, did you use respiratory protection when using formaldehyde?”. You may have been exposed to a chemical used in some manufacturing and building materials, classified as a known human carcinogen."
27160,Formaldehyde,FOOD_Food Workers,EST,high,"Your answers indicate: “Other” for “In the last working week, how did you use the formaldehyde?”; and “No ventilation was applied to the area” for “In the last working week, how was the area where you used formaldehyde ventilated?”; and “No” for “In the last working week, did you use respiratory protection when using formaldehyde?”. You may have been exposed to a chemical used in some manufacturing and building materials, classified as a known human carcinogen."
27161,Formaldehyde,FOOD_Food Workers,EST,high,"Your answers indicate: “Other” for “In the last working week, how did you use the formaldehyde?”; and “No ventilation was applied to the area” for “In the last working week, how was the area where you used formaldehyde ventilated?”; and “Don't know” for “In the last working week, did you use respiratory protection when using formaldehyde?”. You may have been exposed to a chemical used in some manufacturing and building materials, classified as a known human carcinogen."
27162,Formaldehyde,FOOD_Food Workers,EST,high,"Your answers indicate: “Other” for “In the last working week, how did you use the formaldehyde?”; and “Don't know” for “In the last working week, how was the area where you used formaldehyde ventilated?”; and “No” for “In the last working week, did you use respiratory protection when using formaldehyde?”. You may have been exposed to a chemical used in some manufacturing and building materials, classified as a known human carcinogen."
27163,Formaldehyde,FOOD_Food Workers,EST,high,"Your answers indicate: “Other” for “In the last working week, how did you use the formaldehyde?”; and “Don't know” for “In the last working week, how was the area where you used formaldehyde ventilated?”; and “Don't know” for “In the last working week, did you use respiratory protection when using formaldehyde?”. You may have been exposed to a chemical used in some manufacturing and building materials, classified as a known human carcinogen."
27168,Formaldehyde,FOOD_Food Workers,EST,high,"Your answers indicate: “Don't know” for “In the last working week, how did you use the formaldehyde?”; and “No ventilation was applied to the area” for “In the last working week, how was the area where you used formaldehyde ventilated?”; and “No” for “In the last working week, did you use respiratory protection when using formaldehyde?”. You may have been exposed to a chemical used in some manufacturing and building materials, classified as a known human carcinogen."
27169,Formaldehyde,FOOD_Food Workers,EST,high,"Your answers indicate: “Don't know” for “In the last working week, how did you use the formaldehyde?”; and “No ventilation was applied to the area” for “In the last working week, how was the area where you used formaldehyde ventilated?”; and “Don't know” for “In the last working week, did you use respiratory protection when using formaldehyde?”. You may have been exposed to a chemical used in some manufacturing and building materials, classified as a known human carcinogen."
27170,Formaldehyde,FOOD_Food Workers,EST,high,"Your answers indicate: “Don't know” for “In the last working week, how did you use the formaldehyde?”; and “Don't know” for “In the last working week, how was the area where you used formaldehyde ventilated?”; and “No” for “In the last working week, did you use respiratory protection when using formaldehyde?”. You may have been exposed to a chemical used in some manufacturing and building materials, classified as a known human carcinogen."
27171,Formaldehyde,FOOD_Food Workers,EST,high,"Your answers indicate: “Don't know” for “In the last working week, how did you use the formaldehyde?”; and “Don't know” for “In the last working week, how was the area where you used formaldehyde ventilated?”; and “Don't know” for “In the last working week, did you use respiratory protection when using formaldehyde?”. You may have been exposed to a chemical used in some manufacturing and building materials, classified as a known human carcinogen."
27173,Cadmium,FOUN_Foundry,EST,high,"Your answers indicate: “Cadmium-plated steel” for “Which of the following types of iron or steel were cast at your workplace?”; and “No” for “Was this casting station inside a ventilated booth?”. You may have been exposed to a metal used in some manufacturing such as batteries or coatings, classified as a known human carcinogen."
27174,Cadmium,FOUN_Foundry,EST,high,"Your answers indicate: “Cadmium-plated steel” for “Which of the following types of iron or steel were cast at your workplace?”; and “Don't know” for “Was this casting station inside a ventilated booth?”. You may have been exposed to a metal used in some manufacturing such as batteries or coatings, classified as a known human carcinogen."
27176,Cadmium,FOUN_Foundry,EST,high,"Your answers indicate: “Cadmium-plated steel” for “Which of the following types of iron or steel were cast at your workplace?”; and “Pneumatic tools” for “How did you clean the excess metal from the castings?”. You may have been exposed to a metal used in some manufacturing such as batteries or coatings, classified as a known human carcinogen."
27178,Silica,FOUN_Foundry,EST,high,"Your answers indicate: “Silica sand with binders” for “What materials did you use to make the moulds?”; and “Pneumatic tools” for “How did you clean the excess metal from the castings?”. You may have been exposed to crystalline silica dust from cutting, grinding or drilling into materials like concrete, classified as a known human carcinogen and cause of silicosis."
27190,Silica,FOUN_Foundry,EST,high,"Your answers indicate: “Don't know” for “Was the shakeout done manually or done using an automated system?”. You may have been exposed to crystalline silica dust from cutting, grinding or drilling into materials like concrete, classified as a known human carcinogen and cause of silicosis."
27192,Silica,HLTH_Health Workers,EST,high,"Your answers indicate: “No” for “In the last working week, did you manufacture crowns, false teeth or bridges in an enclosed box or system?”; and “None of these” for “How was the area ventilated where you manufactured crowns, false teeth or bridges?”. You may have been exposed to crystalline silica dust from cutting, grinding or drilling into materials like concrete, classified as a known human carcinogen and cause of silicosis."
27193,Silica,HLTH_Health Workers,EST,high,"Your answers indicate: “No” for “In the last working week, did you manufacture crowns, false teeth or bridges in an enclosed box or system?”; and “Don't know” for “How was the area ventilated where you manufactured crowns, false teeth or bridges?”. You may have been exposed to crystalline silica dust from cutting, grinding or drilling into materials like concrete, classified as a known human carcinogen and cause of silicosis."
27194,Silica,HLTH_Health Workers,EST,high,"Your answers indicate: “No” for “In the last working week, did you manufacture crowns, false teeth or bridges in an enclosed box or system?”; and “No” for “In the last working week, did you use respiratory protection when manufacturing crowns, false teeth or bridges?”. You may have been exposed to crystalline silica dust from cutting, grinding or drilling into materials like concrete, classified as a known human carcinogen and cause of silicosis."
27195,Silica,HLTH_Health Workers,EST,high,"Your answers indicate: “No” for “In the last working week, did you manufacture crowns, false teeth or bridges in an enclosed box or system?”; and “Don't know” for “In the last working week, did you use respiratory protection when manufacturing crowns, false teeth or bridges?”. You may have been exposed to crystalline silica dust from cutting, grinding or drilling into materials like concrete, classified as a known human carcinogen and cause of silicosis."
27196,Silica,HLTH_Health Workers,EST,high,"Your answers indicate: “No” for “In the last working week, did you manufacture crowns, false teeth or bridges in an enclosed box or system?”; and “A filtering face piece mask or dust mask (called an FFP)” for “What types of respiratory protective equipment (RPE) did you use?”. You may have been exposed to crystalline silica dust from cutting, grinding or drilling into materials like concrete, classified as a known human carcinogen and cause of silicosis."
27198,Silica,HLTH_Health Workers,EST,high,"Your answers indicate: “Don't know” for “In the last working week, did you manufacture crowns, false teeth or bridges in an enclosed box or system?”; and “None of these” for “How was the area ventilated where you manufactured crowns, false teeth or bridges?”. You may have been exposed to crystalline silica dust from cutting, grinding or drilling into materials like concrete, classified as a known human carcinogen and cause of silicosis."
27199,Silica,HLTH_Health Workers,EST,high,"Your answers indicate: “Don't know” for “In the last working week, did you manufacture crowns, false teeth or bridges in an enclosed box or system?”; and “Don't know” for “How was the area ventilated where you manufactured crowns, false teeth or bridges?”. You may have been exposed to crystalline silica dust from cutting, grinding or drilling into materials like concrete, classified as a known human carcinogen and cause of silicosis."
27200,Silica,HLTH_Health Workers,EST,high,"Your answers indicate: “Don't know” for “In the last working week, did you manufacture crowns, false teeth or bridges in an enclosed box or system?”; and “No” for “In the last working week, did you use respiratory protection when manufacturing crowns, false teeth or bridges?”. You may have been exposed to crystalline silica dust from cutting, grinding or drilling into materials like concrete, classified as a known human carcinogen and cause of silicosis."
27201,Silica,HLTH_Health Workers,EST,high,"Your answers indicate: “Don't know” for “In the last working week, did you manufacture crowns, false teeth or bridges in an enclosed box or system?”; and “Don't know” for “In the last working week, did you use respiratory protection when manufacturing crowns, false teeth or bridges?”. You may have been exposed to crystalline silica dust from cutting, grinding or drilling into materials like concrete, classified as a known human carcinogen and cause of silicosis."
27202,Silica,HLTH_Health Workers,EST,high,"Your answers indicate: “Don't know” for “In the last working week, did you manufacture crowns, false teeth or bridges in an enclosed box or system?”; and “A filtering face piece mask or dust mask (called an FFP)” for “What types of respiratory protective equipment (RPE) did you use?”. You may have been exposed to crystalline silica dust from cutting, grinding or drilling into materials like concrete, classified as a known human carcinogen and cause of silicosis."
27220,Silica,"IMAR_Industrial Manufacturing, Assembly and repair",EST,high,"Your answers indicate: “Yes” for “In the last working week, did your work involve generating silica dust?”; and “None of these” for “In the last working week, how was the area where you were manufacturing machinery, medical devices or metal products ventilated?”; and “No” for “In the last working week, did you use respiratory protection when manufacturing machinery, medical devices or metal products?”. You may have been exposed to crystalline silica dust from cutting, grinding or drilling into materials like concrete, classified as a known human carcinogen and cause of silicosis."
27221,Silica,"IMAR_Industrial Manufacturing, Assembly and repair",EST,high,"Your answers indicate: “Yes” for “In the last working week, did your work involve generating silica dust?”; and “None of these” for “In the last working week, how was the area where you were manufacturing machinery, medical devices or metal products ventilated?”; and “Don't know” for “In the last working week, did you use respiratory protection when manufacturing machinery, medical devices or metal products?”. You may have been exposed to crystalline silica dust from cutting, grinding or drilling into materials like concrete, classified as a known human carcinogen and cause of silicosis."
27222,Silica,"IMAR_Industrial Manufacturing, Assembly and repair",EST,high,"Your answers indicate: “Yes” for “In the last working week, did your work involve generating silica dust?”; and “Don't know” for “In the last working week, how was the area where you were manufacturing machinery, medical devices or metal products ventilated?”; and “No” for “In the last working week, did you use respiratory protection when manufacturing machinery, medical devices or metal products?”. You may have been exposed to crystalline silica dust from cutting, grinding or drilling into materials like concrete, classified as a known human carcinogen and cause of silicosis."
27223,Silica,"IMAR_Industrial Manufacturing, Assembly and repair",EST,high,"Your answers indicate: “Yes” for “In the last working week, did your work involve generating silica dust?”; and “Don't know” for “In the last working week, how was the area where you were manufacturing machinery, medical devices or metal products ventilated?”; and “Don't know” for “In the last working week, did you use respiratory protection when manufacturing machinery, medical devices or metal products?”. You may have been exposed to crystalline silica dust from cutting, grinding or drilling into materials like concrete, classified as a known human carcinogen and cause of silicosis."
27228,Arsenic,"IMAR_Industrial Manufacturing, Assembly and repair",EST,high,"Your answers indicate: “Arsenic” for “In the last working week, which of the following metals did you work with?”; and “Yes” for “Did they generate dust or fumes?”; and “None of these” for “In the last working week, how was the area where you were manufacturing machinery, medical devices or metal products ventilated?”; and “No” for “In the last working week, did you use respiratory protection when manufacturing machinery, medical devices or metal products?”. You may have been exposed to a metal encountered in some industrial processes, classified as a known human carcinogen."
27229,Arsenic,"IMAR_Industrial Manufacturing, Assembly and repair",EST,high,"Your answers indicate: “Arsenic” for “In the last working week, which of the following metals did you work with?”; and “Yes” for “Did they generate dust or fumes?”; and “Don't know” for “In the last working week, how was the area where you were manufacturing machinery, medical devices or metal products ventilated?”; and “Don't know” for “In the last working week, did you use respiratory protection when manufacturing machinery, medical devices or metal products?”. You may have been exposed to a metal encountered in some industrial processes, classified as a known human carcinogen."
27230,Arsenic,"IMAR_Industrial Manufacturing, Assembly and repair",EST,high,"Your answers indicate: “Arsenic” for “In the last working week, which of the following metals did you work with?”; and “Yes” for “Did they generate dust or fumes?”; and “Don't know” for “In the last working week, how was the area where you were manufacturing machinery, medical devices or metal products ventilated?”; and “No” for “In the last working week, did you use respiratory protection when manufacturing machinery, medical devices or metal products?”. You may have been exposed to a metal encountered in some industrial processes, classified as a known human carcinogen."
27231,Arsenic,"IMAR_Industrial Manufacturing, Assembly and repair",EST,high,"Your answers indicate: “Arsenic” for “In the last working week, which of the following metals did you work with?”; and “Yes” for “Did they generate dust or fumes?”; and “None of these” for “In the last working week, how was the area where you were manufacturing machinery, medical devices or metal products ventilated?”; and “Don't know” for “In the last working week, did you use respiratory protection when manufacturing machinery, medical devices or metal products?”. You may have been exposed to a metal encountered in some industrial processes, classified as a known human carcinogen."
27236,Cadmium,"IMAR_Industrial Manufacturing, Assembly and repair",EST,high,"Your answers indicate: “Cadmium” for “In the last working week, which of the following metals did you work with?”; and “Yes” for “Did they generate dust or fumes?”; and “None of these” for “In the last working week, how was the area where you were manufacturing machinery, medical devices or metal products ventilated?”; and “No” for “In the last working week, did you use respiratory protection when manufacturing machinery, medical devices or metal products?”. You may have been exposed to a metal used in some manufacturing such as batteries or coatings, classified as a known human carcinogen."
27237,Cadmium,"IMAR_Industrial Manufacturing, Assembly and repair",EST,high,"Your answers indicate: “Cadmium” for “In the last working week, which of the following metals did you work with?”; and “Yes” for “Did they generate dust or fumes?”; and “Don't know” for “In the last working week, how was the area where you were manufacturing machinery, medical devices or metal products ventilated?”; and “Don't know” for “In the last working week, did you use respiratory protection when manufacturing machinery, medical devices or metal products?”. You may have been exposed to a metal used in some manufacturing such as batteries or coatings, classified as a known human carcinogen."
27238,Cadmium,"IMAR_Industrial Manufacturing, Assembly and repair",EST,high,"Your answers indicate: “Cadmium” for “In the last working week, which of the following metals did you work with?”; and “Yes” for “Did they generate dust or fumes?”; and “Don't know” for “In the last working week, how was the area where you were manufacturing machinery, medical devices or metal products ventilated?”; and “No” for “In the last working week, did you use respiratory protection when manufacturing machinery, medical devices or metal products?”. You may have been exposed to a metal used in some manufacturing such as batteries or coatings, classified as a known human carcinogen."
27239,Cadmium,"IMAR_Industrial Manufacturing, Assembly and repair",EST,high,"Your answers indicate: “Cadmium” for “In the last working week, which of the following metals did you work with?”; and “Yes” for “Did they generate dust or fumes?”; and “None of these” for “In the last working week, how was the area where you were manufacturing machinery, medical devices or metal products ventilated?”; and “Don't know” for “In the last working week, did you use respiratory protection when manufacturing machinery, medical devices or metal products?”. You may have been exposed to a metal used in some manufacturing such as batteries or coatings, classified as a known human carcinogen."
27244,Chromium VI,"IMAR_Industrial Manufacturing, Assembly and repair",EST,high,"Your answers indicate: “Chromium” for “In the last working week, which of the following metals did you work with?”; and “Yes” for “Did they generate dust or fumes?”; and “None of these” for “In the last working week, how was the area where you were manufacturing machinery, medical devices or metal products ventilated?”; and “No” for “In the last working week, did you use respiratory protection when manufacturing machinery, medical devices or metal products?”. You may have been exposed to a form of chromium used in some manufacturing such as plating or welding, classified as a known human carcinogen."
27245,Chromium VI,"IMAR_Industrial Manufacturing, Assembly and repair",EST,high,"Your answers indicate: “Chromium” for “In the last working week, which of the following metals did you work with?”; and “Yes” for “Did they generate dust or fumes?”; and “Don't know” for “In the last working week, how was the area where you were manufacturing machinery, medical devices or metal products ventilated?”; and “Don't know” for “In the last working week, did you use respiratory protection when manufacturing machinery, medical devices or metal products?”. You may have been exposed to a form of chromium used in some manufacturing such as plating or welding, classified as a known human carcinogen."
27246,Chromium VI,"IMAR_Industrial Manufacturing, Assembly and repair",EST,high,"Your answers indicate: “Chromium” for “In the last working week, which of the following metals did you work with?”; and “Yes” for “Did they generate dust or fumes?”; and “Don't know” for “In the last working week, how was the area where you were manufacturing machinery, medical devices or metal products ventilated?”; and “No” for “In the last working week, did you use respiratory protection when manufacturing machinery, medical devices or metal products?”. You may have been exposed to a form of chromium used in some manufacturing such as plating or welding, classified as a known human carcinogen."
27247,Chromium VI,"IMAR_Industrial Manufacturing, Assembly and repair",EST,high,"Your answers indicate: “Chromium” for “In the last working week, which of the following metals did you work with?”; and “Yes” for “Did they generate dust or fumes?”; and “None of these” for “In the last working week, how was the area where you were manufacturing machinery, medical devices or metal products ventilated?”; and “Don't know” for “In the last working week, did you use respiratory protection when manufacturing machinery, medical devices or metal products?”. You may have been exposed to a form of chromium used in some manufacturing such as plating or welding, classified as a known human carcinogen."
27252,Cobalt,"IMAR_Industrial Manufacturing, Assembly and repair",EST,medium,"Your answers indicate: “Cobalt” for “In the last working week, which of the following metals did you work with?”; and “Yes” for “Did they generate dust or fumes?”; and “None of these” for “In the last working week, how was the area where you were manufacturing machinery, medical devices or metal products ventilated?”; and “No” for “In the last working week, did you use respiratory protection when manufacturing machinery, medical devices or metal products?”. You may have been exposed to a metal used in some manufacturing such as hard-metal tooling or batteries, linked to lung disease and classified as a possible human carcinogen."
27253,Cobalt,"IMAR_Industrial Manufacturing, Assembly and repair",EST,medium,"Your answers indicate: “Cobalt” for “In the last working week, which of the following metals did you work with?”; and “Yes” for “Did they generate dust or fumes?”; and “Don't know” for “In the last working week, how was the area where you were manufacturing machinery, medical devices or metal products ventilated?”; and “Don't know” for “In the last working week, did you use respiratory protection when manufacturing machinery, medical devices or metal products?”. You may have been exposed to a metal used in some manufacturing such as hard-metal tooling or batteries, linked to lung disease and classified as a possible human carcinogen."
27254,Cobalt,"IMAR_Industrial Manufacturing, Assembly and repair",EST,medium,"Your answers indicate: “Cobalt” for “In the last working week, which of the following metals did you work with?”; and “Yes” for “Did they generate dust or fumes?”; and “Don't know” for “In the last working week, how was the area where you were manufacturing machinery, medical devices or metal products ventilated?”; and “No” for “In the last working week, did you use respiratory protection when manufacturing machinery, medical devices or metal products?”. You may have been exposed to a metal used in some manufacturing such as hard-metal tooling or batteries, linked to lung disease and classified as a possible human carcinogen."
27255,Cobalt,"IMAR_Industrial Manufacturing, Assembly and repair",EST,medium,"Your answers indicate: “Cobalt” for “In the last working week, which of the following metals did you work with?”; and “Yes” for “Did they generate dust or fumes?”; and “None of these” for “In the last working week, how was the area where you were manufacturing machinery, medical devices or metal products ventilated?”; and “Don't know” for “In the last working week, did you use respiratory protection when manufacturing machinery, medical devices or metal products?”. You may have been exposed to a metal used in some manufacturing such as hard-metal tooling or batteries, linked to lung disease and classified as a possible human carcinogen."
27260,Lead,"IMAR_Industrial Manufacturing, Assembly and repair",EST,high,"Your answers indicate: “Yes” for “Did they generate dust or fumes?”; and “Lead” for “In the last working week, which of the following metals did you work with?”; and “None of these” for “In the last working week, how was the area where you were manufacturing machinery, medical devices or metal products ventilated?”; and “No” for “In the last working week, did you use respiratory protection when manufacturing machinery, medical devices or metal products?”. You may have been exposed to a metal used in some manufacturing, a recognised cause of serious effects on the nervous system, kidneys and reproductive health."
27261,Lead,"IMAR_Industrial Manufacturing, Assembly and repair",EST,high,"Your answers indicate: “Yes” for “Did they generate dust or fumes?”; and “Lead” for “In the last working week, which of the following metals did you work with?”; and “Don't know” for “In the last working week, how was the area where you were manufacturing machinery, medical devices or metal products ventilated?”; and “Don't know” for “In the last working week, did you use respiratory protection when manufacturing machinery, medical devices or metal products?”. You may have been exposed to a metal used in some manufacturing, a recognised cause of serious effects on the nervous system, kidneys and reproductive health."
27262,Lead,"IMAR_Industrial Manufacturing, Assembly and repair",EST,high,"Your answers indicate: “Yes” for “Did they generate dust or fumes?”; and “Lead” for “In the last working week, which of the following metals did you work with?”; and “Don't know” for “In the last working week, how was the area where you were manufacturing machinery, medical devices or metal products ventilated?”; and “No” for “In the last working week, did you use respiratory protection when manufacturing machinery, medical devices or metal products?”. You may have been exposed to a metal used in some manufacturing, a recognised cause of serious effects on the nervous system, kidneys and reproductive health."
27263,Lead,"IMAR_Industrial Manufacturing, Assembly and repair",EST,high,"Your answers indicate: “Yes” for “Did they generate dust or fumes?”; and “Lead” for “In the last working week, which of the following metals did you work with?”; and “None of these” for “In the last working week, how was the area where you were manufacturing machinery, medical devices or metal products ventilated?”; and “Don't know” for “In the last working week, did you use respiratory protection when manufacturing machinery, medical devices or metal products?”. You may have been exposed to a metal used in some manufacturing, a recognised cause of serious effects on the nervous system, kidneys and reproductive health."
27268,Nickel,"IMAR_Industrial Manufacturing, Assembly and repair",EST,high,"Your answers indicate: “Nickel” for “In the last working week, which of the following metals did you work with?”; and “Yes” for “Did they generate dust or fumes?”; and “None of these” for “In the last working week, how was the area where you were manufacturing machinery, medical devices or metal products ventilated?”; and “No” for “In the last working week, did you use respiratory protection when manufacturing machinery, medical devices or metal products?”. You may have been exposed to a metal used in some manufacturing such as plating or welding, with some compounds classified as known human carcinogens."
27269,Nickel,"IMAR_Industrial Manufacturing, Assembly and repair",EST,high,"Your answers indicate: “Nickel” for “In the last working week, which of the following metals did you work with?”; and “Yes” for “Did they generate dust or fumes?”; and “Don't know” for “In the last working week, how was the area where you were manufacturing machinery, medical devices or metal products ventilated?”; and “Don't know” for “In the last working week, did you use respiratory protection when manufacturing machinery, medical devices or metal products?”. You may have been exposed to a metal used in some manufacturing such as plating or welding, with some compounds classified as known human carcinogens."
27270,Nickel,"IMAR_Industrial Manufacturing, Assembly and repair",EST,high,"Your answers indicate: “Nickel” for “In the last working week, which of the following metals did you work with?”; and “Yes” for “Did they generate dust or fumes?”; and “Don't know” for “In the last working week, how was the area where you were manufacturing machinery, medical devices or metal products ventilated?”; and “No” for “In the last working week, did you use respiratory protection when manufacturing machinery, medical devices or metal products?”. You may have been exposed to a metal used in some manufacturing such as plating or welding, with some compounds classified as known human carcinogens."
27271,Nickel,"IMAR_Industrial Manufacturing, Assembly and repair",EST,high,"Your answers indicate: “Nickel” for “In the last working week, which of the following metals did you work with?”; and “Yes” for “Did they generate dust or fumes?”; and “None of these” for “In the last working week, how was the area where you were manufacturing machinery, medical devices or metal products ventilated?”; and “Don't know” for “In the last working week, did you use respiratory protection when manufacturing machinery, medical devices or metal products?”. You may have been exposed to a metal used in some manufacturing such as plating or welding, with some compounds classified as known human carcinogens."
27277,Asbestos,LABC_Lab worker Chemist,EST,high,"Your answers indicate: “Asbestos” for “In the last working week, did you come in contact with any of the following?”; and “None of these” for “In the last working week, how was the area where you handled chemicals ventilated?”; and “A filtering face piece mask or dust mask (called an FFP)” for “What types of respiratory protective equipment (RPE) did you use?”. You may have been exposed to a mineral fibre once widely used in building materials, classified as a known human carcinogen."
27278,Asbestos,LABC_Lab worker Chemist,EST,high,"Your answers indicate: “Asbestos” for “In the last working week, did you come in contact with any of the following?”; and “None of these” for “In the last working week, how was the area where you handled chemicals ventilated?”; and “Don't know” for “In the last working week, did you use respiratory protection?”. You may have been exposed to a mineral fibre once widely used in building materials, classified as a known human carcinogen."
27279,Asbestos,LABC_Lab worker Chemist,EST,high,"Your answers indicate: “Asbestos” for “In the last working week, did you come in contact with any of the following?”; and “None of these” for “In the last working week, how was the area where you handled chemicals ventilated?”; and “No” for “In the last working week, did you use respiratory protection?”. You may have been exposed to a mineral fibre once widely used in building materials, classified as a known human carcinogen."
27281,Silica,LABC_Lab worker Chemist,EST,high,"Your answers indicate: “Silica” for “In the last working week, did you come in contact with any of the following?”; and “A filtering face piece mask or dust mask (called an FFP)” for “What types of respiratory protective equipment (RPE) did you use?”; and “Don't know” for “In the last working week, how was the area where you handled chemicals ventilated?”. You may have been exposed to crystalline silica dust from cutting, grinding or drilling into materials like concrete, classified as a known human carcinogen and cause of silicosis."
27282,Silica,LABC_Lab worker Chemist,EST,high,"Your answers indicate: “Silica” for “In the last working week, did you come in contact with any of the following?”; and “None of these” for “In the last working week, how was the area where you handled chemicals ventilated?”; and “Don't know” for “In the last working week, did you use respiratory protection?”. You may have been exposed to crystalline silica dust from cutting, grinding or drilling into materials like concrete, classified as a known human carcinogen and cause of silicosis."
27283,Silica,LABC_Lab worker Chemist,EST,high,"Your answers indicate: “Silica” for “In the last working week, did you come in contact with any of the following?”; and “No” for “In the last working week, did you use respiratory protection?”; and “Don't know” for “In the last working week, how was the area where you handled chemicals ventilated?”. You may have been exposed to crystalline silica dust from cutting, grinding or drilling into materials like concrete, classified as a known human carcinogen and cause of silicosis."
27285,Arsenic,LABC_Lab worker Chemist,EST,high,"Your answers indicate: “Arsenic” for “In the last working week, did you use or come in contact with any of the following metals or their compounds?”; and “Don't know” for “In the last working week, did you use respiratory protection?”; and “Don't know” for “In the last working week, how was the area where you handled chemicals ventilated?”. You may have been exposed to a metal encountered in some industrial processes, classified as a known human carcinogen."
27286,Arsenic,LABC_Lab worker Chemist,EST,high,"Your answers indicate: “Arsenic” for “In the last working week, did you use or come in contact with any of the following metals or their compounds?”; and “No” for “In the last working week, did you use respiratory protection?”; and “Don't know” for “In the last working week, how was the area where you handled chemicals ventilated?”. You may have been exposed to a metal encountered in some industrial processes, classified as a known human carcinogen."
27288,Cadmium,LABC_Lab worker Chemist,EST,high,"Your answers indicate: “Cadmium” for “In the last working week, did you use or come in contact with any of the following metals or their compounds?”; and “Don't know” for “In the last working week, did you use respiratory protection?”; and “Don't know” for “In the last working week, how was the area where you handled chemicals ventilated?”. You may have been exposed to a metal used in some manufacturing such as batteries or coatings, classified as a known human carcinogen."
27289,Cadmium,LABC_Lab worker Chemist,EST,high,"Your answers indicate: “Cadmium” for “In the last working week, did you use or come in contact with any of the following metals or their compounds?”; and “No” for “In the last working week, did you use respiratory protection?”; and “Don't know” for “In the last working week, how was the area where you handled chemicals ventilated?”. You may have been exposed to a metal used in some manufacturing such as batteries or coatings, classified as a known human carcinogen."
27291,Chromium VI,LABC_Lab worker Chemist,EST,high,"Your answers indicate: “Chromium” for “In the last working week, did you use or come in contact with any of the following metals or their compounds?”; and “None of these” for “In the last working week, how was the area where you handled chemicals ventilated?”; and “Don't know” for “In the last working week, did you use respiratory protection?”. You may have been exposed to a form of chromium used in some manufacturing such as plating or welding, classified as a known human carcinogen."
27292,Chromium VI,LABC_Lab worker Chemist,EST,high,"Your answers indicate: “Chromium” for “In the last working week, did you use or come in contact with any of the following metals or their compounds?”; and “None of these” for “In the last working week, how was the area where you handled chemicals ventilated?”; and “No” for “In the last working week, did you use respiratory protection?”. You may have been exposed to a form of chromium used in some manufacturing such as plating or welding, classified as a known human carcinogen."
27294,Cobalt,LABC_Lab worker Chemist,EST,medium,"Your answers indicate: “Cobalt” for “In the last working week, did you use or come in contact with any of the following metals or their compounds?”; and “Don't know” for “In the last working week, did you use respiratory protection?”; and “Don't know” for “In the last working week, how was the area where you handled chemicals ventilated?”. You may have been exposed to a metal used in some manufacturing such as hard-metal tooling or batteries, linked to lung disease and classified as a possible human carcinogen."
27295,Cobalt,LABC_Lab worker Chemist,EST,medium,"Your answers indicate: “Cobalt” for “In the last working week, did you use or come in contact with any of the following metals or their compounds?”; and “No” for “In the last working week, did you use respiratory protection?”; and “Don't know” for “In the last working week, how was the area where you handled chemicals ventilated?”. You may have been exposed to a metal used in some manufacturing such as hard-metal tooling or batteries, linked to lung disease and classified as a possible human carcinogen."
27297,Lead,LABC_Lab worker Chemist,EST,high,"Your answers indicate: “Lead” for “In the last working week, did you use or come in contact with any of the following metals or their compounds?”; and “Don't know” for “In the last working week, did you use respiratory protection?”; and “Don't know” for “In the last working week, how was the area where you handled chemicals ventilated?”. You may have been exposed to a metal used in some manufacturing, a recognised cause of serious effects on the nervous system, kidneys and reproductive health."
27298,Lead,LABC_Lab worker Chemist,EST,high,"Your answers indicate: “Lead” for “In the last working week, did you use or come in contact with any of the following metals or their compounds?”; and “No” for “In the last working week, did you use respiratory protection?”; and “Don't know” for “In the last working week, how was the area where you handled chemicals ventilated?”. You may have been exposed to a metal used in some manufacturing, a recognised cause of serious effects on the nervous system, kidneys and reproductive health."
27300,Nickel,LABC_Lab worker Chemist,EST,high,"Your answers indicate: “Nickel” for “In the last working week, did you use or come in contact with any of the following metals or their compounds?”; and “Don't know” for “In the last working week, did you use respiratory protection?”; and “Don't know” for “In the last working week, how was the area where you handled chemicals ventilated?”. You may have been exposed to a metal used in some manufacturing such as plating or welding, with some compounds classified as known human carcinogens."
27301,Nickel,LABC_Lab worker Chemist,EST,high,"Your answers indicate: “Nickel” for “In the last working week, did you use or come in contact with any of the following metals or their compounds?”; and “No” for “In the last working week, did you use respiratory protection?”; and “Don't know” for “In the last working week, how was the area where you handled chemicals ventilated?”. You may have been exposed to a metal used in some manufacturing such as plating or welding, with some compounds classified as known human carcinogens."
27303,Formaldehyde,LABC_Lab worker Chemist,EST,high,"Your answers indicate: “Yes” for “In the last working week, did you use or come in contact with formaldehyde?”; and “None of these” for “In the last working week, how was the area where you handled chemicals ventilated?”; and “Don't know” for “In the last working week, did you use respiratory protection?”. You may have been exposed to a chemical used in some manufacturing and building materials, classified as a known human carcinogen."
27304,Formaldehyde,LABC_Lab worker Chemist,EST,high,"Your answers indicate: “Yes” for “In the last working week, did you use or come in contact with formaldehyde?”; and “None of these” for “In the last working week, how was the area where you handled chemicals ventilated?”; and “No” for “In the last working week, did you use respiratory protection?”. You may have been exposed to a chemical used in some manufacturing and building materials, classified as a known human carcinogen."
27306,diethyl/dimethyl sulphate,LABC_Lab worker Chemist,EST,medium,"Your answers indicate: “Diethyl sulphate/dimethyl sulphate” for “In the last working week, did you handle or come in contact with any of the following?”; and “None of these” for “In the last working week, how was the area where you handled chemicals ventilated?”; and “Don't know” for “In the last working week, did you use respiratory protection?”. You may have been exposed to reactive chemicals used in some manufacturing, classified as probable human carcinogens."
27307,diethyl/dimethyl sulphate,LABC_Lab worker Chemist,EST,medium,"Your answers indicate: “Diethyl sulphate/dimethyl sulphate” for “In the last working week, did you handle or come in contact with any of the following?”; and “None of these” for “In the last working week, how was the area where you handled chemicals ventilated?”; and “No” for “In the last working week, did you use respiratory protection?”. You may have been exposed to reactive chemicals used in some manufacturing, classified as probable human carcinogens."
27309,Mineral Oils,LABC_Lab worker Chemist,UNC,medium,"Your answers indicate: “Mineral oils” for “In the last working week, did you handle or come in contact with any of the following?”; and “None of these” for “In the last working week, how was the area where you handled chemicals ventilated?”; and “Don't know” for “In the last working week, did you use respiratory protection?”. You may have been exposed to petroleum-based oils used in manufacturing; historically linked to skin cancer with prolonged untreated exposure, though modern refined oils carry lower risk and evidence varies by oil type."
27310,Mineral Oils,LABC_Lab worker Chemist,UNC,medium,"Your answers indicate: “Mineral oils” for “In the last working week, did you handle or come in contact with any of the following?”; and “None of these” for “In the last working week, how was the area where you handled chemicals ventilated?”; and “No” for “In the last working week, did you use respiratory protection?”. You may have been exposed to petroleum-based oils used in manufacturing; historically linked to skin cancer with prolonged untreated exposure, though modern refined oils carry lower risk and evidence varies by oil type."
27312,Benzene,LABC_Lab worker Chemist,EST,high,"Your answers indicate: “Benzene” for “In the last working week, did you use any of the following solvents?”; and “None of these” for “In the last working week, how was the area where you handled chemicals ventilated?”; and “Don't know” for “In the last working week, did you use respiratory protection?”. You may have been exposed to a solvent found in fuels and some industrial processes, classified as a known human carcinogen."
27313,Benzene,LABC_Lab worker Chemist,EST,high,"Your answers indicate: “Benzene” for “In the last working week, did you use any of the following solvents?”; and “None of these” for “In the last working week, how was the area where you handled chemicals ventilated?”; and “No” for “In the last working week, did you use respiratory protection?”. You may have been exposed to a solvent found in fuels and some industrial processes, classified as a known human carcinogen."
27316,Trichloroethylene,LABC_Lab worker Chemist,EST,high,"Your answers indicate: “Trichloroethylene” for “In the last working week, did you use any of the following solvents?”; and “None of these” for “In the last working week, how was the area where you handled chemicals ventilated?”; and “Don't know” for “In the last working week, did you use respiratory protection?”. You may have been exposed to a solvent used in some manufacturing such as degreasing, classified as a known human carcinogen."
27317,Trichloroethylene,LABC_Lab worker Chemist,EST,high,"Your answers indicate: “Trichloroethylene” for “In the last working week, did you use any of the following solvents?”; and “None of these” for “In the last working week, how was the area where you handled chemicals ventilated?”; and “No” for “In the last working week, did you use respiratory protection?”. You may have been exposed to a solvent used in some manufacturing such as degreasing, classified as a known human carcinogen."
27319,Benzene,LABC_Lab worker Chemist,EST,high,"Your answers indicate: “Benzene” for “In the last working week, did you use any of the following solvents?”; and “Don't know” for “In the last working week, how was the area where you handled chemicals ventilated?”; and “No” for “In the last working week, did you use respiratory protection?”. You may have been exposed to a solvent found in fuels and some industrial processes, classified as a known human carcinogen."
27320,Benzene,LABC_Lab worker Chemist,EST,high,"Your answers indicate: “Benzene” for “In the last working week, did you use any of the following solvents?”; and “Don't know” for “In the last working week, how was the area where you handled chemicals ventilated?”; and “Don't know” for “In the last working week, did you use respiratory protection?”. You may have been exposed to a solvent found in fuels and some industrial processes, classified as a known human carcinogen."
27322,Trichloroethylene,LABC_Lab worker Chemist,EST,high,"Your answers indicate: “Trichloroethylene” for “In the last working week, did you use any of the following solvents?”; and “Don't know” for “In the last working week, how was the area where you handled chemicals ventilated?”; and “No” for “In the last working week, did you use respiratory protection?”. You may have been exposed to a solvent used in some manufacturing such as degreasing, classified as a known human carcinogen."
27323,Trichloroethylene,LABC_Lab worker Chemist,EST,high,"Your answers indicate: “Trichloroethylene” for “In the last working week, did you use any of the following solvents?”; and “Don't know” for “In the last working week, how was the area where you handled chemicals ventilated?”; and “Don't know” for “In the last working week, did you use respiratory protection?”. You may have been exposed to a solvent used in some manufacturing such as degreasing, classified as a known human carcinogen."
27325,Formaldehyde,LABC_Lab worker Chemist,EST,high,"Your answers indicate: “Yes” for “In the last working week, did you use or come in contact with formaldehyde?”; and “Don't know” for “In the last working week, how was the area where you handled chemicals ventilated?”; and “No” for “In the last working week, did you use respiratory protection?”. You may have been exposed to a chemical used in some manufacturing and building materials, classified as a known human carcinogen."
27326,Formaldehyde,LABC_Lab worker Chemist,EST,high,"Your answers indicate: “Yes” for “In the last working week, did you use or come in contact with formaldehyde?”; and “Don't know” for “In the last working week, how was the area where you handled chemicals ventilated?”; and “Don't know” for “In the last working week, did you use respiratory protection?”. You may have been exposed to a chemical used in some manufacturing and building materials, classified as a known human carcinogen."
27328,diethyl/dimethyl sulphate,LABC_Lab worker Chemist,EST,medium,"Your answers indicate: “Diethyl sulphate/dimethyl sulphate” for “In the last working week, did you handle or come in contact with any of the following?”; and “Don't know” for “In the last working week, how was the area where you handled chemicals ventilated?”; and “No” for “In the last working week, did you use respiratory protection?”. You may have been exposed to reactive chemicals used in some manufacturing, classified as probable human carcinogens."
27329,diethyl/dimethyl sulphate,LABC_Lab worker Chemist,EST,medium,"Your answers indicate: “Diethyl sulphate/dimethyl sulphate” for “In the last working week, did you handle or come in contact with any of the following?”; and “Don't know” for “In the last working week, how was the area where you handled chemicals ventilated?”; and “Don't know” for “In the last working week, did you use respiratory protection?”. You may have been exposed to reactive chemicals used in some manufacturing, classified as probable human carcinogens."
27331,Mineral Oils,LABC_Lab worker Chemist,UNC,medium,"Your answers indicate: “Mineral oils” for “In the last working week, did you handle or come in contact with any of the following?”; and “Don't know” for “In the last working week, how was the area where you handled chemicals ventilated?”; and “No” for “In the last working week, did you use respiratory protection?”. You may have been exposed to petroleum-based oils used in manufacturing; historically linked to skin cancer with prolonged untreated exposure, though modern refined oils carry lower risk and evidence varies by oil type."
27332,Mineral Oils,LABC_Lab worker Chemist,UNC,medium,"Your answers indicate: “Mineral oils” for “In the last working week, did you handle or come in contact with any of the following?”; and “Don't know” for “In the last working week, how was the area where you handled chemicals ventilated?”; and “Don't know” for “In the last working week, did you use respiratory protection?”. You may have been exposed to petroleum-based oils used in manufacturing; historically linked to skin cancer with prolonged untreated exposure, though modern refined oils carry lower risk and evidence varies by oil type."
27334,Arsenic,LABC_Lab worker Chemist,EST,high,"Your answers indicate: “Arsenic” for “In the last working week, did you use or come in contact with any of the following metals or their compounds?”; and “None of these” for “In the last working week, how was the area where you handled chemicals ventilated?”; and “No” for “In the last working week, did you use respiratory protection?”. You may have been exposed to a metal encountered in some industrial processes, classified as a known human carcinogen."
27335,Arsenic,LABC_Lab worker Chemist,EST,high,"Your answers indicate: “Arsenic” for “In the last working week, did you use or come in contact with any of the following metals or their compounds?”; and “None of these” for “In the last working week, how was the area where you handled chemicals ventilated?”; and “Don't know” for “In the last working week, did you use respiratory protection?”. You may have been exposed to a metal encountered in some industrial processes, classified as a known human carcinogen."
27337,Cadmium,LABC_Lab worker Chemist,EST,high,"Your answers indicate: “Cadmium” for “In the last working week, did you use or come in contact with any of the following metals or their compounds?”; and “None of these” for “In the last working week, how was the area where you handled chemicals ventilated?”; and “No” for “In the last working week, did you use respiratory protection?”. You may have been exposed to a metal used in some manufacturing such as batteries or coatings, classified as a known human carcinogen."
27338,Cadmium,LABC_Lab worker Chemist,EST,high,"Your answers indicate: “Cadmium” for “In the last working week, did you use or come in contact with any of the following metals or their compounds?”; and “None of these” for “In the last working week, how was the area where you handled chemicals ventilated?”; and “Don't know” for “In the last working week, did you use respiratory protection?”. You may have been exposed to a metal used in some manufacturing such as batteries or coatings, classified as a known human carcinogen."
27340,Chromium VI,LABC_Lab worker Chemist,EST,high,"Your answers indicate: “Chromium” for “In the last working week, did you use or come in contact with any of the following metals or their compounds?”; and “No” for “In the last working week, did you use respiratory protection?”; and “Don't know” for “In the last working week, how was the area where you handled chemicals ventilated?”. You may have been exposed to a form of chromium used in some manufacturing such as plating or welding, classified as a known human carcinogen."
27341,Chromium VI,LABC_Lab worker Chemist,EST,high,"Your answers indicate: “Chromium” for “In the last working week, did you use or come in contact with any of the following metals or their compounds?”; and “Don't know” for “In the last working week, did you use respiratory protection?”; and “Don't know” for “In the last working week, how was the area where you handled chemicals ventilated?”. You may have been exposed to a form of chromium used in some manufacturing such as plating or welding, classified as a known human carcinogen."
27343,Cobalt,LABC_Lab worker Chemist,EST,medium,"Your answers indicate: “Cobalt” for “In the last working week, did you use or come in contact with any of the following metals or their compounds?”; and “None of these” for “In the last working week, how was the area where you handled chemicals ventilated?”; and “No” for “In the last working week, did you use respiratory protection?”. You may have been exposed to a metal used in some manufacturing such as hard-metal tooling or batteries, linked to lung disease and classified as a possible human carcinogen."
27344,Cobalt,LABC_Lab worker Chemist,EST,medium,"Your answers indicate: “Cobalt” for “In the last working week, did you use or come in contact with any of the following metals or their compounds?”; and “None of these” for “In the last working week, how was the area where you handled chemicals ventilated?”; and “Don't know” for “In the last working week, did you use respiratory protection?”. You may have been exposed to a metal used in some manufacturing such as hard-metal tooling or batteries, linked to lung disease and classified as a possible human carcinogen."
27346,Lead,LABC_Lab worker Chemist,EST,high,"Your answers indicate: “Lead” for “In the last working week, did you use or come in contact with any of the following metals or their compounds?”; and “None of these” for “In the last working week, how was the area where you handled chemicals ventilated?”; and “No” for “In the last working week, did you use respiratory protection?”. You may have been exposed to a metal used in some manufacturing, a recognised cause of serious effects on the nervous system, kidneys and reproductive health."
27347,Lead,LABC_Lab worker Chemist,EST,high,"Your answers indicate: “Lead” for “In the last working week, did you use or come in contact with any of the following metals or their compounds?”; and “None of these” for “In the last working week, how was the area where you handled chemicals ventilated?”; and “Don't know” for “In the last working week, did you use respiratory protection?”. You may have been exposed to a metal used in some manufacturing, a recognised cause of serious effects on the nervous system, kidneys and reproductive health."
27349,Nickel,LABC_Lab worker Chemist,EST,high,"Your answers indicate: “Nickel” for “In the last working week, did you use or come in contact with any of the following metals or their compounds?”; and “None of these” for “In the last working week, how was the area where you handled chemicals ventilated?”; and “No” for “In the last working week, did you use respiratory protection?”. You may have been exposed to a metal used in some manufacturing such as plating or welding, with some compounds classified as known human carcinogens."
27350,Nickel,LABC_Lab worker Chemist,EST,high,"Your answers indicate: “Nickel” for “In the last working week, did you use or come in contact with any of the following metals or their compounds?”; and “None of these” for “In the last working week, how was the area where you handled chemicals ventilated?”; and “Don't know” for “In the last working week, did you use respiratory protection?”. You may have been exposed to a metal used in some manufacturing such as plating or welding, with some compounds classified as known human carcinogens."
27352,Silica,LABC_Lab worker Chemist,EST,high,"Your answers indicate: “Silica” for “In the last working week, did you come in contact with any of the following?”; and “Don't know” for “In the last working week, did you use respiratory protection?”; and “Don't know” for “In the last working week, how was the area where you handled chemicals ventilated?”. You may have been exposed to crystalline silica dust from cutting, grinding or drilling into materials like concrete, classified as a known human carcinogen and cause of silicosis."
27353,Silica,LABC_Lab worker Chemist,EST,high,"Your answers indicate: “Silica” for “In the last working week, did you come in contact with any of the following?”; and “None of these” for “In the last working week, how was the area where you handled chemicals ventilated?”; and “No” for “In the last working week, did you use respiratory protection?”. You may have been exposed to crystalline silica dust from cutting, grinding or drilling into materials like concrete, classified as a known human carcinogen and cause of silicosis."
27354,Silica,LABC_Lab worker Chemist,EST,high,"Your answers indicate: “Silica” for “In the last working week, did you come in contact with any of the following?”; and “None of these” for “In the last working week, how was the area where you handled chemicals ventilated?”; and “A filtering face piece mask or dust mask (called an FFP)” for “What types of respiratory protective equipment (RPE) did you use?”. You may have been exposed to crystalline silica dust from cutting, grinding or drilling into materials like concrete, classified as a known human carcinogen and cause of silicosis."
27356,Asbestos,LABC_Lab worker Chemist,EST,high,"Your answers indicate: “Asbestos” for “In the last working week, did you come in contact with any of the following?”; and “Don't know” for “In the last working week, did you use respiratory protection?”; and “Don't know” for “In the last working week, how was the area where you handled chemicals ventilated?”. You may have been exposed to a mineral fibre once widely used in building materials, classified as a known human carcinogen."
27357,Asbestos,LABC_Lab worker Chemist,EST,high,"Your answers indicate: “Asbestos” for “In the last working week, did you come in contact with any of the following?”; and “No” for “In the last working week, did you use respiratory protection?”; and “Don't know” for “In the last working week, how was the area where you handled chemicals ventilated?”. You may have been exposed to a mineral fibre once widely used in building materials, classified as a known human carcinogen."
27358,Asbestos,LABC_Lab worker Chemist,EST,high,"Your answers indicate: “Asbestos” for “In the last working week, did you come in contact with any of the following?”; and “A filtering face piece mask or dust mask (called an FFP)” for “What types of respiratory protective equipment (RPE) did you use?”; and “Don't know” for “In the last working week, how was the area where you handled chemicals ventilated?”. You may have been exposed to a mineral fibre once widely used in building materials, classified as a known human carcinogen."
27364,Chromium VI,MFAC_Metal Finishing & Coating,EST,high,"Your answers indicate: “Don't know” for “Were the plating/polishing tanks exhausted to remove the fumes from the room?”; and “Chromium” for “What metals did you use for plating?”. You may have been exposed to a form of chromium used in some manufacturing such as plating or welding, classified as a known human carcinogen."
27367,Chromium VI,MFAC_Metal Finishing & Coating,EST,high,"Your answers indicate: “No” for “Were the plating/polishing tanks exhausted to remove the fumes from the room?”; and “Chromium” for “What metals did you use for plating?”. You may have been exposed to a form of chromium used in some manufacturing such as plating or welding, classified as a known human carcinogen."
27372,Benzene,MFAC_Metal Finishing & Coating,EST,high,"Your answers indicate: “Solvent-based paint (e.g Petroleum distillates)” for “What types of organic coatings did you apply?”; and “By conventional spraying” for “How did you apply the organic coating?”; and “Don't know” for “In the last working week, did you use respiratory protection while working in metal finishing?”. You may have been exposed to a solvent found in fuels and some industrial processes, classified as a known human carcinogen."
27373,Benzene,MFAC_Metal Finishing & Coating,EST,high,"Your answers indicate: “Solvent-based paint (e.g Petroleum distillates)” for “What types of organic coatings did you apply?”; and “By conventional spraying” for “How did you apply the organic coating?”; and “No” for “In the last working week, did you use respiratory protection while working in metal finishing?”. You may have been exposed to a solvent found in fuels and some industrial processes, classified as a known human carcinogen."
27374,Silica,MFAC_Metal Finishing & Coating,EST,high,"Your answers indicate: “Ceramics (e.g., alumina, glass)” for “In the last working week, what types of metal thermal spray coatings did you apply?”; and “No” for “In the last working week, did you use respiratory protection when applying the metal thermal spray coatings?”; and “No” for “In the last working week, did you use an exhaust hood or local exhaust ventilation when applying the metal thermal spray coatings?”. You may have been exposed to crystalline silica dust from cutting, grinding or drilling into materials like concrete, classified as a known human carcinogen and cause of silicosis."
27375,Silica,MFAC_Metal Finishing & Coating,EST,high,"Your answers indicate: “Ceramics (e.g., alumina, glass)” for “In the last working week, what types of metal thermal spray coatings did you apply?”; and “No” for “In the last working week, did you use respiratory protection when applying the metal thermal spray coatings?”; and “Don't know” for “In the last working week, did you use an exhaust hood or local exhaust ventilation when applying the metal thermal spray coatings?”. You may have been exposed to crystalline silica dust from cutting, grinding or drilling into materials like concrete, classified as a known human carcinogen and cause of silicosis."
27379,Silica,MFAC_Metal Finishing & Coating,EST,high,"Your answers indicate: “Ceramics (e.g., alumina, glass)” for “In the last working week, what types of metal thermal spray coatings did you apply?”; and “Don't know” for “In the last working week, did you use respiratory protection when applying the metal thermal spray coatings?”; and “Don't know” for “In the last working week, did you use an exhaust hood or local exhaust ventilation when applying the metal thermal spray coatings?”. You may have been exposed to crystalline silica dust from cutting, grinding or drilling into materials like concrete, classified as a known human carcinogen and cause of silicosis."
27380,Silica,MFAC_Metal Finishing & Coating,EST,high,"Your answers indicate: “Ceramics (e.g., alumina, glass)” for “In the last working week, what types of metal thermal spray coatings did you apply?”; and “Don't know” for “In the last working week, did you use respiratory protection when applying the metal thermal spray coatings?”; and “No” for “In the last working week, did you use an exhaust hood or local exhaust ventilation when applying the metal thermal spray coatings?”. You may have been exposed to crystalline silica dust from cutting, grinding or drilling into materials like concrete, classified as a known human carcinogen and cause of silicosis."
27386,Silica,MFAC_Metal Finishing & Coating,EST,high,"Your answers indicate: “No” for “In the last working week, did you use an exhaust hood or local exhaust ventilation when applying the fired enamel?”; and “No” for “In the last working week, did you use respiratory protection when applying fired enamel?”. You may have been exposed to crystalline silica dust from cutting, grinding or drilling into materials like concrete, classified as a known human carcinogen and cause of silicosis."
27387,Silica,MFAC_Metal Finishing & Coating,EST,high,"Your answers indicate: “No” for “In the last working week, did you use an exhaust hood or local exhaust ventilation when applying the fired enamel?”; and “Don't know” for “In the last working week, did you use respiratory protection when applying fired enamel?”. You may have been exposed to crystalline silica dust from cutting, grinding or drilling into materials like concrete, classified as a known human carcinogen and cause of silicosis."
27390,Silica,MFAC_Metal Finishing & Coating,EST,high,"Your answers indicate: “Dry cleaning method” for “Which of the following methods did you use to clean the working area in the last working week?”. You may have been exposed to crystalline silica dust from cutting, grinding or drilling into materials like concrete, classified as a known human carcinogen and cause of silicosis."
27391,Lead,MFAC_Metal Finishing & Coating,EST,high,"Your answers indicate: “No” for “In the last working week, did you use respiratory protection while working in metal finishing?”; and “Brass or bronze” for “Which of the following metals did you grind or polish before plating or coating?”. You may have been exposed to a metal used in some manufacturing, a recognised cause of serious effects on the nervous system, kidneys and reproductive health."
27392,Lead,MFAC_Metal Finishing & Coating,EST,high,"Your answers indicate: “No” for “In the last working week, did you use respiratory protection while working in metal finishing?”; and “Lead-plated steel” for “Which of the following iron or steel did you grind or polish before plating or coating?”. You may have been exposed to a metal used in some manufacturing, a recognised cause of serious effects on the nervous system, kidneys and reproductive health."
27393,Lead,MFAC_Metal Finishing & Coating,EST,high,"Your answers indicate: “No” for “In the last working week, did you use respiratory protection while working in metal finishing?”; and “Lead or lead alloys” for “Which of the following metals did you grind or polish before plating or coating?”. You may have been exposed to a metal used in some manufacturing, a recognised cause of serious effects on the nervous system, kidneys and reproductive health."
27394,Lead,MFAC_Metal Finishing & Coating,EST,high,"Your answers indicate: “Don't know” for “In the last working week, did you use respiratory protection while working in metal finishing?”; and “Brass or bronze” for “Which of the following metals did you grind or polish before plating or coating?”. You may have been exposed to a metal used in some manufacturing, a recognised cause of serious effects on the nervous system, kidneys and reproductive health."
27395,Lead,MFAC_Metal Finishing & Coating,EST,high,"Your answers indicate: “Don't know” for “In the last working week, did you use respiratory protection while working in metal finishing?”; and “Lead-plated steel” for “Which of the following iron or steel did you grind or polish before plating or coating?”. You may have been exposed to a metal used in some manufacturing, a recognised cause of serious effects on the nervous system, kidneys and reproductive health."
27396,Lead,MFAC_Metal Finishing & Coating,EST,high,"Your answers indicate: “Don't know” for “In the last working week, did you use respiratory protection while working in metal finishing?”; and “Lead or lead alloys” for “Which of the following metals did you grind or polish before plating or coating?”. You may have been exposed to a metal used in some manufacturing, a recognised cause of serious effects on the nervous system, kidneys and reproductive health."
27397,Cobalt,MFAC_Metal Finishing & Coating,EST,medium,"Your answers indicate: “No” for “In the last working week, did you use respiratory protection while working in metal finishing?”; and “Cobalt or cobalt alloys” for “Which of the following metals did you grind or polish before plating or coating?”. You may have been exposed to a metal used in some manufacturing such as hard-metal tooling or batteries, linked to lung disease and classified as a possible human carcinogen."
27398,Cobalt,MFAC_Metal Finishing & Coating,EST,medium,"Your answers indicate: “No” for “In the last working week, did you use respiratory protection while working in metal finishing?”; and “Hard metal alloys (e.g., Tungsten carbide or Stellite)” for “Which of the following metals did you grind or polish before plating or coating?”. You may have been exposed to a metal used in some manufacturing such as hard-metal tooling or batteries, linked to lung disease and classified as a possible human carcinogen."
27399,Cobalt,MFAC_Metal Finishing & Coating,EST,medium,"Your answers indicate: “Don't know” for “In the last working week, did you use respiratory protection while working in metal finishing?”; and “Cobalt or cobalt alloys” for “Which of the following metals did you grind or polish before plating or coating?”. You may have been exposed to a metal used in some manufacturing such as hard-metal tooling or batteries, linked to lung disease and classified as a possible human carcinogen."
27400,Cobalt,MFAC_Metal Finishing & Coating,EST,medium,"Your answers indicate: “Don't know” for “In the last working week, did you use respiratory protection while working in metal finishing?”; and “Hard metal alloys (e.g., Tungsten carbide or Stellite)” for “Which of the following metals did you grind or polish before plating or coating?”. You may have been exposed to a metal used in some manufacturing such as hard-metal tooling or batteries, linked to lung disease and classified as a possible human carcinogen."
27401,Chromium VI,MFAC_Metal Finishing & Coating,EST,high,"Your answers indicate: “No” for “In the last working week, did you use respiratory protection while working in metal finishing?”; and “Hard metal alloys (e.g., Tungsten carbide or Stellite)” for “Which of the following metals did you grind or polish before plating or coating?”. You may have been exposed to a form of chromium used in some manufacturing such as plating or welding, classified as a known human carcinogen."
27402,Chromium VI,MFAC_Metal Finishing & Coating,EST,high,"Your answers indicate: “No” for “In the last working week, did you use respiratory protection while working in metal finishing?”; and “Stainless steel” for “Which of the following iron or steel did you grind or polish before plating or coating?”. You may have been exposed to a form of chromium used in some manufacturing such as plating or welding, classified as a known human carcinogen."
27403,Chromium VI,MFAC_Metal Finishing & Coating,EST,high,"Your answers indicate: “No” for “In the last working week, did you use respiratory protection while working in metal finishing?”; and “Chromium-plated steel” for “Which of the following iron or steel did you grind or polish before plating or coating?”. You may have been exposed to a form of chromium used in some manufacturing such as plating or welding, classified as a known human carcinogen."
27404,Chromium VI,MFAC_Metal Finishing & Coating,EST,high,"Your answers indicate: “Don't know” for “In the last working week, did you use respiratory protection while working in metal finishing?”; and “Hard metal alloys (e.g., Tungsten carbide or Stellite)” for “Which of the following metals did you grind or polish before plating or coating?”. You may have been exposed to a form of chromium used in some manufacturing such as plating or welding, classified as a known human carcinogen."
27405,Chromium VI,MFAC_Metal Finishing & Coating,EST,high,"Your answers indicate: “Don't know” for “In the last working week, did you use respiratory protection while working in metal finishing?”; and “Stainless steel” for “Which of the following iron or steel did you grind or polish before plating or coating?”. You may have been exposed to a form of chromium used in some manufacturing such as plating or welding, classified as a known human carcinogen."
27406,Chromium VI,MFAC_Metal Finishing & Coating,EST,high,"Your answers indicate: “Don't know” for “In the last working week, did you use respiratory protection while working in metal finishing?”; and “Chromium-plated steel” for “Which of the following iron or steel did you grind or polish before plating or coating?”. You may have been exposed to a form of chromium used in some manufacturing such as plating or welding, classified as a known human carcinogen."
27407,Cadmium,MFAC_Metal Finishing & Coating,EST,high,"Your answers indicate: “No” for “In the last working week, did you use respiratory protection while working in metal finishing?”; and “Hard metal alloys (e.g., Tungsten carbide or Stellite)” for “Which of the following metals did you grind or polish before plating or coating?”. You may have been exposed to a metal used in some manufacturing such as batteries or coatings, classified as a known human carcinogen."
27408,Cadmium,MFAC_Metal Finishing & Coating,EST,high,"Your answers indicate: “No” for “In the last working week, did you use respiratory protection while working in metal finishing?”; and “Cadmium-plated steel” for “Which of the following iron or steel did you grind or polish before plating or coating?”. You may have been exposed to a metal used in some manufacturing such as batteries or coatings, classified as a known human carcinogen."
27409,Cadmium,MFAC_Metal Finishing & Coating,EST,high,"Your answers indicate: “Don't know” for “In the last working week, did you use respiratory protection while working in metal finishing?”; and “Hard metal alloys (e.g., Tungsten carbide or Stellite)” for “Which of the following metals did you grind or polish before plating or coating?”. You may have been exposed to a metal used in some manufacturing such as batteries or coatings, classified as a known human carcinogen."
27410,Cadmium,MFAC_Metal Finishing & Coating,EST,high,"Your answers indicate: “Don't know” for “In the last working week, did you use respiratory protection while working in metal finishing?”; and “Cadmium-plated steel” for “Which of the following iron or steel did you grind or polish before plating or coating?”. You may have been exposed to a metal used in some manufacturing such as batteries or coatings, classified as a known human carcinogen."
27411,Nickel,MFAC_Metal Finishing & Coating,EST,high,"Your answers indicate: “No” for “In the last working week, did you use respiratory protection while working in metal finishing?”; and “Stainless steel” for “Which of the following iron or steel did you grind or polish before plating or coating?”. You may have been exposed to a metal used in some manufacturing such as plating or welding, with some compounds classified as known human carcinogens."
27412,Nickel,MFAC_Metal Finishing & Coating,EST,high,"Your answers indicate: “No” for “In the last working week, did you use respiratory protection while working in metal finishing?”; and “Nickel or nickel alloys” for “Which of the following metals did you grind or polish before plating or coating?”. You may have been exposed to a metal used in some manufacturing such as plating or welding, with some compounds classified as known human carcinogens."
27413,Nickel,MFAC_Metal Finishing & Coating,EST,high,"Your answers indicate: “Don't know” for “In the last working week, did you use respiratory protection while working in metal finishing?”; and “Stainless steel” for “Which of the following iron or steel did you grind or polish before plating or coating?”. You may have been exposed to a metal used in some manufacturing such as plating or welding, with some compounds classified as known human carcinogens."
27414,Nickel,MFAC_Metal Finishing & Coating,EST,high,"Your answers indicate: “Don't know” for “In the last working week, did you use respiratory protection while working in metal finishing?”; and “Nickel or nickel alloys” for “Which of the following metals did you grind or polish before plating or coating?”. You may have been exposed to a metal used in some manufacturing such as plating or welding, with some compounds classified as known human carcinogens."
27416,Silica,MINE_Miners/Quarrymen,EST,high,"Your answers indicate: “Slate” for “What was mined or quarried where you worked?”. You may have been exposed to crystalline silica dust from cutting, grinding or drilling into materials like concrete, classified as a known human carcinogen and cause of silicosis."
27432,Leather dust,LEAT_Leather Tanning,EST,medium,"Your answers indicate: “Yes” for “In the last working week, did you work in the area where leather was dried, set out, stretched and softened?”; and “No” for “In the last working week, did you use respiratory protection when doing your job?”; and “No ventilation was applied to the area” for “How was the area where you worked ventilated?”. You may have been exposed to dust from leather processing, linked to an increased risk of nasal cancer in some studies."
27433,Leather dust,LEAT_Leather Tanning,EST,medium,"Your answers indicate: “Yes” for “In the last working week, did you work in the area where leather was dried, set out, stretched and softened?”; and “Don't know” for “In the last working week, did you use respiratory protection when doing your job?”; and “No ventilation was applied to the area” for “How was the area where you worked ventilated?”. You may have been exposed to dust from leather processing, linked to an increased risk of nasal cancer in some studies."
27434,Leather dust,LEAT_Leather Tanning,EST,medium,"Your answers indicate: “Yes” for “In the last working week, did you work in the area where leather was dried, set out, stretched and softened?”; and “No” for “In the last working week, did you use respiratory protection when doing your job?”; and “Don't know” for “How was the area where you worked ventilated?”. You may have been exposed to dust from leather processing, linked to an increased risk of nasal cancer in some studies."
27435,Leather dust,LEAT_Leather Tanning,EST,medium,"Your answers indicate: “Yes” for “In the last working week, did you work in the area where leather was dried, set out, stretched and softened?”; and “Don't know” for “In the last working week, did you use respiratory protection when doing your job?”; and “Don't know” for “How was the area where you worked ventilated?”. You may have been exposed to dust from leather processing, linked to an increased risk of nasal cancer in some studies."
27436,Leather dust,LEAT_Leather Tanning,EST,medium,"Your answers indicate: “Yes” for “In the last working week, did you work in the area where leather was dried, set out, stretched and softened?”; and “By fans in the window or doorway” for “How was the area where you worked ventilated?”; and “No” for “In the last working week, did you use respiratory protection when doing your job?”. You may have been exposed to dust from leather processing, linked to an increased risk of nasal cancer in some studies."
27441,Formaldehyde,LEAT_Leather Tanning,EST,high,"Your answers indicate: “By spraying” for “How did you apply the leather finisher?”; and “No ventilation was applied to the area” for “How was the area where you worked ventilated?”. You may have been exposed to a chemical used in some manufacturing and building materials, classified as a known human carcinogen."
27442,Formaldehyde,LEAT_Leather Tanning,EST,high,"Your answers indicate: “By spraying” for “How did you apply the leather finisher?”; and “By fans in the window or doorway” for “How was the area where you worked ventilated?”. You may have been exposed to a chemical used in some manufacturing and building materials, classified as a known human carcinogen."
27443,Formaldehyde,LEAT_Leather Tanning,EST,high,"Your answers indicate: “By spraying” for “How did you apply the leather finisher?”; and “Don't know” for “How was the area where you worked ventilated?”. You may have been exposed to a chemical used in some manufacturing and building materials, classified as a known human carcinogen."
27444,Formaldehyde,LEAT_Leather Tanning,EST,high,"Your answers indicate: “By spraying” for “How did you apply the leather finisher?”; and “No” for “In the last working week, did you use respiratory protection when doing your job?”. You may have been exposed to a chemical used in some manufacturing and building materials, classified as a known human carcinogen."
27445,Formaldehyde,LEAT_Leather Tanning,EST,high,"Your answers indicate: “By spraying” for “How did you apply the leather finisher?”; and “Don't know” for “In the last working week, did you use respiratory protection when doing your job?”. You may have been exposed to a chemical used in some manufacturing and building materials, classified as a known human carcinogen."
27446,Leather dust,LEAT_Leather Tanning,EST,medium,"Your answers indicate: “Yes” for “In the last working week, did you sand, grind or buff leather?”; and “No ventilation was applied to the area” for “How was the area where you worked ventilated?”. You may have been exposed to dust from leather processing, linked to an increased risk of nasal cancer in some studies."
27447,Leather dust,LEAT_Leather Tanning,EST,medium,"Your answers indicate: “Yes” for “In the last working week, did you sand, grind or buff leather?”; and “By fans in the window or doorway” for “How was the area where you worked ventilated?”. You may have been exposed to dust from leather processing, linked to an increased risk of nasal cancer in some studies."
27448,Leather dust,LEAT_Leather Tanning,EST,medium,"Your answers indicate: “Yes” for “In the last working week, did you sand, grind or buff leather?”; and “Don't know” for “How was the area where you worked ventilated?”. You may have been exposed to dust from leather processing, linked to an increased risk of nasal cancer in some studies."
27449,Leather dust,LEAT_Leather Tanning,EST,medium,"Your answers indicate: “Yes” for “In the last working week, did you sand, grind or buff leather?”; and “No” for “In the last working week, did you use respiratory protection when doing your job?”. You may have been exposed to dust from leather processing, linked to an increased risk of nasal cancer in some studies."
27450,Leather dust,LEAT_Leather Tanning,EST,medium,"Your answers indicate: “Yes” for “In the last working week, did you sand, grind or buff leather?”; and “Don't know” for “In the last working week, did you use respiratory protection when doing your job?”. You may have been exposed to dust from leather processing, linked to an increased risk of nasal cancer in some studies."
27452,Formaldehyde,LEAT_Leather Tanning,EST,high,"Your answers indicate: “By spraying” for “How did you apply the varnish?”; and “No ventilation was applied to the area” for “How was the area where you worked ventilated?”. You may have been exposed to a chemical used in some manufacturing and building materials, classified as a known human carcinogen."
27453,Formaldehyde,LEAT_Leather Tanning,EST,high,"Your answers indicate: “By spraying” for “How did you apply the varnish?”; and “By fans in the window or doorway” for “How was the area where you worked ventilated?”. You may have been exposed to a chemical used in some manufacturing and building materials, classified as a known human carcinogen."
27454,Formaldehyde,LEAT_Leather Tanning,EST,high,"Your answers indicate: “By spraying” for “How did you apply the varnish?”; and “Don't know” for “How was the area where you worked ventilated?”. You may have been exposed to a chemical used in some manufacturing and building materials, classified as a known human carcinogen."
27455,Formaldehyde,LEAT_Leather Tanning,EST,high,"Your answers indicate: “By spraying” for “How did you apply the varnish?”; and “No” for “In the last working week, did you use respiratory protection when doing your job?”. You may have been exposed to a chemical used in some manufacturing and building materials, classified as a known human carcinogen."
27456,Formaldehyde,LEAT_Leather Tanning,EST,high,"Your answers indicate: “By spraying” for “How did you apply the varnish?”; and “Don't know” for “In the last working week, did you use respiratory protection when doing your job?”. You may have been exposed to a chemical used in some manufacturing and building materials, classified as a known human carcinogen."
27459,Benzene,OPET_Oil/Petroleum Industry,EST,high,"Your answers indicate: “Don't know” for “Did you wear a rubber face mask fitted with a particle/vapour filter or cartridge or an air-supplied respirator (SCBA) during the pigging process?”; and “Cleaning” for “In the last working week, did you personally get involved in the receiving, launching or cleaning of the pig?”. You may have been exposed to a solvent found in fuels and some industrial processes, classified as a known human carcinogen."
27464,Benzene,OPET_Oil/Petroleum Industry,EST,high,"Your answers indicate: “No” for “In the last working week, did you wear respiratory protective equipment (RPE) during cleaning?”. You may have been exposed to a solvent found in fuels and some industrial processes, classified as a known human carcinogen."
27465,Benzene,OPET_Oil/Petroleum Industry,EST,high,"Your answers indicate: “Don't know” for “In the last working week, did you wear respiratory protective equipment (RPE) during cleaning?”. You may have been exposed to a solvent found in fuels and some industrial processes, classified as a known human carcinogen."
27467,Benzene,OPET_Oil/Petroleum Industry,EST,high,"Your answers indicate: “No ventilation was applied to the area” for “How was the area where you worked ventilated?”; and “Launching or receiving” for “In the last working week, did you personally get involved in the receiving, launching or cleaning of the pig?”; and “No” for “Did you wear a rubber face mask fitted with a particle/vapour filter or cartridge or an air-supplied respirator (SCBA) during the pigging process?”. You may have been exposed to a solvent found in fuels and some industrial processes, classified as a known human carcinogen."
27468,Benzene,OPET_Oil/Petroleum Industry,EST,high,"Your answers indicate: “No ventilation was applied to the area” for “How was the area where you worked ventilated?”; and “Launching or receiving” for “In the last working week, did you personally get involved in the receiving, launching or cleaning of the pig?”; and “Don't know” for “Did you wear a rubber face mask fitted with a particle/vapour filter or cartridge or an air-supplied respirator (SCBA) during the pigging process?”. You may have been exposed to a solvent found in fuels and some industrial processes, classified as a known human carcinogen."
27470,Benzene,OPET_Oil/Petroleum Industry,EST,high,"Your answers indicate: “Don't know” for “How was the area where you worked ventilated?”; and “Launching or receiving” for “In the last working week, did you personally get involved in the receiving, launching or cleaning of the pig?”; and “No” for “Did you wear a rubber face mask fitted with a particle/vapour filter or cartridge or an air-supplied respirator (SCBA) during the pigging process?”. You may have been exposed to a solvent found in fuels and some industrial processes, classified as a known human carcinogen."
27471,Benzene,OPET_Oil/Petroleum Industry,EST,high,"Your answers indicate: “Don't know” for “How was the area where you worked ventilated?”; and “Launching or receiving” for “In the last working week, did you personally get involved in the receiving, launching or cleaning of the pig?”; and “Don't know” for “Did you wear a rubber face mask fitted with a particle/vapour filter or cartridge or an air-supplied respirator (SCBA) during the pigging process?”. You may have been exposed to a solvent found in fuels and some industrial processes, classified as a known human carcinogen."
27478,Benzene,POLI_Police,EST,high,"Your answers indicate: “No” for “In the last working week, did you wear an air-supplied breathing apparatus or self-contained breathing apparatus (SCBA) when attending a fire?”. You may have been exposed to a solvent found in fuels and some industrial processes, classified as a known human carcinogen."
27481,Benzene,POLI_Police,EST,high,"Your answers indicate: “Don't know” for “In the last working week, did you wear an air-supplied breathing apparatus or self-contained breathing apparatus (SCBA) when attending a fire?”. You may have been exposed to a solvent found in fuels and some industrial processes, classified as a known human carcinogen."
27482,Formaldehyde,PRIN_Printing,EST,high,"Your answers indicate: “No ventilation was applied to the area” for “How was the area ventilated where you mixed chemicals?”; and “Formaldehyde/formalin” for “In the last working week, did you come in contact with any of the following film processing chemicals?”. You may have been exposed to a chemical used in some manufacturing and building materials, classified as a known human carcinogen."
27483,Formaldehyde,PRIN_Printing,EST,high,"Your answers indicate: “Don't know” for “How was the area ventilated where you mixed chemicals?”; and “Formaldehyde/formalin” for “In the last working week, did you come in contact with any of the following film processing chemicals?”. You may have been exposed to a chemical used in some manufacturing and building materials, classified as a known human carcinogen."
27486,Lead,PRIN_Printing,EST,high,"Your answers indicate: “No ventilation was applied to the area” for “How was the area ventilated while pouring lead?”. You may have been exposed to a metal used in some manufacturing, a recognised cause of serious effects on the nervous system, kidneys and reproductive health."
27487,Lead,PRIN_Printing,EST,high,"Your answers indicate: “Don't know” for “How was the area ventilated while pouring lead?”. You may have been exposed to a metal used in some manufacturing, a recognised cause of serious effects on the nervous system, kidneys and reproductive health."
27488,Lead,PRIN_Printing,EST,high,"Your answers indicate: “No” for “In the last working week, did you use respiratory protection while pouring lead?”. You may have been exposed to a metal used in some manufacturing, a recognised cause of serious effects on the nervous system, kidneys and reproductive health."
27489,Lead,PRIN_Printing,EST,high,"Your answers indicate: “Don't know” for “In the last working week, did you use respiratory protection while pouring lead?”. You may have been exposed to a metal used in some manufacturing, a recognised cause of serious effects on the nervous system, kidneys and reproductive health."
27510,Lead,PRIN_Printing,EST,high,"Your answers indicate: “Other” for “What types of respiratory protective equipment (RPE) did you use?”. You may have been exposed to a metal used in some manufacturing, a recognised cause of serious effects on the nervous system, kidneys and reproductive health."
27511,Lead,PRMM_Metal Refining/Smelting,EST,high,"Your answers indicate: “Don't know” for “In the last working week, did you use respiratory protection when crushing or grinding metal?”; and “No” for “Was there water dust suppression in the crushing area?”; and “No” for “Were you in a refuge when crushing indoors?”. You may have been exposed to a metal used in some manufacturing, a recognised cause of serious effects on the nervous system, kidneys and reproductive health."
27513,Silica,PRMM_Metal Refining/Smelting,EST,high,"Your answers indicate: “Don't know” for “In the last working week, did you use respiratory protection when crushing or grinding metal?”; and “No” for “Was there water dust suppression in the crushing area?”; and “No” for “Were you in a refuge when crushing indoors?”. You may have been exposed to crystalline silica dust from cutting, grinding or drilling into materials like concrete, classified as a known human carcinogen and cause of silicosis."
27514,Lead,PRMM_Metal Refining/Smelting,EST,high,"Your answers indicate: “Other” for “What type of respiratory protective equipment (RPE) did you use when crushing and grinding metal?”; and “No” for “Was there water dust suppression in the crushing area?”; and “No” for “Were you in a refuge when crushing indoors?”. You may have been exposed to a metal used in some manufacturing, a recognised cause of serious effects on the nervous system, kidneys and reproductive health."
27518,Ortho-toluidine,RUBB_Rubber or plastic Industry,EST,medium,"Your answers indicate: “Yes” for “In the last working week, did you work in the vulcanisation or curing area?”; and “No ventilation was applied to the area” for “How was the area where you worked ventilated?”; and “Don't know” for “In the last working week, did you use respiratory protection when doing your job?”. You may have been exposed to a chemical used in some dye and rubber manufacturing, classified as a known human carcinogen."
27519,Ortho-toluidine,RUBB_Rubber or plastic Industry,EST,medium,"Your answers indicate: “Yes” for “In the last working week, did you work in the vulcanisation or curing area?”; and “No ventilation was applied to the area” for “How was the area where you worked ventilated?”; and “No” for “In the last working week, did you use respiratory protection when doing your job?”. You may have been exposed to a chemical used in some dye and rubber manufacturing, classified as a known human carcinogen."
27521,Acrylamide,RUBB_Rubber or plastic Industry,EST,high,"Your answers indicate: “ABS (Acrylonitrile butadiene styrene)” for “What kind of synthetic rubber or plastic/resins was made or processed where you worked in the last working week?”; and “No ventilation was applied to the area” for “How was the area where you worked ventilated?”; and “Don't know” for “In the last working week, did you use respiratory protection when doing your job?”. You may have been exposed to a chemical used in some manufacturing, classified as a probable human carcinogen and nerve toxin."
27522,Acrylamide,RUBB_Rubber or plastic Industry,EST,high,"Your answers indicate: “ABS (Acrylonitrile butadiene styrene)” for “What kind of synthetic rubber or plastic/resins was made or processed where you worked in the last working week?”; and “No ventilation was applied to the area” for “How was the area where you worked ventilated?”; and “No” for “In the last working week, did you use respiratory protection when doing your job?”. You may have been exposed to a chemical used in some manufacturing, classified as a probable human carcinogen and nerve toxin."
27524,Acrylamide,RUBB_Rubber or plastic Industry,EST,high,"Your answers indicate: “Acrylic (plastic or resin)” for “What kind of synthetic rubber or plastic/resins was made or processed where you worked in the last working week?”; and “No ventilation was applied to the area” for “How was the area where you worked ventilated?”; and “Don't know” for “In the last working week, did you use respiratory protection when doing your job?”. You may have been exposed to a chemical used in some manufacturing, classified as a probable human carcinogen and nerve toxin."
27525,Acrylamide,RUBB_Rubber or plastic Industry,EST,high,"Your answers indicate: “Acrylic (plastic or resin)” for “What kind of synthetic rubber or plastic/resins was made or processed where you worked in the last working week?”; and “No ventilation was applied to the area” for “How was the area where you worked ventilated?”; and “No” for “In the last working week, did you use respiratory protection when doing your job?”. You may have been exposed to a chemical used in some manufacturing, classified as a probable human carcinogen and nerve toxin."
27527,Acrylamide,RUBB_Rubber or plastic Industry,EST,high,"Your answers indicate: “PVAc/PVAcA (Polyvinyl acetate)” for “What kind of synthetic rubber or plastic/resins was made or processed where you worked in the last working week?”; and “No ventilation was applied to the area” for “How was the area where you worked ventilated?”; and “Don't know” for “In the last working week, did you use respiratory protection when doing your job?”. You may have been exposed to a chemical used in some manufacturing, classified as a probable human carcinogen and nerve toxin."
27528,Acrylamide,RUBB_Rubber or plastic Industry,EST,high,"Your answers indicate: “PVAc/PVAcA (Polyvinyl acetate)” for “What kind of synthetic rubber or plastic/resins was made or processed where you worked in the last working week?”; and “No ventilation was applied to the area” for “How was the area where you worked ventilated?”; and “No” for “In the last working week, did you use respiratory protection when doing your job?”. You may have been exposed to a chemical used in some manufacturing, classified as a probable human carcinogen and nerve toxin."
27532,"1,3 butadiene",RUBB_Rubber or plastic Industry,EST,high,"Your answers indicate: “PVAc/PVAcA (Polyvinyl acetate)” for “What kind of synthetic rubber or plastic/resins was made or processed where you worked in the last working week?”; and “No ventilation was applied to the area” for “How was the area where you worked ventilated?”; and “No” for “In the last working week, did you use respiratory protection when doing your job?”. You may have been exposed to a chemical used in rubber and plastics manufacturing, classified as a known human carcinogen."
27533,"1,3 butadiene",RUBB_Rubber or plastic Industry,EST,high,"Your answers indicate: “PVAc/PVAcA (Polyvinyl acetate)” for “What kind of synthetic rubber or plastic/resins was made or processed where you worked in the last working week?”; and “No ventilation was applied to the area” for “How was the area where you worked ventilated?”; and “Don't know” for “In the last working week, did you use respiratory protection when doing your job?”. You may have been exposed to a chemical used in rubber and plastics manufacturing, classified as a known human carcinogen."
27534,Epichlorhydrin,RUBB_Rubber or plastic Industry,EST,medium,"Your answers indicate: “Rubber where epichlorohydrin was used” for “What kind of synthetic rubber or plastic/resins was made or processed where you worked in the last working week?”; and “No ventilation was applied to the area” for “How was the area where you worked ventilated?”. You may have been exposed to a chemical used in some manufacturing such as epoxy resins, classified as a probable human carcinogen."
27535,Formaldehyde,RUBB_Rubber or plastic Industry,EST,high,"Your answers indicate: “Formaldehyde-urea, formaldehyde-phenol or melamine-formaldehyde resins” for “What kind of synthetic rubber or plastic/resins was made or processed where you worked in the last working week?”; and “No ventilation was applied to the area” for “How was the area where you worked ventilated?”. You may have been exposed to a chemical used in some manufacturing and building materials, classified as a known human carcinogen."
27537,Formaldehyde,RUBB_Rubber or plastic Industry,EST,high,"Your answers indicate: “POM (Polyacetal or polyformaldehyde or polyoxymethylene)” for “What kind of synthetic rubber or plastic/resins was made or processed where you worked in the last working week?”; and “No ventilation was applied to the area” for “How was the area where you worked ventilated?”; and “Don't know” for “In the last working week, did you use respiratory protection when doing your job?”. You may have been exposed to a chemical used in some manufacturing and building materials, classified as a known human carcinogen."
27538,Formaldehyde,RUBB_Rubber or plastic Industry,EST,high,"Your answers indicate: “POM (Polyacetal or polyformaldehyde or polyoxymethylene)” for “What kind of synthetic rubber or plastic/resins was made or processed where you worked in the last working week?”; and “No ventilation was applied to the area” for “How was the area where you worked ventilated?”; and “No” for “In the last working week, did you use respiratory protection when doing your job?”. You may have been exposed to a chemical used in some manufacturing and building materials, classified as a known human carcinogen."
27543,Formaldehyde,RUBB_Rubber or plastic Industry,EST,high,"Your answers indicate: “Formaldehyde” for “In the last working week, which of the following reagents did you add to the rubber?”; and “No ventilation was applied to the area” for “How was the area where you worked ventilated?”; and “Don't know” for “In the last working week, did you use respiratory protection when doing your job?”. You may have been exposed to a chemical used in some manufacturing and building materials, classified as a known human carcinogen."
27544,Formaldehyde,RUBB_Rubber or plastic Industry,EST,high,"Your answers indicate: “Formaldehyde” for “In the last working week, which of the following reagents did you add to the rubber?”; and “No ventilation was applied to the area” for “How was the area where you worked ventilated?”; and “No” for “In the last working week, did you use respiratory protection when doing your job?”. You may have been exposed to a chemical used in some manufacturing and building materials, classified as a known human carcinogen."
27546,Cadmium,RUBB_Rubber or plastic Industry,EST,high,"Your answers indicate: “Cadmium or cadmium compounds” for “In the last working week, which of the following reagents did you add to the rubber?”; and “No ventilation was applied to the area” for “How was the area where you worked ventilated?”; and “Don't know” for “In the last working week, did you use respiratory protection when doing your job?”. You may have been exposed to a metal used in some manufacturing such as batteries or coatings, classified as a known human carcinogen."
27547,Cadmium,RUBB_Rubber or plastic Industry,EST,high,"Your answers indicate: “Cadmium or cadmium compounds” for “In the last working week, which of the following reagents did you add to the rubber?”; and “No ventilation was applied to the area” for “How was the area where you worked ventilated?”; and “No” for “In the last working week, did you use respiratory protection when doing your job?”. You may have been exposed to a metal used in some manufacturing such as batteries or coatings, classified as a known human carcinogen."
27549,Lead,RUBB_Rubber or plastic Industry,EST,high,"Your answers indicate: “Lead” for “In the last working week, which of the following reagents did you add to the rubber?”; and “No ventilation was applied to the area” for “How was the area where you worked ventilated?”; and “Don't know” for “In the last working week, did you use respiratory protection when doing your job?”. You may have been exposed to a metal used in some manufacturing, a recognised cause of serious effects on the nervous system, kidneys and reproductive health."
27550,Lead,RUBB_Rubber or plastic Industry,EST,high,"Your answers indicate: “Lead” for “In the last working week, which of the following reagents did you add to the rubber?”; and “No ventilation was applied to the area” for “How was the area where you worked ventilated?”; and “No” for “In the last working week, did you use respiratory protection when doing your job?”. You may have been exposed to a metal used in some manufacturing, a recognised cause of serious effects on the nervous system, kidneys and reproductive health."
27552,Lead,RUBB_Rubber or plastic Industry,EST,high,"Your answers indicate: “Yes” for “In the last working week, did you handle or come into contact with lead oxide?”; and “No ventilation was applied to the area” for “How was the area where you worked ventilated?”; and “Don't know” for “In the last working week, did you use respiratory protection when doing your job?”. You may have been exposed to a metal used in some manufacturing, a recognised cause of serious effects on the nervous system, kidneys and reproductive health."
27553,Lead,RUBB_Rubber or plastic Industry,EST,high,"Your answers indicate: “Yes” for “In the last working week, did you handle or come into contact with lead oxide?”; and “No ventilation was applied to the area” for “How was the area where you worked ventilated?”; and “No” for “In the last working week, did you use respiratory protection when doing your job?”. You may have been exposed to a metal used in some manufacturing, a recognised cause of serious effects on the nervous system, kidneys and reproductive health."
27555,Chromium VI,RUBB_Rubber or plastic Industry,EST,high,"Your answers indicate: “Yes” for “Did the pigments contain chromium?”; and “No ventilation was applied to the area” for “How was the area where you worked ventilated?”; and “Don't know” for “In the last working week, did you use respiratory protection when doing your job?”. You may have been exposed to a form of chromium used in some manufacturing such as plating or welding, classified as a known human carcinogen."
27556,Chromium VI,RUBB_Rubber or plastic Industry,EST,high,"Your answers indicate: “Yes” for “Did the pigments contain chromium?”; and “No ventilation was applied to the area” for “How was the area where you worked ventilated?”; and “No” for “In the last working week, did you use respiratory protection when doing your job?”. You may have been exposed to a form of chromium used in some manufacturing such as plating or welding, classified as a known human carcinogen."
27558,Benzene,RUBB_Rubber or plastic Industry,EST,high,"Your answers indicate: “Yes” for “In the last working week, did you work in the area where off-gases, monomers, or solvents were recovered and purified so that they could be used again?”; and “No ventilation was applied to the area” for “How was the area where you worked ventilated?”; and “Don't know” for “In the last working week, did you use respiratory protection when doing your job?”. You may have been exposed to a solvent found in fuels and some industrial processes, classified as a known human carcinogen."
27559,Benzene,RUBB_Rubber or plastic Industry,EST,high,"Your answers indicate: “Yes” for “In the last working week, did you work in the area where off-gases, monomers, or solvents were recovered and purified so that they could be used again?”; and “No ventilation was applied to the area” for “How was the area where you worked ventilated?”; and “No” for “In the last working week, did you use respiratory protection when doing your job?”. You may have been exposed to a solvent found in fuels and some industrial processes, classified as a known human carcinogen."
27561,Ortho-toluidine,RUBB_Rubber or plastic Industry,EST,medium,"Your answers indicate: “Yes” for “In the last working week, did you work in the vulcanisation or curing area?”; and “Don't know” for “How was the area where you worked ventilated?”; and “No” for “In the last working week, did you use respiratory protection when doing your job?”. You may have been exposed to a chemical used in some dye and rubber manufacturing, classified as a known human carcinogen."
27562,Ortho-toluidine,RUBB_Rubber or plastic Industry,EST,medium,"Your answers indicate: “Yes” for “In the last working week, did you work in the vulcanisation or curing area?”; and “Don't know” for “How was the area where you worked ventilated?”; and “Don't know” for “In the last working week, did you use respiratory protection when doing your job?”. You may have been exposed to a chemical used in some dye and rubber manufacturing, classified as a known human carcinogen."
27563,Acrylamide,RUBB_Rubber or plastic Industry,EST,high,"Your answers indicate: “ABS (Acrylonitrile butadiene styrene)” for “What kind of synthetic rubber or plastic/resins was made or processed where you worked in the last working week?”; and “Don't know” for “How was the area where you worked ventilated?”; and “Don't know” for “In the last working week, did you use respiratory protection when doing your job?”. You may have been exposed to a chemical used in some manufacturing, classified as a probable human carcinogen and nerve toxin."
27564,Acrylamide,RUBB_Rubber or plastic Industry,EST,high,"Your answers indicate: “ABS (Acrylonitrile butadiene styrene)” for “What kind of synthetic rubber or plastic/resins was made or processed where you worked in the last working week?”; and “Don't know” for “How was the area where you worked ventilated?”; and “No” for “In the last working week, did you use respiratory protection when doing your job?”. You may have been exposed to a chemical used in some manufacturing, classified as a probable human carcinogen and nerve toxin."
27567,Acrylamide,RUBB_Rubber or plastic Industry,EST,high,"Your answers indicate: “Acrylic (plastic or resin)” for “What kind of synthetic rubber or plastic/resins was made or processed where you worked in the last working week?”; and “Don't know” for “How was the area where you worked ventilated?”; and “Don't know” for “In the last working week, did you use respiratory protection when doing your job?”. You may have been exposed to a chemical used in some manufacturing, classified as a probable human carcinogen and nerve toxin."
27568,Acrylamide,RUBB_Rubber or plastic Industry,EST,high,"Your answers indicate: “Acrylic (plastic or resin)” for “What kind of synthetic rubber or plastic/resins was made or processed where you worked in the last working week?”; and “Don't know” for “How was the area where you worked ventilated?”; and “No” for “In the last working week, did you use respiratory protection when doing your job?”. You may have been exposed to a chemical used in some manufacturing, classified as a probable human carcinogen and nerve toxin."
27570,Acrylamide,RUBB_Rubber or plastic Industry,EST,high,"Your answers indicate: “PVAc/PVAcA (Polyvinyl acetate)” for “What kind of synthetic rubber or plastic/resins was made or processed where you worked in the last working week?”; and “Don't know” for “How was the area where you worked ventilated?”; and “Don't know” for “In the last working week, did you use respiratory protection when doing your job?”. You may have been exposed to a chemical used in some manufacturing, classified as a probable human carcinogen and nerve toxin."
27571,Acrylamide,RUBB_Rubber or plastic Industry,EST,high,"Your answers indicate: “PVAc/PVAcA (Polyvinyl acetate)” for “What kind of synthetic rubber or plastic/resins was made or processed where you worked in the last working week?”; and “Don't know” for “How was the area where you worked ventilated?”; and “No” for “In the last working week, did you use respiratory protection when doing your job?”. You may have been exposed to a chemical used in some manufacturing, classified as a probable human carcinogen and nerve toxin."
27574,"1,3 butadiene",RUBB_Rubber or plastic Industry,EST,high,"Your answers indicate: “PVAc/PVAcA (Polyvinyl acetate)” for “What kind of synthetic rubber or plastic/resins was made or processed where you worked in the last working week?”; and “Don't know” for “How was the area where you worked ventilated?”; and “Don't know” for “In the last working week, did you use respiratory protection when doing your job?”. You may have been exposed to a chemical used in rubber and plastics manufacturing, classified as a known human carcinogen."
27575,"1,3 butadiene",RUBB_Rubber or plastic Industry,EST,high,"Your answers indicate: “PVAc/PVAcA (Polyvinyl acetate)” for “What kind of synthetic rubber or plastic/resins was made or processed where you worked in the last working week?”; and “Don't know” for “How was the area where you worked ventilated?”; and “No” for “In the last working week, did you use respiratory protection when doing your job?”. You may have been exposed to a chemical used in rubber and plastics manufacturing, classified as a known human carcinogen."
27577,Epichlorhydrin,RUBB_Rubber or plastic Industry,EST,medium,"Your answers indicate: “Rubber where epichlorohydrin was used” for “What kind of synthetic rubber or plastic/resins was made or processed where you worked in the last working week?”; and “Don't know” for “How was the area where you worked ventilated?”. You may have been exposed to a chemical used in some manufacturing such as epoxy resins, classified as a probable human carcinogen."
27578,Formaldehyde,RUBB_Rubber or plastic Industry,EST,high,"Your answers indicate: “Formaldehyde-urea, formaldehyde-phenol or melamine-formaldehyde resins” for “What kind of synthetic rubber or plastic/resins was made or processed where you worked in the last working week?”; and “Don't know” for “How was the area where you worked ventilated?”. You may have been exposed to a chemical used in some manufacturing and building materials, classified as a known human carcinogen."
27579,Formaldehyde,RUBB_Rubber or plastic Industry,EST,high,"Your answers indicate: “POM (Polyacetal or polyformaldehyde or polyoxymethylene)” for “What kind of synthetic rubber or plastic/resins was made or processed where you worked in the last working week?”; and “Don't know” for “How was the area where you worked ventilated?”; and “Don't know” for “In the last working week, did you use respiratory protection when doing your job?”. You may have been exposed to a chemical used in some manufacturing and building materials, classified as a known human carcinogen."
27580,Formaldehyde,RUBB_Rubber or plastic Industry,EST,high,"Your answers indicate: “POM (Polyacetal or polyformaldehyde or polyoxymethylene)” for “What kind of synthetic rubber or plastic/resins was made or processed where you worked in the last working week?”; and “Don't know” for “How was the area where you worked ventilated?”; and “No” for “In the last working week, did you use respiratory protection when doing your job?”. You may have been exposed to a chemical used in some manufacturing and building materials, classified as a known human carcinogen."
27585,Formaldehyde,RUBB_Rubber or plastic Industry,EST,high,"Your answers indicate: “Formaldehyde” for “In the last working week, which of the following reagents did you add to the rubber?”; and “Don't know” for “How was the area where you worked ventilated?”; and “Don't know” for “In the last working week, did you use respiratory protection when doing your job?”. You may have been exposed to a chemical used in some manufacturing and building materials, classified as a known human carcinogen."
27586,Formaldehyde,RUBB_Rubber or plastic Industry,EST,high,"Your answers indicate: “Formaldehyde” for “In the last working week, which of the following reagents did you add to the rubber?”; and “Don't know” for “How was the area where you worked ventilated?”; and “No” for “In the last working week, did you use respiratory protection when doing your job?”. You may have been exposed to a chemical used in some manufacturing and building materials, classified as a known human carcinogen."
27588,Cadmium,RUBB_Rubber or plastic Industry,EST,high,"Your answers indicate: “Cadmium or cadmium compounds” for “In the last working week, which of the following reagents did you add to the rubber?”; and “Don't know” for “How was the area where you worked ventilated?”; and “Don't know” for “In the last working week, did you use respiratory protection when doing your job?”. You may have been exposed to a metal used in some manufacturing such as batteries or coatings, classified as a known human carcinogen."
27589,Cadmium,RUBB_Rubber or plastic Industry,EST,high,"Your answers indicate: “Cadmium or cadmium compounds” for “In the last working week, which of the following reagents did you add to the rubber?”; and “Don't know” for “How was the area where you worked ventilated?”; and “No” for “In the last working week, did you use respiratory protection when doing your job?”. You may have been exposed to a metal used in some manufacturing such as batteries or coatings, classified as a known human carcinogen."
27591,Lead,RUBB_Rubber or plastic Industry,EST,high,"Your answers indicate: “Lead” for “In the last working week, which of the following reagents did you add to the rubber?”; and “Don't know” for “How was the area where you worked ventilated?”; and “Don't know” for “In the last working week, did you use respiratory protection when doing your job?”. You may have been exposed to a metal used in some manufacturing, a recognised cause of serious effects on the nervous system, kidneys and reproductive health."
27592,Lead,RUBB_Rubber or plastic Industry,EST,high,"Your answers indicate: “Lead” for “In the last working week, which of the following reagents did you add to the rubber?”; and “Don't know” for “How was the area where you worked ventilated?”; and “No” for “In the last working week, did you use respiratory protection when doing your job?”. You may have been exposed to a metal used in some manufacturing, a recognised cause of serious effects on the nervous system, kidneys and reproductive health."
27594,Lead,RUBB_Rubber or plastic Industry,EST,high,"Your answers indicate: “Yes” for “In the last working week, did you handle or come into contact with lead oxide?”; and “Don't know” for “How was the area where you worked ventilated?”; and “Don't know” for “In the last working week, did you use respiratory protection when doing your job?”. You may have been exposed to a metal used in some manufacturing, a recognised cause of serious effects on the nervous system, kidneys and reproductive health."
27595,Lead,RUBB_Rubber or plastic Industry,EST,high,"Your answers indicate: “Yes” for “In the last working week, did you handle or come into contact with lead oxide?”; and “Don't know” for “How was the area where you worked ventilated?”; and “No” for “In the last working week, did you use respiratory protection when doing your job?”. You may have been exposed to a metal used in some manufacturing, a recognised cause of serious effects on the nervous system, kidneys and reproductive health."
27597,Chromium VI,RUBB_Rubber or plastic Industry,EST,high,"Your answers indicate: “Yes” for “Did the pigments contain chromium?”; and “Don't know” for “How was the area where you worked ventilated?”; and “Don't know” for “In the last working week, did you use respiratory protection when doing your job?”. You may have been exposed to a form of chromium used in some manufacturing such as plating or welding, classified as a known human carcinogen."
27598,Chromium VI,RUBB_Rubber or plastic Industry,EST,high,"Your answers indicate: “Yes” for “Did the pigments contain chromium?”; and “Don't know” for “How was the area where you worked ventilated?”; and “No” for “In the last working week, did you use respiratory protection when doing your job?”. You may have been exposed to a form of chromium used in some manufacturing such as plating or welding, classified as a known human carcinogen."
27600,Benzene,RUBB_Rubber or plastic Industry,EST,high,"Your answers indicate: “Yes” for “In the last working week, did you work in the area where off-gases, monomers, or solvents were recovered and purified so that they could be used again?”; and “Don't know” for “How was the area where you worked ventilated?”; and “Don't know” for “In the last working week, did you use respiratory protection when doing your job?”. You may have been exposed to a solvent found in fuels and some industrial processes, classified as a known human carcinogen."
27601,Benzene,RUBB_Rubber or plastic Industry,EST,high,"Your answers indicate: “Yes” for “In the last working week, did you work in the area where off-gases, monomers, or solvents were recovered and purified so that they could be used again?”; and “Don't know” for “How was the area where you worked ventilated?”; and “No” for “In the last working week, did you use respiratory protection when doing your job?”. You may have been exposed to a solvent found in fuels and some industrial processes, classified as a known human carcinogen."
27613,Epichlorhydrin,RUBB_Rubber or plastic Industry,EST,medium,"Your answers indicate: “Rubber where epichlorohydrin was used” for “What kind of synthetic rubber or plastic/resins was made or processed where you worked in the last working week?”; and “Don't know” for “In the last working week, did you use respiratory protection when doing your job?”. You may have been exposed to a chemical used in some manufacturing such as epoxy resins, classified as a probable human carcinogen."
27614,Epichlorhydrin,RUBB_Rubber or plastic Industry,EST,medium,"Your answers indicate: “Rubber where epichlorohydrin was used” for “What kind of synthetic rubber or plastic/resins was made or processed where you worked in the last working week?”; and “No” for “In the last working week, did you use respiratory protection when doing your job?”. You may have been exposed to a chemical used in some manufacturing such as epoxy resins, classified as a probable human carcinogen."
27615,Formaldehyde,RUBB_Rubber or plastic Industry,EST,high,"Your answers indicate: “Formaldehyde-urea, formaldehyde-phenol or melamine-formaldehyde resins” for “What kind of synthetic rubber or plastic/resins was made or processed where you worked in the last working week?”; and “Don't know” for “In the last working week, did you use respiratory protection when doing your job?”. You may have been exposed to a chemical used in some manufacturing and building materials, classified as a known human carcinogen."
27616,Formaldehyde,RUBB_Rubber or plastic Industry,EST,high,"Your answers indicate: “Formaldehyde-urea, formaldehyde-phenol or melamine-formaldehyde resins” for “What kind of synthetic rubber or plastic/resins was made or processed where you worked in the last working week?”; and “No” for “In the last working week, did you use respiratory protection when doing your job?”. You may have been exposed to a chemical used in some manufacturing and building materials, classified as a known human carcinogen."
27639,Leather dust,SHOE_Shoes and leather goods,EST,medium,"Your answers indicate: “No” for “In the last working week, was water spray or water suppression used to reduce the amount of dust in your work area?”; and “Don't know” for “How was the working area cleaned of dust?”. You may have been exposed to dust from leather processing, linked to an increased risk of nasal cancer in some studies."
27640,Leather dust,SHOE_Shoes and leather goods,EST,medium,"Your answers indicate: “No” for “In the last working week, was water spray or water suppression used to reduce the amount of dust in your work area?”; and “The working area was not cleaned of dust” for “How was the working area cleaned of dust?”. You may have been exposed to dust from leather processing, linked to an increased risk of nasal cancer in some studies."
27641,Leather dust,SHOE_Shoes and leather goods,EST,medium,"Your answers indicate: “No” for “In the last working week, was water spray or water suppression used to reduce the amount of dust in your work area?”; and “None of these” for “How was the working area cleaned of dust?”. You may have been exposed to dust from leather processing, linked to an increased risk of nasal cancer in some studies."
27643,Leather dust,SHOE_Shoes and leather goods,EST,medium,"Your answers indicate: “Don't know” for “In the last working week, was water spray or water suppression used to reduce the amount of dust in your work area?”; and “Don't know” for “How was the working area cleaned of dust?”. You may have been exposed to dust from leather processing, linked to an increased risk of nasal cancer in some studies."
27644,Leather dust,SHOE_Shoes and leather goods,EST,medium,"Your answers indicate: “Don't know” for “In the last working week, was water spray or water suppression used to reduce the amount of dust in your work area?”; and “The working area was not cleaned of dust” for “How was the working area cleaned of dust?”. You may have been exposed to dust from leather processing, linked to an increased risk of nasal cancer in some studies."
27645,Leather dust,SHOE_Shoes and leather goods,EST,medium,"Your answers indicate: “Don't know” for “In the last working week, was water spray or water suppression used to reduce the amount of dust in your work area?”; and “None of these” for “How was the working area cleaned of dust?”. You may have been exposed to dust from leather processing, linked to an increased risk of nasal cancer in some studies."
27651,Leather dust,SHOE_Shoes and leather goods,EST,medium,"Your answers indicate: “Yes” for “In the last working week, did you make or repair leather shoe heels or soles?”; and “No” for “In the last working week, did you use respiratory protection when manufacturing or repairing footwear?”. You may have been exposed to dust from leather processing, linked to an increased risk of nasal cancer in some studies."
27652,Leather dust,SHOE_Shoes and leather goods,EST,medium,"Your answers indicate: “Yes” for “In the last working week, did you make or repair leather shoe heels or soles?”; and “Don't know” for “In the last working week, did you use respiratory protection when manufacturing or repairing footwear?”. You may have been exposed to dust from leather processing, linked to an increased risk of nasal cancer in some studies."
27653,Leather dust,SHOE_Shoes and leather goods,EST,medium,"Your answers indicate: “Yes” for “In the last working week, did you rough, scour, finish or cut the leather?”; and “No” for “In the last working week, did you use respiratory protection when manufacturing or repairing footwear?”. You may have been exposed to dust from leather processing, linked to an increased risk of nasal cancer in some studies."
27654,Leather dust,SHOE_Shoes and leather goods,EST,medium,"Your answers indicate: “Yes” for “In the last working week, did you rough, scour, finish or cut the leather?”; and “Don't know” for “In the last working week, did you use respiratory protection when manufacturing or repairing footwear?”. You may have been exposed to dust from leather processing, linked to an increased risk of nasal cancer in some studies."
27656,Trichloroethylene,SHOE_Shoes and leather goods,EST,high,"Your answers indicate: “Yes” for “Did you work in the finishing process during the last working week?”; and “Don't know” for “In the last working week, did you use respiratory protection when manufacturing or repairing footwear?”; and “No ventilation was applied to the area” for “How was the area where you worked ventilated?”. You may have been exposed to a solvent used in some manufacturing such as degreasing, classified as a known human carcinogen."
27657,Trichloroethylene,SHOE_Shoes and leather goods,EST,high,"Your answers indicate: “Yes” for “Did you work in the finishing process during the last working week?”; and “Don't know” for “In the last working week, did you use respiratory protection when manufacturing or repairing footwear?”; and “Don't know” for “How was the area where you worked ventilated?”. You may have been exposed to a solvent used in some manufacturing such as degreasing, classified as a known human carcinogen."
27659,Trichloroethylene,SHOE_Shoes and leather goods,EST,high,"Your answers indicate: “Yes” for “Did you work in the finishing process during the last working week?”; and “No” for “In the last working week, did you use respiratory protection when manufacturing or repairing footwear?”; and “No ventilation was applied to the area” for “How was the area where you worked ventilated?”. You may have been exposed to a solvent used in some manufacturing such as degreasing, classified as a known human carcinogen."
27660,Trichloroethylene,SHOE_Shoes and leather goods,EST,high,"Your answers indicate: “Yes” for “Did you work in the finishing process during the last working week?”; and “No” for “In the last working week, did you use respiratory protection when manufacturing or repairing footwear?”; and “Don't know” for “How was the area where you worked ventilated?”. You may have been exposed to a solvent used in some manufacturing such as degreasing, classified as a known human carcinogen."
27662,Formaldehyde,SHOE_Shoes and leather goods,EST,high,"Your answers indicate: “Yes” for “Did you mix rubber and other ingredients in the last working week?”; and “Don't know” for “In the last working week, did you use respiratory protection when manufacturing or repairing footwear?”; and “No ventilation was applied to the area” for “How was the area where you worked ventilated?”. You may have been exposed to a chemical used in some manufacturing and building materials, classified as a known human carcinogen."
27663,Formaldehyde,SHOE_Shoes and leather goods,EST,high,"Your answers indicate: “Yes” for “Did you mix rubber and other ingredients in the last working week?”; and “Don't know” for “In the last working week, did you use respiratory protection when manufacturing or repairing footwear?”; and “Don't know” for “How was the area where you worked ventilated?”. You may have been exposed to a chemical used in some manufacturing and building materials, classified as a known human carcinogen."
27665,Formaldehyde,SHOE_Shoes and leather goods,EST,high,"Your answers indicate: “Yes” for “Did you mix rubber and other ingredients in the last working week?”; and “No” for “In the last working week, did you use respiratory protection when manufacturing or repairing footwear?”; and “No ventilation was applied to the area” for “How was the area where you worked ventilated?”. You may have been exposed to a chemical used in some manufacturing and building materials, classified as a known human carcinogen."
27666,Formaldehyde,SHOE_Shoes and leather goods,EST,high,"Your answers indicate: “Yes” for “Did you mix rubber and other ingredients in the last working week?”; and “No” for “In the last working week, did you use respiratory protection when manufacturing or repairing footwear?”; and “Don't know” for “How was the area where you worked ventilated?”. You may have been exposed to a chemical used in some manufacturing and building materials, classified as a known human carcinogen."
27678,Formaldehyde,TEAC_Teaching,EST,high,"Your answers indicate: “No ventilation was applied to the area” for “How was the area ventilated where you mixed chemicals?”; and “Formaldehyde/formalin” for “In the last working week, did you come in contact with any of the following film processing chemicals?”. You may have been exposed to a chemical used in some manufacturing and building materials, classified as a known human carcinogen."
27679,Formaldehyde,TEAC_Teaching,EST,high,"Your answers indicate: “Don't know” for “How was the area ventilated where you mixed chemicals?”; and “Formaldehyde/formalin” for “In the last working week, did you come in contact with any of the following film processing chemicals?”. You may have been exposed to a chemical used in some manufacturing and building materials, classified as a known human carcinogen."
27684,Mineral Oils,TEXT_Textiles,UNC,medium,"Your answers indicate: “Mineral oils” for “What types of oils did you apply to the wool?”; and “No ventilation was applied to the area” for “How was the area ventilated while working in a factory that makes or processes fibres, fabric, yarn or thread?”; and “No” for “In the last working week, did you use respiratory protection when you worked in a factory that made or processed fibres, fabric, yarn or thread?”. You may have been exposed to petroleum-based oils used in manufacturing; historically linked to skin cancer with prolonged untreated exposure, though modern refined oils carry lower risk and evidence varies by oil type."
27685,Mineral Oils,TEXT_Textiles,UNC,medium,"Your answers indicate: “Mineral oils” for “What types of oils did you apply to the wool?”; and “No ventilation was applied to the area” for “How was the area ventilated while working in a factory that makes or processes fibres, fabric, yarn or thread?”; and “Don't know” for “In the last working week, did you use respiratory protection when you worked in a factory that made or processed fibres, fabric, yarn or thread?”. You may have been exposed to petroleum-based oils used in manufacturing; historically linked to skin cancer with prolonged untreated exposure, though modern refined oils carry lower risk and evidence varies by oil type."
27686,Mineral Oils,TEXT_Textiles,UNC,medium,"Your answers indicate: “Mineral oils” for “What types of oils did you apply to the wool?”; and “Don't know” for “How was the area ventilated while working in a factory that makes or processes fibres, fabric, yarn or thread?”; and “No” for “In the last working week, did you use respiratory protection when you worked in a factory that made or processed fibres, fabric, yarn or thread?”. You may have been exposed to petroleum-based oils used in manufacturing; historically linked to skin cancer with prolonged untreated exposure, though modern refined oils carry lower risk and evidence varies by oil type."
27687,Mineral Oils,TEXT_Textiles,UNC,medium,"Your answers indicate: “Mineral oils” for “What types of oils did you apply to the wool?”; and “Don't know” for “How was the area ventilated while working in a factory that makes or processes fibres, fabric, yarn or thread?”; and “Don't know” for “In the last working week, did you use respiratory protection when you worked in a factory that made or processed fibres, fabric, yarn or thread?”. You may have been exposed to petroleum-based oils used in manufacturing; historically linked to skin cancer with prolonged untreated exposure, though modern refined oils carry lower risk and evidence varies by oil type."
27692,Mineral Oils,TEXT_Textiles,UNC,medium,"Your answers indicate: “Yes” for “In the last working week, were mineral oils applied to the fibres/yarn?”; and “No ventilation was applied to the area” for “How was the area ventilated while working in a factory that makes or processes fibres, fabric, yarn or thread?”; and “No” for “In the last working week, did you use respiratory protection when you worked in a factory that made or processed fibres, fabric, yarn or thread?”. You may have been exposed to petroleum-based oils used in manufacturing; historically linked to skin cancer with prolonged untreated exposure, though modern refined oils carry lower risk and evidence varies by oil type."
27693,Mineral Oils,TEXT_Textiles,UNC,medium,"Your answers indicate: “Yes” for “In the last working week, were mineral oils applied to the fibres/yarn?”; and “No ventilation was applied to the area” for “How was the area ventilated while working in a factory that makes or processes fibres, fabric, yarn or thread?”; and “Don't know” for “In the last working week, did you use respiratory protection when you worked in a factory that made or processed fibres, fabric, yarn or thread?”. You may have been exposed to petroleum-based oils used in manufacturing; historically linked to skin cancer with prolonged untreated exposure, though modern refined oils carry lower risk and evidence varies by oil type."
27694,Mineral Oils,TEXT_Textiles,UNC,medium,"Your answers indicate: “Yes” for “In the last working week, were mineral oils applied to the fibres/yarn?”; and “Don't know” for “How was the area ventilated while working in a factory that makes or processes fibres, fabric, yarn or thread?”; and “No” for “In the last working week, did you use respiratory protection when you worked in a factory that made or processed fibres, fabric, yarn or thread?”. You may have been exposed to petroleum-based oils used in manufacturing; historically linked to skin cancer with prolonged untreated exposure, though modern refined oils carry lower risk and evidence varies by oil type."
27695,Mineral Oils,TEXT_Textiles,UNC,medium,"Your answers indicate: “Yes” for “In the last working week, were mineral oils applied to the fibres/yarn?”; and “Don't know” for “How was the area ventilated while working in a factory that makes or processes fibres, fabric, yarn or thread?”; and “Don't know” for “In the last working week, did you use respiratory protection when you worked in a factory that made or processed fibres, fabric, yarn or thread?”. You may have been exposed to petroleum-based oils used in manufacturing; historically linked to skin cancer with prolonged untreated exposure, though modern refined oils carry lower risk and evidence varies by oil type."
27698,Mineral Oils,TEXT_Textiles,UNC,medium,"Your answers indicate: “Spraying” for “How was the mineral oil applied?”; and “No ventilation was applied to the area” for “How was the area ventilated while working in a factory that makes or processes fibres, fabric, yarn or thread?”. You may have been exposed to petroleum-based oils used in manufacturing; historically linked to skin cancer with prolonged untreated exposure, though modern refined oils carry lower risk and evidence varies by oil type."
27699,Mineral Oils,TEXT_Textiles,UNC,medium,"Your answers indicate: “Spraying” for “How was the mineral oil applied?”; and “Don't know” for “How was the area ventilated while working in a factory that makes or processes fibres, fabric, yarn or thread?”. You may have been exposed to petroleum-based oils used in manufacturing; historically linked to skin cancer with prolonged untreated exposure, though modern refined oils carry lower risk and evidence varies by oil type."
27700,Mineral Oils,TEXT_Textiles,UNC,medium,"Your answers indicate: “Spraying” for “How was the mineral oil applied?”; and “No” for “In the last working week, did you use respiratory protection when you worked in a factory that made or processed fibres, fabric, yarn or thread?”. You may have been exposed to petroleum-based oils used in manufacturing; historically linked to skin cancer with prolonged untreated exposure, though modern refined oils carry lower risk and evidence varies by oil type."
27701,Mineral Oils,TEXT_Textiles,UNC,medium,"Your answers indicate: “Spraying” for “How was the mineral oil applied?”; and “Don't know” for “In the last working week, did you use respiratory protection when you worked in a factory that made or processed fibres, fabric, yarn or thread?”. You may have been exposed to petroleum-based oils used in manufacturing; historically linked to skin cancer with prolonged untreated exposure, though modern refined oils carry lower risk and evidence varies by oil type."
27703,Benzene,TEXT_Textiles,EST,high,"Your answers indicate: “Solvent-based cleaners (e.g Petroleum distillates / hydrocarbon cleaners)” for “What chemicals did you use to clean the screens, rollers, or cylinders in the last working week?”; and “No ventilation was applied to the area” for “How was the area ventilated while working in a factory that makes or processes fibres, fabric, yarn or thread?”; and “No” for “In the last working week, did you use respiratory protection when you worked in a factory that made or processed fibres, fabric, yarn or thread?”. You may have been exposed to a solvent found in fuels and some industrial processes, classified as a known human carcinogen."
27704,Benzene,TEXT_Textiles,EST,high,"Your answers indicate: “Solvent-based cleaners (e.g Petroleum distillates / hydrocarbon cleaners)” for “What chemicals did you use to clean the screens, rollers, or cylinders in the last working week?”; and “No ventilation was applied to the area” for “How was the area ventilated while working in a factory that makes or processes fibres, fabric, yarn or thread?”; and “Don't know” for “In the last working week, did you use respiratory protection when you worked in a factory that made or processed fibres, fabric, yarn or thread?”. You may have been exposed to a solvent found in fuels and some industrial processes, classified as a known human carcinogen."
27706,Benzene,TEXT_Textiles,EST,high,"Your answers indicate: “Solvent-based cleaners (e.g Petroleum distillates / hydrocarbon cleaners)” for “What chemicals did you use to clean the screens, rollers, or cylinders in the last working week?”; and “Don't know” for “How was the area ventilated while working in a factory that makes or processes fibres, fabric, yarn or thread?”; and “No” for “In the last working week, did you use respiratory protection when you worked in a factory that made or processed fibres, fabric, yarn or thread?”. You may have been exposed to a solvent found in fuels and some industrial processes, classified as a known human carcinogen."
27707,Benzene,TEXT_Textiles,EST,high,"Your answers indicate: “Solvent-based cleaners (e.g Petroleum distillates / hydrocarbon cleaners)” for “What chemicals did you use to clean the screens, rollers, or cylinders in the last working week?”; and “Don't know” for “How was the area ventilated while working in a factory that makes or processes fibres, fabric, yarn or thread?”; and “Don't know” for “In the last working week, did you use respiratory protection when you worked in a factory that made or processed fibres, fabric, yarn or thread?”. You may have been exposed to a solvent found in fuels and some industrial processes, classified as a known human carcinogen."
27708,Asbestos,WAMA_Waste Management,EST,high,"Your answers indicate: “No” for “In the last working week, did you wear respiratory protection when you loaded/unloaded asbestos-containing products?”; and “Friable (e.g., pipe lagging, insulation, or flaking off from a surface)” for “Were the waste asbestos materials you worked with friable or non-friable?”. You may have been exposed to a mineral fibre once widely used in building materials, classified as a known human carcinogen."
27709,Asbestos,WAMA_Waste Management,EST,high,"Your answers indicate: “No” for “In the last working week, did you wear respiratory protection when you loaded/unloaded asbestos-containing products?”; and “Don't know” for “Were the waste asbestos materials you worked with friable or non-friable?”. You may have been exposed to a mineral fibre once widely used in building materials, classified as a known human carcinogen."
27710,Asbestos,WAMA_Waste Management,EST,high,"Your answers indicate: “No” for “In the last working week, did you wear respiratory protection when you loaded/unloaded asbestos-containing products?”; and “Poor (where you could see loose fibres and dust)” for “In what condition was the non-friable asbestos material you worked with?”. You may have been exposed to a mineral fibre once widely used in building materials, classified as a known human carcinogen."
27711,Asbestos,WAMA_Waste Management,EST,high,"Your answers indicate: “No” for “In the last working week, did you wear respiratory protection when you loaded/unloaded asbestos-containing products?”; and “Don't know” for “In what condition was the non-friable asbestos material you worked with?”. You may have been exposed to a mineral fibre once widely used in building materials, classified as a known human carcinogen."
27712,Asbestos,WAMA_Waste Management,EST,high,"Your answers indicate: “Don't know” for “In the last working week, did you wear respiratory protection when you loaded/unloaded asbestos-containing products?”; and “Friable (e.g., pipe lagging, insulation, or flaking off from a surface)” for “Were the waste asbestos materials you worked with friable or non-friable?”. You may have been exposed to a mineral fibre once widely used in building materials, classified as a known human carcinogen."
27713,Asbestos,WAMA_Waste Management,EST,high,"Your answers indicate: “Don't know” for “In the last working week, did you wear respiratory protection when you loaded/unloaded asbestos-containing products?”; and “Don't know” for “Were the waste asbestos materials you worked with friable or non-friable?”. You may have been exposed to a mineral fibre once widely used in building materials, classified as a known human carcinogen."
27714,Asbestos,WAMA_Waste Management,EST,high,"Your answers indicate: “Don't know” for “In the last working week, did you wear respiratory protection when you loaded/unloaded asbestos-containing products?”; and “Poor (where you could see loose fibres and dust)” for “In what condition was the non-friable asbestos material you worked with?”. You may have been exposed to a mineral fibre once widely used in building materials, classified as a known human carcinogen."
27715,Asbestos,WAMA_Waste Management,EST,high,"Your answers indicate: “Don't know” for “In the last working week, did you wear respiratory protection when you loaded/unloaded asbestos-containing products?”; and “Don't know” for “In what condition was the non-friable asbestos material you worked with?”. You may have been exposed to a mineral fibre once widely used in building materials, classified as a known human carcinogen."
27716,Asbestos,WAMA_Waste Management,EST,high,"Your answers indicate: “A filtering face piece mask or dust mask (called an FFP)” for “What types of respiratory protective equipment (RPE) did you use?”; and “Friable (e.g., pipe lagging, insulation, or flaking off from a surface)” for “Were the waste asbestos materials you worked with friable or non-friable?”. You may have been exposed to a mineral fibre once widely used in building materials, classified as a known human carcinogen."
27717,Asbestos,WAMA_Waste Management,EST,high,"Your answers indicate: “A filtering face piece mask or dust mask (called an FFP)” for “What types of respiratory protective equipment (RPE) did you use?”; and “Don't know” for “Were the waste asbestos materials you worked with friable or non-friable?”. You may have been exposed to a mineral fibre once widely used in building materials, classified as a known human carcinogen."
27718,Asbestos,WAMA_Waste Management,EST,high,"Your answers indicate: “A filtering face piece mask or dust mask (called an FFP)” for “What types of respiratory protective equipment (RPE) did you use?”; and “Poor (where you could see loose fibres and dust)” for “In what condition was the non-friable asbestos material you worked with?”. You may have been exposed to a mineral fibre once widely used in building materials, classified as a known human carcinogen."
27719,Asbestos,WAMA_Waste Management,EST,high,"Your answers indicate: “A filtering face piece mask or dust mask (called an FFP)” for “What types of respiratory protective equipment (RPE) did you use?”; and “Don't know” for “In what condition was the non-friable asbestos material you worked with?”. You may have been exposed to a mineral fibre once widely used in building materials, classified as a known human carcinogen."
33699,Formaldehyde,ARTF_Artist/Film Processing,EST,high,"Your answers indicate: “No ventilation was applied to the area” for “How was the area where you processed your own films ventilated?”; and “Yes” for “In the last working week, did you mix them yourself?”; and “Formaldehyde/formalin” for “In the last working week, did you come in contact with any of the following film processing chemicals?”. You may have been exposed to a chemical used in some manufacturing and building materials, classified as a known human carcinogen."
33700,Chromium VI,ARTF_Artist/Film Processing,EST,high,"Your answers indicate: “No ventilation was applied to the area” for “How was the area where you processed your own films ventilated?”; and “Potassium chlorochromate or potassium dichromate (potassium bichromate) as an intensifier” for “In the last working week, did you come in contact with any of the following film processing chemicals?”; and “Yes” for “In the last working week, did you mix the developer, stabiliser, or hardener solutions yourself when processing films manually?”. You may have been exposed to a form of chromium used in some manufacturing such as plating or welding, classified as a known human carcinogen."
33701,Chromium VI,ARTF_Artist/Film Processing,EST,high,"Your answers indicate: “No ventilation was applied to the area” for “How was the area where you processed your own films ventilated?”; and “Yes” for “In the last working week, did you mix them yourself?”; and “Potassium chlorochromate or potassium dichromate (potassium bichromate) as an intensifier” for “In the last working week, did you come in contact with any of the following film processing chemicals?”. You may have been exposed to a form of chromium used in some manufacturing such as plating or welding, classified as a known human carcinogen."
33702,Formaldehyde,ARTF_Artist/Film Processing,EST,high,"Your answers indicate: “Don't know” for “How was the area where you processed your own films ventilated?”; and “Formaldehyde/formalin” for “In the last working week, did you come in contact with any of the following film processing chemicals?”; and “Yes” for “In the last working week, did you mix the developer, stabiliser, or hardener solutions yourself when processing films manually?”. You may have been exposed to a chemical used in some manufacturing and building materials, classified as a known human carcinogen."
33703,Formaldehyde,ARTF_Artist/Film Processing,EST,high,"Your answers indicate: “Don't know” for “How was the area where you processed your own films ventilated?”; and “Formaldehyde/formalin” for “In the last working week, did you come in contact with any of the following film processing chemicals?”; and “Yes” for “In the last working week, did you mix them yourself?”. You may have been exposed to a chemical used in some manufacturing and building materials, classified as a known human carcinogen."
33704,Chromium VI,ARTF_Artist/Film Processing,EST,high,"Your answers indicate: “Don't know” for “How was the area where you processed your own films ventilated?”; and “Potassium chlorochromate or potassium dichromate (potassium bichromate) as an intensifier” for “In the last working week, did you come in contact with any of the following film processing chemicals?”; and “Yes” for “In the last working week, did you mix the developer, stabiliser, or hardener solutions yourself when processing films manually?”. You may have been exposed to a form of chromium used in some manufacturing such as plating or welding, classified as a known human carcinogen."
33705,Chromium VI,ARTF_Artist/Film Processing,EST,high,"Your answers indicate: “Don't know” for “How was the area where you processed your own films ventilated?”; and “Potassium chlorochromate or potassium dichromate (potassium bichromate) as an intensifier” for “In the last working week, did you come in contact with any of the following film processing chemicals?”; and “Yes” for “In the last working week, did you mix them yourself?”. You may have been exposed to a form of chromium used in some manufacturing such as plating or welding, classified as a known human carcinogen."
33706,Chromium VI,ARTF_Artist/Film Processing,EST,high,"Your answers indicate: “No” for “In the last working week, did you use respiratory protection while you processed your own films?”; and “Potassium chlorochromate or potassium dichromate (potassium bichromate) as an intensifier” for “In the last working week, did you come in contact with any of the following film processing chemicals?”; and “Yes” for “In the last working week, did you mix them yourself?”. You may have been exposed to a form of chromium used in some manufacturing such as plating or welding, classified as a known human carcinogen."
33707,Chromium VI,ARTF_Artist/Film Processing,EST,high,"Your answers indicate: “No” for “In the last working week, did you use respiratory protection while you processed your own films?”; and “Potassium chlorochromate or potassium dichromate (potassium bichromate) as an intensifier” for “In the last working week, did you come in contact with any of the following film processing chemicals?”; and “Yes” for “In the last working week, did you mix the developer, stabiliser, or hardener solutions yourself when processing films manually?”. You may have been exposed to a form of chromium used in some manufacturing such as plating or welding, classified as a known human carcinogen."
33708,Formaldehyde,ARTF_Artist/Film Processing,EST,high,"Your answers indicate: “No” for “In the last working week, did you use respiratory protection while you processed your own films?”; and “Formaldehyde/formalin” for “In the last working week, did you come in contact with any of the following film processing chemicals?”; and “Yes” for “In the last working week, did you mix the developer, stabiliser, or hardener solutions yourself when processing films manually?”. You may have been exposed to a chemical used in some manufacturing and building materials, classified as a known human carcinogen."
33709,Formaldehyde,ARTF_Artist/Film Processing,EST,high,"Your answers indicate: “No” for “In the last working week, did you use respiratory protection while you processed your own films?”; and “Formaldehyde/formalin” for “In the last working week, did you come in contact with any of the following film processing chemicals?”; and “Yes” for “In the last working week, did you mix them yourself?”. You may have been exposed to a chemical used in some manufacturing and building materials, classified as a known human carcinogen."
33710,Formaldehyde,ARTF_Artist/Film Processing,EST,high,"Your answers indicate: “Don't know” for “In the last working week, did you use respiratory protection while you processed your own films?”; and “Formaldehyde/formalin” for “In the last working week, did you come in contact with any of the following film processing chemicals?”; and “Yes” for “In the last working week, did you mix the developer, stabiliser, or hardener solutions yourself when processing films manually?”. You may have been exposed to a chemical used in some manufacturing and building materials, classified as a known human carcinogen."
33711,Formaldehyde,ARTF_Artist/Film Processing,EST,high,"Your answers indicate: “Don't know” for “In the last working week, did you use respiratory protection while you processed your own films?”; and “Formaldehyde/formalin” for “In the last working week, did you come in contact with any of the following film processing chemicals?”; and “Yes” for “In the last working week, did you mix them yourself?”. You may have been exposed to a chemical used in some manufacturing and building materials, classified as a known human carcinogen."
33712,Chromium VI,ARTF_Artist/Film Processing,EST,high,"Your answers indicate: “Don't know” for “In the last working week, did you use respiratory protection while you processed your own films?”; and “Potassium chlorochromate or potassium dichromate (potassium bichromate) as an intensifier” for “In the last working week, did you come in contact with any of the following film processing chemicals?”; and “Yes” for “In the last working week, did you mix the developer, stabiliser, or hardener solutions yourself when processing films manually?”. You may have been exposed to a form of chromium used in some manufacturing such as plating or welding, classified as a known human carcinogen."
33713,Chromium VI,ARTF_Artist/Film Processing,EST,high,"Your answers indicate: “Don't know” for “In the last working week, did you use respiratory protection while you processed your own films?”; and “Potassium chlorochromate or potassium dichromate (potassium bichromate) as an intensifier” for “In the last working week, did you come in contact with any of the following film processing chemicals?”; and “Yes” for “In the last working week, did you mix them yourself?”. You may have been exposed to a form of chromium used in some manufacturing such as plating or welding, classified as a known human carcinogen."
33734,Ethylene oxide,"IMAR_Industrial Manufacturing, Assembly and repair",EST,high,"Your answers indicate: “Don't know” for “In the last working week, did you use ethylene oxide in a totally closed system?”. You may have been exposed to a gas used in sterilisation and some manufacturing, classified as a known human carcinogen."
33738,Ortho-toluidine,LABC_Lab worker Chemist,EST,medium,"Your answers indicate: “Ortho-toluidine” for “In the last working week, did you handle or come in contact with any of the following?”; and “None of these” for “In the last working week, how was the area where you handled chemicals ventilated?”; and “Don't know” for “In the last working week, did you use respiratory protection?”. You may have been exposed to a chemical used in some dye and rubber manufacturing, classified as a known human carcinogen."
33739,Ortho-toluidine,LABC_Lab worker Chemist,EST,medium,"Your answers indicate: “Ortho-toluidine” for “In the last working week, did you handle or come in contact with any of the following?”; and “None of these” for “In the last working week, how was the area where you handled chemicals ventilated?”; and “No” for “In the last working week, did you use respiratory protection?”. You may have been exposed to a chemical used in some dye and rubber manufacturing, classified as a known human carcinogen."
33741,"1,3 butadiene",LABC_Lab worker Chemist,EST,high,"Your answers indicate: “1,3 butadiene” for “In the last working week, did you handle or come in contact with any of the following?”; and “None of these” for “In the last working week, how was the area where you handled chemicals ventilated?”; and “Don't know” for “In the last working week, did you use respiratory protection?”. You may have been exposed to a chemical used in rubber and plastics manufacturing, classified as a known human carcinogen."
33742,"1,3 butadiene",LABC_Lab worker Chemist,EST,high,"Your answers indicate: “1,3 butadiene” for “In the last working week, did you handle or come in contact with any of the following?”; and “None of these” for “In the last working week, how was the area where you handled chemicals ventilated?”; and “No” for “In the last working week, did you use respiratory protection?”. You may have been exposed to a chemical used in rubber and plastics manufacturing, classified as a known human carcinogen."
33744,Acrylamide,LABC_Lab worker Chemist,EST,high,"Your answers indicate: “Acrylamide” for “In the last working week, did you handle or come in contact with any of the following?”; and “None of these” for “In the last working week, how was the area where you handled chemicals ventilated?”; and “Don't know” for “In the last working week, did you use respiratory protection?”. You may have been exposed to a chemical used in some manufacturing, classified as a probable human carcinogen and nerve toxin."
33745,Acrylamide,LABC_Lab worker Chemist,EST,high,"Your answers indicate: “Acrylamide” for “In the last working week, did you handle or come in contact with any of the following?”; and “None of these” for “In the last working week, how was the area where you handled chemicals ventilated?”; and “No” for “In the last working week, did you use respiratory protection?”. You may have been exposed to a chemical used in some manufacturing, classified as a probable human carcinogen and nerve toxin."
33747,Epichlorhydrin,LABC_Lab worker Chemist,EST,medium,"Your answers indicate: “Epichlorohydrin” for “In the last working week, did you handle or come in contact with any of the following?”; and “Don't know” for “In the last working week, did you use respiratory protection?”; and “None of these” for “In the last working week, how was the area where you handled chemicals ventilated?”. You may have been exposed to a chemical used in some manufacturing such as epoxy resins, classified as a probable human carcinogen."
33748,Epichlorhydrin,LABC_Lab worker Chemist,EST,medium,"Your answers indicate: “Epichlorohydrin” for “In the last working week, did you handle or come in contact with any of the following?”; and “None of these” for “In the last working week, how was the area where you handled chemicals ventilated?”; and “No” for “In the last working week, did you use respiratory protection?”. You may have been exposed to a chemical used in some manufacturing such as epoxy resins, classified as a probable human carcinogen."
33750,Ethylene oxide,LABC_Lab worker Chemist,EST,high,"Your answers indicate: “Ethylene oxide” for “In the last working week, did you handle or come in contact with any of the following?”; and “None of these” for “In the last working week, how was the area where you handled chemicals ventilated?”; and “Don't know” for “In the last working week, did you use respiratory protection?”. You may have been exposed to a gas used in sterilisation and some manufacturing, classified as a known human carcinogen."
33751,Ethylene oxide,LABC_Lab worker Chemist,EST,high,"Your answers indicate: “Ethylene oxide” for “In the last working week, did you handle or come in contact with any of the following?”; and “None of these” for “In the last working week, how was the area where you handled chemicals ventilated?”; and “No” for “In the last working week, did you use respiratory protection?”. You may have been exposed to a gas used in sterilisation and some manufacturing, classified as a known human carcinogen."
33753,Ortho-toluidine,LABC_Lab worker Chemist,EST,medium,"Your answers indicate: “Don't know” for “In the last working week, how was the area where you handled chemicals ventilated?”; and “Ortho-toluidine” for “In the last working week, did you handle or come in contact with any of the following?”; and “Don't know” for “In the last working week, did you use respiratory protection?”. You may have been exposed to a chemical used in some dye and rubber manufacturing, classified as a known human carcinogen."
33754,Ortho-toluidine,LABC_Lab worker Chemist,EST,medium,"Your answers indicate: “Don't know” for “In the last working week, how was the area where you handled chemicals ventilated?”; and “Ortho-toluidine” for “In the last working week, did you handle or come in contact with any of the following?”; and “No” for “In the last working week, did you use respiratory protection?”. You may have been exposed to a chemical used in some dye and rubber manufacturing, classified as a known human carcinogen."
33756,Ethylene oxide,LABC_Lab worker Chemist,EST,high,"Your answers indicate: “Don't know” for “In the last working week, how was the area where you handled chemicals ventilated?”; and “Ethylene oxide” for “In the last working week, did you handle or come in contact with any of the following?”; and “Don't know” for “In the last working week, did you use respiratory protection?”. You may have been exposed to a gas used in sterilisation and some manufacturing, classified as a known human carcinogen."
33757,Ethylene oxide,LABC_Lab worker Chemist,EST,high,"Your answers indicate: “Don't know” for “In the last working week, how was the area where you handled chemicals ventilated?”; and “Ethylene oxide” for “In the last working week, did you handle or come in contact with any of the following?”; and “No” for “In the last working week, did you use respiratory protection?”. You may have been exposed to a gas used in sterilisation and some manufacturing, classified as a known human carcinogen."
33761,"1,3 butadiene",LABC_Lab worker Chemist,EST,high,"Your answers indicate: “Don't know” for “In the last working week, how was the area where you handled chemicals ventilated?”; and “1,3 butadiene” for “In the last working week, did you handle or come in contact with any of the following?”; and “Don't know” for “In the last working week, did you use respiratory protection?”. You may have been exposed to a chemical used in rubber and plastics manufacturing, classified as a known human carcinogen."
33762,"1,3 butadiene",LABC_Lab worker Chemist,EST,high,"Your answers indicate: “Don't know” for “In the last working week, how was the area where you handled chemicals ventilated?”; and “1,3 butadiene” for “In the last working week, did you handle or come in contact with any of the following?”; and “No” for “In the last working week, did you use respiratory protection?”. You may have been exposed to a chemical used in rubber and plastics manufacturing, classified as a known human carcinogen."
33763,Acrylamide,LABC_Lab worker Chemist,EST,high,"Your answers indicate: “Don't know” for “In the last working week, how was the area where you handled chemicals ventilated?”; and “Acrylamide” for “In the last working week, did you handle or come in contact with any of the following?”; and “Don't know” for “In the last working week, did you use respiratory protection?”. You may have been exposed to a chemical used in some manufacturing, classified as a probable human carcinogen and nerve toxin."
33764,Acrylamide,LABC_Lab worker Chemist,EST,high,"Your answers indicate: “Don't know” for “In the last working week, how was the area where you handled chemicals ventilated?”; and “Acrylamide” for “In the last working week, did you handle or come in contact with any of the following?”; and “No” for “In the last working week, did you use respiratory protection?”. You may have been exposed to a chemical used in some manufacturing, classified as a probable human carcinogen and nerve toxin."
33765,Epichlorhydrin,LABC_Lab worker Chemist,EST,medium,"Your answers indicate: “Don't know” for “In the last working week, how was the area where you handled chemicals ventilated?”; and “Epichlorohydrin” for “In the last working week, did you handle or come in contact with any of the following?”; and “Don't know” for “In the last working week, did you use respiratory protection?”. You may have been exposed to a chemical used in some manufacturing such as epoxy resins, classified as a probable human carcinogen."
33766,Epichlorhydrin,LABC_Lab worker Chemist,EST,medium,"Your answers indicate: “Don't know” for “In the last working week, how was the area where you handled chemicals ventilated?”; and “Epichlorohydrin” for “In the last working week, did you handle or come in contact with any of the following?”; and “No” for “In the last working week, did you use respiratory protection?”. You may have been exposed to a chemical used in some manufacturing such as epoxy resins, classified as a probable human carcinogen."
33769,Chromium VI,MFAC_Metal Finishing & Coating,EST,high,"Your answers indicate: “No” for “Were any other methods of fume control used? E.g., Croffles to cover the surface of the plating/polishing tank or a lid on the container”; and “Chromium” for “What metals did you use for plating?”. You may have been exposed to a form of chromium used in some manufacturing such as plating or welding, classified as a known human carcinogen."
33773,Chromium VI,MFAC_Metal Finishing & Coating,EST,high,"Your answers indicate: “Don't know” for “Were any other methods of fume control used? E.g., Croffles to cover the surface of the plating/polishing tank or a lid on the container”; and “Chromium” for “What metals did you use for plating?”. You may have been exposed to a form of chromium used in some manufacturing such as plating or welding, classified as a known human carcinogen."
33778,Silica,MFAC_Metal Finishing & Coating,EST,high,"Your answers indicate: “Don't know” for “In the last working week, did you use an exhaust hood or local exhaust ventilation when applying the fired enamel?”; and “No” for “In the last working week, did you use respiratory protection when applying fired enamel?”. You may have been exposed to crystalline silica dust from cutting, grinding or drilling into materials like concrete, classified as a known human carcinogen and cause of silicosis."
33779,Silica,MFAC_Metal Finishing & Coating,EST,high,"Your answers indicate: “Don't know” for “In the last working week, did you use an exhaust hood or local exhaust ventilation when applying the fired enamel?”; and “Don't know” for “In the last working week, did you use respiratory protection when applying fired enamel?”. You may have been exposed to crystalline silica dust from cutting, grinding or drilling into materials like concrete, classified as a known human carcinogen and cause of silicosis."
33785,Leather dust,LEAT_Leather Tanning,EST,medium,"Your answers indicate: “Yes” for “Were the hides and skins split or shaved while dry?”; and “No” for “In the last working week, did you use respiratory protection when doing your job?”. You may have been exposed to dust from leather processing, linked to an increased risk of nasal cancer in some studies."
33786,Leather dust,LEAT_Leather Tanning,EST,medium,"Your answers indicate: “Yes” for “Were the hides and skins split or shaved while dry?”; and “Don't know” for “In the last working week, did you use respiratory protection when doing your job?”. You may have been exposed to dust from leather processing, linked to an increased risk of nasal cancer in some studies."
33787,Leather dust,LEAT_Leather Tanning,EST,medium,"Your answers indicate: “Yes” for “Were the hides and skins split or shaved while dry?”; and “By fans in the window or doorway” for “How was the area where you worked ventilated?”. You may have been exposed to dust from leather processing, linked to an increased risk of nasal cancer in some studies."
33788,Leather dust,LEAT_Leather Tanning,EST,medium,"Your answers indicate: “Yes” for “Were the hides and skins split or shaved while dry?”; and “No ventilation was applied to the area” for “How was the area where you worked ventilated?”. You may have been exposed to dust from leather processing, linked to an increased risk of nasal cancer in some studies."
33789,Leather dust,LEAT_Leather Tanning,EST,medium,"Your answers indicate: “Yes” for “Were the hides and skins split or shaved while dry?”; and “Don't know” for “How was the area where you worked ventilated?”. You may have been exposed to dust from leather processing, linked to an increased risk of nasal cancer in some studies."
33790,Leather dust,LEAT_Leather Tanning,EST,medium,"Your answers indicate: “Yes” for “In the last working week, did you work in the area where leather was dried, set out, stretched and softened?”; and “Don't know” for “In the last working week, did you use respiratory protection when doing your job?”; and “By fans in the window or doorway” for “How was the area where you worked ventilated?”. You may have been exposed to dust from leather processing, linked to an increased risk of nasal cancer in some studies."
33805,Benzene,OPET_Oil/Petroleum Industry,EST,high,"Your answers indicate: “Yes” for “In the last working week, did you manually clean or remove 'sludge' from vessels?”; and “No ventilation was applied to the area” for “How was the area where you worked ventilated?”. You may have been exposed to a solvent found in fuels and some industrial processes, classified as a known human carcinogen."
33806,Benzene,OPET_Oil/Petroleum Industry,EST,high,"Your answers indicate: “Yes” for “In the last working week, did you manually clean or remove 'sludge' from vessels?”; and “Don't know” for “How was the area where you worked ventilated?”. You may have been exposed to a solvent found in fuels and some industrial processes, classified as a known human carcinogen."
33826,"1,3 butadiene",RUBB_Rubber or plastic Industry,EST,high,"Your answers indicate: “No ventilation was applied to the area” for “How was the area where you worked ventilated?”; and “Styrene-butadiene, polybutadiene, SBR (styrene-butadiene rubber), or BR (butadiene rubber)” for “What kind of synthetic rubber or plastic/resins was made or processed where you worked in the last working week?”; and “No” for “In the last working week, did you use respiratory protection when doing your job?”. You may have been exposed to a chemical used in rubber and plastics manufacturing, classified as a known human carcinogen."
33827,"1,3 butadiene",RUBB_Rubber or plastic Industry,EST,high,"Your answers indicate: “No ventilation was applied to the area” for “How was the area where you worked ventilated?”; and “Styrene-butadiene, polybutadiene, SBR (styrene-butadiene rubber), or BR (butadiene rubber)” for “What kind of synthetic rubber or plastic/resins was made or processed where you worked in the last working week?”; and “Don't know” for “In the last working week, did you use respiratory protection when doing your job?”. You may have been exposed to a chemical used in rubber and plastics manufacturing, classified as a known human carcinogen."
33829,Ethylene oxide,RUBB_Rubber or plastic Industry,EST,high,"Your answers indicate: “No ventilation was applied to the area” for “How was the area where you worked ventilated?”; and “Polyethylene glycol (PEG)” for “What kind of synthetic rubber or plastic/resins was made or processed where you worked in the last working week?”; and “Don't know” for “In the last working week, did you use respiratory protection when doing your job?”. You may have been exposed to a gas used in sterilisation and some manufacturing, classified as a known human carcinogen."
33830,Ethylene oxide,RUBB_Rubber or plastic Industry,EST,high,"Your answers indicate: “No ventilation was applied to the area” for “How was the area where you worked ventilated?”; and “Polyethylene glycol (PEG)” for “What kind of synthetic rubber or plastic/resins was made or processed where you worked in the last working week?”; and “No” for “In the last working week, did you use respiratory protection when doing your job?”. You may have been exposed to a gas used in sterilisation and some manufacturing, classified as a known human carcinogen."
33831,"1,3 butadiene",RUBB_Rubber or plastic Industry,EST,high,"Your answers indicate: “Don't know” for “How was the area where you worked ventilated?”; and “Styrene-butadiene, polybutadiene, SBR (styrene-butadiene rubber), or BR (butadiene rubber)” for “What kind of synthetic rubber or plastic/resins was made or processed where you worked in the last working week?”; and “No” for “In the last working week, did you use respiratory protection when doing your job?”. You may have been exposed to a chemical used in rubber and plastics manufacturing, classified as a known human carcinogen."
33832,"1,3 butadiene",RUBB_Rubber or plastic Industry,EST,high,"Your answers indicate: “Don't know” for “How was the area where you worked ventilated?”; and “Styrene-butadiene, polybutadiene, SBR (styrene-butadiene rubber), or BR (butadiene rubber)” for “What kind of synthetic rubber or plastic/resins was made or processed where you worked in the last working week?”; and “Don't know” for “In the last working week, did you use respiratory protection when doing your job?”. You may have been exposed to a chemical used in rubber and plastics manufacturing, classified as a known human carcinogen."
33834,Ethylene oxide,RUBB_Rubber or plastic Industry,EST,high,"Your answers indicate: “Don't know” for “How was the area where you worked ventilated?”; and “No” for “In the last working week, did you use respiratory protection when doing your job?”; and “Polyethylene glycol (PEG)” for “What kind of synthetic rubber or plastic/resins was made or processed where you worked in the last working week?”. You may have been exposed to a gas used in sterilisation and some manufacturing, classified as a known human carcinogen."
33835,Ethylene oxide,RUBB_Rubber or plastic Industry,EST,high,"Your answers indicate: “Don't know” for “How was the area where you worked ventilated?”; and “Don't know” for “In the last working week, did you use respiratory protection when doing your job?”; and “Polyethylene glycol (PEG)” for “What kind of synthetic rubber or plastic/resins was made or processed where you worked in the last working week?”. You may have been exposed to a gas used in sterilisation and some manufacturing, classified as a known human carcinogen."
33843,Silica,MINE_Miners/Quarrymen,EST,high,"Your answers indicate: “Cobalt” for “What was mined or quarried where you worked?”; and “At the shaft” for “In the last working week, where did you work?”; and “Below/underground” for “In the last working week, what type of mine or quarry did you work in?”. You may have been exposed to crystalline silica dust from cutting, grinding or drilling into materials like concrete, classified as a known human carcinogen and cause of silicosis."
33844,Silica,MINE_Miners/Quarrymen,EST,high,"Your answers indicate: “Cobalt” for “What was mined or quarried where you worked?”; and “In the passageways used to transport the ore to the surface” for “In the last working week, where did you work?”; and “Below/underground” for “In the last working week, what type of mine or quarry did you work in?”. You may have been exposed to crystalline silica dust from cutting, grinding or drilling into materials like concrete, classified as a known human carcinogen and cause of silicosis."
33845,Silica,MINE_Miners/Quarrymen,EST,high,"Your answers indicate: “Cobalt” for “What was mined or quarried where you worked?”; and “At the mine face” for “In the last working week, where did you work?”; and “Below/underground” for “In the last working week, what type of mine or quarry did you work in?”. You may have been exposed to crystalline silica dust from cutting, grinding or drilling into materials like concrete, classified as a known human carcinogen and cause of silicosis."
33851,Silica,MINE_Miners/Quarrymen,EST,high,"Your answers indicate: “Ferrochromium or chromium” for “What was mined or quarried where you worked?”; and “At the shaft” for “In the last working week, where did you work?”; and “Below/underground” for “In the last working week, what type of mine or quarry did you work in?”. You may have been exposed to crystalline silica dust from cutting, grinding or drilling into materials like concrete, classified as a known human carcinogen and cause of silicosis."
33852,Silica,MINE_Miners/Quarrymen,EST,high,"Your answers indicate: “Ferrochromium or chromium” for “What was mined or quarried where you worked?”; and “In the passageways used to transport the ore to the surface” for “In the last working week, where did you work?”; and “Below/underground” for “In the last working week, what type of mine or quarry did you work in?”. You may have been exposed to crystalline silica dust from cutting, grinding or drilling into materials like concrete, classified as a known human carcinogen and cause of silicosis."
33853,Silica,MINE_Miners/Quarrymen,EST,high,"Your answers indicate: “Ferrochromium or chromium” for “What was mined or quarried where you worked?”; and “At the mine face” for “In the last working week, where did you work?”; and “Below/underground” for “In the last working week, what type of mine or quarry did you work in?”. You may have been exposed to crystalline silica dust from cutting, grinding or drilling into materials like concrete, classified as a known human carcinogen and cause of silicosis."
33858,Silica,MINE_Miners/Quarrymen,EST,high,"Your answers indicate: “Gold” for “What was mined or quarried where you worked?”; and “At the shaft” for “In the last working week, where did you work?”; and “Below/underground” for “In the last working week, what type of mine or quarry did you work in?”. You may have been exposed to crystalline silica dust from cutting, grinding or drilling into materials like concrete, classified as a known human carcinogen and cause of silicosis."
33859,Silica,MINE_Miners/Quarrymen,EST,high,"Your answers indicate: “Gold” for “What was mined or quarried where you worked?”; and “In the passageways used to transport the ore to the surface” for “In the last working week, where did you work?”; and “Below/underground” for “In the last working week, what type of mine or quarry did you work in?”. You may have been exposed to crystalline silica dust from cutting, grinding or drilling into materials like concrete, classified as a known human carcinogen and cause of silicosis."
33860,Silica,MINE_Miners/Quarrymen,EST,high,"Your answers indicate: “Gold” for “What was mined or quarried where you worked?”; and “At the mine face” for “In the last working week, where did you work?”; and “Below/underground” for “In the last working week, what type of mine or quarry did you work in?”. You may have been exposed to crystalline silica dust from cutting, grinding or drilling into materials like concrete, classified as a known human carcinogen and cause of silicosis."
127248,Silica,CERA_Ceramics Glass Prod,EST,high,"Your answers indicate: “Yes” for “In the last working week, did you mix or handle (e.g., crushing, sizing, transferring) any raw materials in dry form?”; and “Using a brush or sweeping the area with a broom” for “How was the production area cleaned of dust?”. You may have been exposed to crystalline silica dust from cutting, grinding or drilling into materials like concrete, classified as a known human carcinogen and cause of silicosis."
127249,Silica,CERA_Ceramics Glass Prod,EST,high,"Your answers indicate: “Yes” for “In the last working week, did you mix or handle (e.g., crushing, sizing, transferring) any raw materials in dry form?”; and “Using compressed air” for “How was the production area cleaned of dust?”. You may have been exposed to crystalline silica dust from cutting, grinding or drilling into materials like concrete, classified as a known human carcinogen and cause of silicosis."
127250,Silica,CERA_Ceramics Glass Prod,EST,high,"Your answers indicate: “Yes” for “In the last working week, did you prepare enamels?”; and “None of these” for “How was the production area cleaned of dust?”. You may have been exposed to crystalline silica dust from cutting, grinding or drilling into materials like concrete, classified as a known human carcinogen and cause of silicosis."
127251,Silica,CERA_Ceramics Glass Prod,EST,high,"Your answers indicate: “Yes” for “In the last working week, did you prepare enamels?”; and “The working area was not cleaned of dust” for “How was the production area cleaned of dust?”. You may have been exposed to crystalline silica dust from cutting, grinding or drilling into materials like concrete, classified as a known human carcinogen and cause of silicosis."
127252,Silica,CERA_Ceramics Glass Prod,EST,high,"Your answers indicate: “Yes” for “In the last working week, did you prepare enamels?”; and “Don’t know” for “How was the production area cleaned of dust?”. You may have been exposed to crystalline silica dust from cutting, grinding or drilling into materials like concrete, classified as a known human carcinogen and cause of silicosis."
127253,Silica,CERA_Ceramics Glass Prod,EST,high,"Your answers indicate: “Art ceramics” for “What types of ceramic or glass products are made where you work?”; and “None of these” for “What types of measures were used to reduce the amount of dust in your work area in the last working week?”. You may have been exposed to crystalline silica dust from cutting, grinding or drilling into materials like concrete, classified as a known human carcinogen and cause of silicosis."
127254,Silica,CERA_Ceramics Glass Prod,EST,high,"Your answers indicate: “Art ceramics” for “What types of ceramic or glass products are made where you work?”; and “Don't know” for “What types of measures were used to reduce the amount of dust in your work area in the last working week?”. You may have been exposed to crystalline silica dust from cutting, grinding or drilling into materials like concrete, classified as a known human carcinogen and cause of silicosis."
127258,Silica,CERA_Ceramics Glass Prod,EST,high,"Your answers indicate: “Art ceramics” for “What types of ceramic or glass products are made where you work?”; and “None of these” for “In the last working week, what type of measures were used to reduce the amount of dust in your work area?”; and “Power tools” for “In the last working week, did you use hand or power tools for fettling?”. You may have been exposed to crystalline silica dust from cutting, grinding or drilling into materials like concrete, classified as a known human carcinogen and cause of silicosis."
127260,Silica,CERA_Ceramics Glass Prod,EST,high,"Your answers indicate: “Art ceramics” for “What types of ceramic or glass products are made where you work?”; and “Don't know” for “In the last working week, what type of measures were used to reduce the amount of dust in your work area?”; and “Power tools” for “In the last working week, did you use hand or power tools for fettling?”. You may have been exposed to crystalline silica dust from cutting, grinding or drilling into materials like concrete, classified as a known human carcinogen and cause of silicosis."
127263,Nickel,MFAC_Metal Finishing & Coating,EST,high,"Your answers indicate: “Don't know” for “Were the plating/polishing tanks exhausted to remove the fumes from the room?”; and “Nickel” for “What metals did you use for plating?”; and “Don't know” for “Were any other methods of fume control used? E.g., Croffles to cover the surface of the plating/polishing tank or a lid on the container”. You may have been exposed to a metal used in some manufacturing such as plating or welding, with some compounds classified as known human carcinogens."
127264,Nickel,MFAC_Metal Finishing & Coating,EST,high,"Your answers indicate: “No” for “Were the plating/polishing tanks exhausted to remove the fumes from the room?”; and “Nickel” for “What metals did you use for plating?”; and “No” for “Were any other methods of fume control used? E.g., Croffles to cover the surface of the plating/polishing tank or a lid on the container”. You may have been exposed to a metal used in some manufacturing such as plating or welding, with some compounds classified as known human carcinogens."
127265,Nickel,MFAC_Metal Finishing & Coating,EST,high,"Your answers indicate: “No” for “Were any other methods of fume control used? E.g., Croffles to cover the surface of the plating/polishing tank or a lid on the container”; and “Nickel” for “What metals did you use for plating?”; and “Don't know” for “Were the plating/polishing tanks exhausted to remove the fumes from the room?”. You may have been exposed to a metal used in some manufacturing such as plating or welding, with some compounds classified as known human carcinogens."
127266,Nickel,MFAC_Metal Finishing & Coating,EST,high,"Your answers indicate: “Don't know” for “Were any other methods of fume control used? E.g., Croffles to cover the surface of the plating/polishing tank or a lid on the container”; and “Nickel” for “What metals did you use for plating?”; and “No” for “Were the plating/polishing tanks exhausted to remove the fumes from the room?”. You may have been exposed to a metal used in some manufacturing such as plating or welding, with some compounds classified as known human carcinogens."
127267,Cobalt,MFAC_Metal Finishing & Coating,EST,medium,"Your answers indicate: “Cobalt” for “What metals did you use for plating?”; and “Don't know” for “Were the plating/polishing tanks exhausted to remove the fumes from the room?”; and “Don't know” for “Were any other methods of fume control used? E.g., Croffles to cover the surface of the plating/polishing tank or a lid on the container”. You may have been exposed to a metal used in some manufacturing such as hard-metal tooling or batteries, linked to lung disease and classified as a possible human carcinogen."
127268,Cobalt,MFAC_Metal Finishing & Coating,EST,medium,"Your answers indicate: “Cobalt” for “What metals did you use for plating?”; and “No” for “Were the plating/polishing tanks exhausted to remove the fumes from the room?”; and “No” for “Were any other methods of fume control used? E.g., Croffles to cover the surface of the plating/polishing tank or a lid on the container”. You may have been exposed to a metal used in some manufacturing such as hard-metal tooling or batteries, linked to lung disease and classified as a possible human carcinogen."
127269,Cobalt,MFAC_Metal Finishing & Coating,EST,medium,"Your answers indicate: “Cobalt” for “What metals did you use for plating?”; and “Don't know” for “Were any other methods of fume control used? E.g., Croffles to cover the surface of the plating/polishing tank or a lid on the container”; and “No” for “Were the plating/polishing tanks exhausted to remove the fumes from the room?”. You may have been exposed to a metal used in some manufacturing such as hard-metal tooling or batteries, linked to lung disease and classified as a possible human carcinogen."
127270,Cobalt,MFAC_Metal Finishing & Coating,EST,medium,"Your answers indicate: “Cobalt” for “What metals did you use for plating?”; and “No” for “Were any other methods of fume control used? E.g., Croffles to cover the surface of the plating/polishing tank or a lid on the container”; and “Don't know” for “Were the plating/polishing tanks exhausted to remove the fumes from the room?”. You may have been exposed to a metal used in some manufacturing such as hard-metal tooling or batteries, linked to lung disease and classified as a possible human carcinogen."
127272,Chromium VI,PRIN_Printing,EST,high,"Your answers indicate: “Potassium chlorochromate or potassium dichromate (potassium bichromate) as an intensifier” for “In the last working week, did you come in contact with any of the following film processing chemicals?”; and “No ventilation was applied to the area” for “How was the area ventilated where you mixed chemicals?”. You may have been exposed to a form of chromium used in some manufacturing such as plating or welding, classified as a known human carcinogen."
127273,Chromium VI,PRIN_Printing,EST,high,"Your answers indicate: “Potassium chlorochromate or potassium dichromate (potassium bichromate) as an intensifier” for “In the last working week, did you come in contact with any of the following film processing chemicals?”; and “Don't know” for “How was the area ventilated where you mixed chemicals?”. You may have been exposed to a form of chromium used in some manufacturing such as plating or welding, classified as a known human carcinogen."
127275,Chromium VI,TEAC_Teaching,EST,high,"Your answers indicate: “Potassium chlorochromate or potassium dichromate (potassium bichromate) as an intensifier” for “In the last working week, did you come in contact with any of the following film processing chemicals?”; and “Don't know” for “How was the area ventilated where you mixed chemicals?”. You may have been exposed to a form of chromium used in some manufacturing such as plating or welding, classified as a known human carcinogen."
127276,Chromium VI,TEAC_Teaching,EST,high,"Your answers indicate: “Potassium chlorochromate or potassium dichromate (potassium bichromate) as an intensifier” for “In the last working week, did you come in contact with any of the following film processing chemicals?”; and “No ventilation was applied to the area” for “How was the area ventilated where you mixed chemicals?”. You may have been exposed to a form of chromium used in some manufacturing such as plating or welding, classified as a known human carcinogen."
127321,Trichloroethylene,DRYC_Dry Cleaner,EST,high,"Your answers indicate: “Trichloroethylene” for “In the last working week, did you use any of the following dry cleaning chemicals?”; and “Maintained or repaired dry cleaning equipment” for “In the last working week, did you do any of the following tasks?”; and “No ventilation was applied to the area” for “How was the area ventilated where you carried out dry cleaning of clothes?”. You may have been exposed to a solvent used in some manufacturing such as degreasing, classified as a known human carcinogen."
127322,Trichloroethylene,DRYC_Dry Cleaner,EST,high,"Your answers indicate: “Trichloroethylene” for “In the last working week, did you use any of the following dry cleaning chemicals?”; and “Maintained or repaired dry cleaning equipment” for “In the last working week, did you do any of the following tasks?”; and “Don't know” for “How was the area ventilated where you carried out dry cleaning of clothes?”. You may have been exposed to a solvent used in some manufacturing such as degreasing, classified as a known human carcinogen."
127323,Trichloroethylene,DRYC_Dry Cleaner,EST,high,"Your answers indicate: “Trichloroethylene” for “In the last working week, did you use any of the following dry cleaning chemicals?”; and “Cleaned dry cleaning equipment” for “In the last working week, did you do any of the following tasks?”; and “No ventilation was applied to the area” for “How was the area ventilated where you carried out dry cleaning of clothes?”. You may have been exposed to a solvent used in some manufacturing such as degreasing, classified as a known human carcinogen."
127324,Trichloroethylene,DRYC_Dry Cleaner,EST,high,"Your answers indicate: “Trichloroethylene” for “In the last working week, did you use any of the following dry cleaning chemicals?”; and “Cleaned dry cleaning equipment” for “In the last working week, did you do any of the following tasks?”; and “Don't know” for “How was the area ventilated where you carried out dry cleaning of clothes?”. You may have been exposed to a solvent used in some manufacturing such as degreasing, classified as a known human carcinogen."
127333,Ethylene oxide,aPES Pesticides short version,EST,high,"Your answers indicate: “A filtering face piece mask or dust mask (called an FFP)” for “What types of respiratory protective equipment (RPE) did you use?”; and “Yes” for “In the last working week, did you use herbicides or insecticides containing ethylene oxide?”; and “Don't know” for “How was the area ventilated where you mixed, loaded or applied herbicides, weed killers or insecticides?”. You may have been exposed to a gas used in sterilisation and some manufacturing, classified as a known human carcinogen."
127334,Ethylene oxide,aPES Pesticides short version,EST,high,"Your answers indicate: “A filtering face piece mask or dust mask (called an FFP)” for “What types of respiratory protective equipment (RPE) did you use?”; and “Yes” for “In the last working week, did you use herbicides or insecticides containing ethylene oxide?”; and “No ventilation was applied to the area” for “How was the area ventilated where you mixed, loaded or applied herbicides, weed killers or insecticides?”. You may have been exposed to a gas used in sterilisation and some manufacturing, classified as a known human carcinogen."
127336,Wood Dust,aSAN Sanding aJSM,EST,high,"Your answers indicate: “A filtering face piece mask or dust mask (called an FFP)” for “What types of respiratory protective equipment (RPE) did you use?”; and “Chipboard, MDF, plywood, or pressed wood” for “In the last working week, did you sand any of the following items?”; and “A power sander or polisher” for “In the last working week, which of the following did you use to sand or polish the items?”; and “No” for “Was there a ventilation system that removed dust or fume from where you worked in the last working week (local exhaust ventilation or on-tool extraction)?”. You may have been exposed to dust from wood processing, classified as a known human carcinogen, particularly from hardwoods."
127337,Wood Dust,aSAN Sanding aJSM,EST,high,"Your answers indicate: “A filtering face piece mask or dust mask (called an FFP)” for “What types of respiratory protective equipment (RPE) did you use?”; and “Chipboard, MDF, plywood, or pressed wood” for “In the last working week, did you sand any of the following items?”; and “A power sander or polisher” for “In the last working week, which of the following did you use to sand or polish the items?”; and “Don't know” for “Was there a ventilation system that removed dust or fume from where you worked in the last working week (local exhaust ventilation or on-tool extraction)?”. You may have been exposed to dust from wood processing, classified as a known human carcinogen, particularly from hardwoods."
127339,Wood Dust,aSAN Sanding aJSM,EST,high,"Your answers indicate: “A filtering face piece mask or dust mask (called an FFP)” for “What types of respiratory protective equipment (RPE) did you use?”; and “Wood” for “In the last working week, did you sand any of the following items?”; and “A power sander or polisher” for “In the last working week, which of the following did you use to sand or polish the items?”; and “No” for “Was there a ventilation system that removed dust or fume from where you worked in the last working week (local exhaust ventilation or on-tool extraction)?”. You may have been exposed to dust from wood processing, classified as a known human carcinogen, particularly from hardwoods."
127340,Wood Dust,aSAN Sanding aJSM,EST,high,"Your answers indicate: “A filtering face piece mask or dust mask (called an FFP)” for “What types of respiratory protective equipment (RPE) did you use?”; and “Wood” for “In the last working week, did you sand any of the following items?”; and “A power sander or polisher” for “In the last working week, which of the following did you use to sand or polish the items?”; and “Don't know” for “Was there a ventilation system that removed dust or fume from where you worked in the last working week (local exhaust ventilation or on-tool extraction)?”. You may have been exposed to dust from wood processing, classified as a known human carcinogen, particularly from hardwoods."
127343,Ethylene oxide,CHEM_Chemical Pharmaceutical Manufacturing,EST,high,"Your answers indicate: “A filtering face piece mask or dust mask (called an FFP)” for “What types of respiratory protective equipment (RPE) did you use?”; and “Ethylene oxide” for “In the last working week, did you work with any of the following industrial chemicals?”. You may have been exposed to a gas used in sterilisation and some manufacturing, classified as a known human carcinogen."
127346,Silica,"IMAR_Industrial Manufacturing, Assembly and repair",EST,high,"Your answers indicate: “A filtering face piece mask or dust mask (called an FFP)” for “What types of respiratory protective equipment (RPE) did you use?”; and “Yes” for “In the last working week, did your work involve generating silica dust?”; and “Don't know” for “In the last working week, how was the area where you were manufacturing machinery, medical devices or metal products ventilated?”. You may have been exposed to crystalline silica dust from cutting, grinding or drilling into materials like concrete, classified as a known human carcinogen and cause of silicosis."
127347,Silica,"IMAR_Industrial Manufacturing, Assembly and repair",EST,high,"Your answers indicate: “A filtering face piece mask or dust mask (called an FFP)” for “What types of respiratory protective equipment (RPE) did you use?”; and “Yes” for “In the last working week, did your work involve generating silica dust?”; and “None of these” for “In the last working week, how was the area where you were manufacturing machinery, medical devices or metal products ventilated?”. You may have been exposed to crystalline silica dust from cutting, grinding or drilling into materials like concrete, classified as a known human carcinogen and cause of silicosis."
127356,Formaldehyde,aPTL Pathology laboratory aJSM,EST,high,"Your answers indicate: “No” for “In the last working week, did you use respiratory protection when working in a pathology laboratory?”; and “Multiple slot hood” for “Which of the following did you use when handling specimens preserved in formaldehyde solution (formalin) during macroscopy or grossing in the last working week?”; and “Draining of waste formalin solutions” for “In the last working week, did you carry out any of the following tasks?”. You may have been exposed to a chemical used in some manufacturing and building materials, classified as a known human carcinogen."
127357,Formaldehyde,aPTL Pathology laboratory aJSM,EST,high,"Your answers indicate: “No” for “In the last working week, did you use respiratory protection when working in a pathology laboratory?”; and “Laboratory fume hood or fume cupboard” for “Which of the following did you use when handling specimens preserved in formaldehyde solution (formalin) during macroscopy or grossing in the last working week?”; and “Draining of specimens preserved in formalin” for “In the last working week, did you carry out any of the following tasks?”. You may have been exposed to a chemical used in some manufacturing and building materials, classified as a known human carcinogen."
127358,Formaldehyde,aPTL Pathology laboratory aJSM,EST,high,"Your answers indicate: “No” for “In the last working week, did you use respiratory protection when working in a pathology laboratory?”; and “Laboratory fume hood or fume cupboard” for “Which of the following did you use when handling specimens preserved in formaldehyde solution (formalin) during macroscopy or grossing in the last working week?”; and “Draining of waste formalin solutions” for “In the last working week, did you carry out any of the following tasks?”. You may have been exposed to a chemical used in some manufacturing and building materials, classified as a known human carcinogen."
127359,Formaldehyde,aPTL Pathology laboratory aJSM,EST,high,"Your answers indicate: “No” for “In the last working week, did you use respiratory protection when working in a pathology laboratory?”; and “Laboratory fume hood or fume cupboard” for “Which of the following did you use when handling specimens preserved in formaldehyde solution (formalin) during macroscopy or grossing in the last working week?”; and “Decanting of waste formalin solutions” for “In the last working week, did you carry out any of the following tasks?”. You may have been exposed to a chemical used in some manufacturing and building materials, classified as a known human carcinogen."
127360,Formaldehyde,aPTL Pathology laboratory aJSM,EST,high,"Your answers indicate: “No” for “In the last working week, did you use respiratory protection when working in a pathology laboratory?”; and “Multiple slot hood” for “Which of the following did you use when handling specimens preserved in formaldehyde solution (formalin) during macroscopy or grossing in the last working week?”; and “Draining of specimens preserved in formalin” for “In the last working week, did you carry out any of the following tasks?”. You may have been exposed to a chemical used in some manufacturing and building materials, classified as a known human carcinogen."
127361,Formaldehyde,aPTL Pathology laboratory aJSM,EST,high,"Your answers indicate: “No” for “In the last working week, did you use respiratory protection when working in a pathology laboratory?”; and “Multiple slot hood” for “Which of the following did you use when handling specimens preserved in formaldehyde solution (formalin) during macroscopy or grossing in the last working week?”; and “Decanting of waste formalin solutions” for “In the last working week, did you carry out any of the following tasks?”. You may have been exposed to a chemical used in some manufacturing and building materials, classified as a known human carcinogen."
127362,Formaldehyde,aPTL Pathology laboratory aJSM,EST,high,"Your answers indicate: “No” for “In the last working week, did you use respiratory protection when working in a pathology laboratory?”; and “No” for “In the last working week, did you keep the specimens or waste in sealed containers when not in use?”. You may have been exposed to a chemical used in some manufacturing and building materials, classified as a known human carcinogen."
127363,Formaldehyde,aPTL Pathology laboratory aJSM,EST,high,"Your answers indicate: “No” for “In the last working week, did you use respiratory protection when working in a pathology laboratory?”; and “Don't know” for “In the last working week, did you keep the specimens or waste in sealed containers when not in use?”. You may have been exposed to a chemical used in some manufacturing and building materials, classified as a known human carcinogen."
127368,Formaldehyde,aPTL Pathology laboratory aJSM,EST,high,"Your answers indicate: “Don't know” for “In the last working week, did you use respiratory protection when working in a pathology laboratory?”; and “Multiple slot hood” for “Which of the following did you use when handling specimens preserved in formaldehyde solution (formalin) during macroscopy or grossing in the last working week?”; and “Draining of specimens preserved in formalin” for “In the last working week, did you carry out any of the following tasks?”. You may have been exposed to a chemical used in some manufacturing and building materials, classified as a known human carcinogen."
127369,Formaldehyde,aPTL Pathology laboratory aJSM,EST,high,"Your answers indicate: “Don't know” for “In the last working week, did you use respiratory protection when working in a pathology laboratory?”; and “Multiple slot hood” for “Which of the following did you use when handling specimens preserved in formaldehyde solution (formalin) during macroscopy or grossing in the last working week?”; and “Draining of waste formalin solutions” for “In the last working week, did you carry out any of the following tasks?”. You may have been exposed to a chemical used in some manufacturing and building materials, classified as a known human carcinogen."
127370,Formaldehyde,aPTL Pathology laboratory aJSM,EST,high,"Your answers indicate: “Don't know” for “In the last working week, did you use respiratory protection when working in a pathology laboratory?”; and “Multiple slot hood” for “Which of the following did you use when handling specimens preserved in formaldehyde solution (formalin) during macroscopy or grossing in the last working week?”; and “Decanting of waste formalin solutions” for “In the last working week, did you carry out any of the following tasks?”. You may have been exposed to a chemical used in some manufacturing and building materials, classified as a known human carcinogen."
127371,Formaldehyde,aPTL Pathology laboratory aJSM,EST,high,"Your answers indicate: “Don't know” for “In the last working week, did you use respiratory protection when working in a pathology laboratory?”; and “Laboratory fume hood or fume cupboard” for “Which of the following did you use when handling specimens preserved in formaldehyde solution (formalin) during macroscopy or grossing in the last working week?”; and “Draining of specimens preserved in formalin” for “In the last working week, did you carry out any of the following tasks?”. You may have been exposed to a chemical used in some manufacturing and building materials, classified as a known human carcinogen."
127372,Formaldehyde,aPTL Pathology laboratory aJSM,EST,high,"Your answers indicate: “Don't know” for “In the last working week, did you use respiratory protection when working in a pathology laboratory?”; and “Laboratory fume hood or fume cupboard” for “Which of the following did you use when handling specimens preserved in formaldehyde solution (formalin) during macroscopy or grossing in the last working week?”; and “Draining of waste formalin solutions” for “In the last working week, did you carry out any of the following tasks?”. You may have been exposed to a chemical used in some manufacturing and building materials, classified as a known human carcinogen."
127373,Formaldehyde,aPTL Pathology laboratory aJSM,EST,high,"Your answers indicate: “Don't know” for “In the last working week, did you use respiratory protection when working in a pathology laboratory?”; and “Laboratory fume hood or fume cupboard” for “Which of the following did you use when handling specimens preserved in formaldehyde solution (formalin) during macroscopy or grossing in the last working week?”; and “Decanting of waste formalin solutions” for “In the last working week, did you carry out any of the following tasks?”. You may have been exposed to a chemical used in some manufacturing and building materials, classified as a known human carcinogen."
127374,Formaldehyde,aPTL Pathology laboratory aJSM,EST,high,"Your answers indicate: “Don't know” for “In the last working week, did you use respiratory protection when working in a pathology laboratory?”; and “No” for “In the last working week, did you keep the specimens or waste in sealed containers when not in use?”. You may have been exposed to a chemical used in some manufacturing and building materials, classified as a known human carcinogen."
127375,Formaldehyde,aPTL Pathology laboratory aJSM,EST,high,"Your answers indicate: “Don't know” for “In the last working week, did you use respiratory protection when working in a pathology laboratory?”; and “Don't know” for “In the last working week, did you keep the specimens or waste in sealed containers when not in use?”. You may have been exposed to a chemical used in some manufacturing and building materials, classified as a known human carcinogen."
127376,Lead,PRMM_Metal Refining/Smelting,EST,high,"Your answers indicate: “Don't know” for “Were you in a refuge when crushing indoors?”; and “A filtering face piece mask or dust mask (called an FFP)” for “What type of respiratory protective equipment (RPE) did you use when crushing and grinding metal?”; and “No” for “Was there water dust suppression in the crushing area?”. You may have been exposed to a metal used in some manufacturing, a recognised cause of serious effects on the nervous system, kidneys and reproductive health."
127377,Lead,PRMM_Metal Refining/Smelting,EST,high,"Your answers indicate: “Don't know” for “Were you in a refuge when crushing indoors?”; and “Other” for “What type of respiratory protective equipment (RPE) did you use when crushing and grinding metal?”; and “No” for “Was there water dust suppression in the crushing area?”. You may have been exposed to a metal used in some manufacturing, a recognised cause of serious effects on the nervous system, kidneys and reproductive health."
127378,Lead,PRMM_Metal Refining/Smelting,EST,high,"Your answers indicate: “Don't know” for “Were you in a refuge when crushing indoors?”; and “No” for “In the last working week, did you use respiratory protection when crushing or grinding metal?”; and “No” for “Was there water dust suppression in the crushing area?”. You may have been exposed to a metal used in some manufacturing, a recognised cause of serious effects on the nervous system, kidneys and reproductive health."
127379,Lead,PRMM_Metal Refining/Smelting,EST,high,"Your answers indicate: “Don't know” for “Were you in a refuge when crushing indoors?”; and “Don't know” for “In the last working week, did you use respiratory protection when crushing or grinding metal?”; and “No” for “Was there water dust suppression in the crushing area?”. You may have been exposed to a metal used in some manufacturing, a recognised cause of serious effects on the nervous system, kidneys and reproductive health."
127384,Silica,PRMM_Metal Refining/Smelting,EST,high,"Your answers indicate: “Don't know” for “Were you in a refuge when crushing indoors?”; and “A filtering face piece mask or dust mask (called an FFP)” for “What type of respiratory protective equipment (RPE) did you use when crushing and grinding metal?”; and “No” for “Was there water dust suppression in the crushing area?”. You may have been exposed to crystalline silica dust from cutting, grinding or drilling into materials like concrete, classified as a known human carcinogen and cause of silicosis."
127385,Silica,PRMM_Metal Refining/Smelting,EST,high,"Your answers indicate: “Don't know” for “Were you in a refuge when crushing indoors?”; and “Other” for “What type of respiratory protective equipment (RPE) did you use when crushing and grinding metal?”; and “No” for “Was there water dust suppression in the crushing area?”. You may have been exposed to crystalline silica dust from cutting, grinding or drilling into materials like concrete, classified as a known human carcinogen and cause of silicosis."
127386,Silica,PRMM_Metal Refining/Smelting,EST,high,"Your answers indicate: “Don't know” for “Were you in a refuge when crushing indoors?”; and “No” for “In the last working week, did you use respiratory protection when crushing or grinding metal?”; and “No” for “Was there water dust suppression in the crushing area?”. You may have been exposed to crystalline silica dust from cutting, grinding or drilling into materials like concrete, classified as a known human carcinogen and cause of silicosis."
127387,Silica,PRMM_Metal Refining/Smelting,EST,high,"Your answers indicate: “Don't know” for “Were you in a refuge when crushing indoors?”; and “Don't know” for “In the last working week, did you use respiratory protection when crushing or grinding metal?”; and “No” for “Was there water dust suppression in the crushing area?”. You may have been exposed to crystalline silica dust from cutting, grinding or drilling into materials like concrete, classified as a known human carcinogen and cause of silicosis."
127423,Benzene,FIRE_Firefighter,EST,high,"Your answers indicate: “No” for “In the last working week, did you wear an air-supplied breathing apparatus or self-contained breathing apparatus (SCBA) during frontline firefighting?”. You may have been exposed to a solvent found in fuels and some industrial processes, classified as a known human carcinogen."
127424,Benzene,FIRE_Firefighter,EST,high,"Your answers indicate: “Don't know” for “In the last working week, did you wear an air-supplied breathing apparatus or self-contained breathing apparatus (SCBA) during frontline firefighting?”. You may have been exposed to a solvent found in fuels and some industrial processes, classified as a known human carcinogen."
127427,Benzene,aBBU Back Burning aJSM,EST,high,"Your answers indicate: “Don't know” for “Did you wear an air-supplied respirator or SCBA (self-contained breathing apparatus) when managing fires in the last working week?”. You may have been exposed to a solvent found in fuels and some industrial processes, classified as a known human carcinogen."
127428,Silica,MINE_Miners/Quarrymen,EST,high,"Your answers indicate: “Clay, gravel or any stone (e.g. granite)” for “What was mined or quarried where you worked?”; and “Using compressed air” for “In the last working week, how was the working area cleaned of dust?”. You may have been exposed to crystalline silica dust from cutting, grinding or drilling into materials like concrete, classified as a known human carcinogen and cause of silicosis."
127429,Silica,MINE_Miners/Quarrymen,EST,high,"Your answers indicate: “Clay, gravel or any stone (e.g. granite)” for “What was mined or quarried where you worked?”; and “Using a brush or sweeping the area with a broom” for “In the last working week, how was the working area cleaned of dust?”. You may have been exposed to crystalline silica dust from cutting, grinding or drilling into materials like concrete, classified as a known human carcinogen and cause of silicosis."
127435,Silica,MINE_Miners/Quarrymen,EST,high,"Your answers indicate: “Clay, gravel or any stone (e.g. granite)” for “What was mined or quarried where you worked?”; and “None of these” for “In the last working week, how was the working area cleaned of dust?”; and “No” for “In the last working week, was water spray or water suppression used to reduce the amount of dust in your work area?”. You may have been exposed to crystalline silica dust from cutting, grinding or drilling into materials like concrete, classified as a known human carcinogen and cause of silicosis."
127436,Silica,MINE_Miners/Quarrymen,EST,high,"Your answers indicate: “Clay, gravel or any stone (e.g. granite)” for “What was mined or quarried where you worked?”; and “The working area was not cleaned of dust” for “In the last working week, how was the working area cleaned of dust?”; and “No” for “In the last working week, was water spray or water suppression used to reduce the amount of dust in your work area?”. You may have been exposed to crystalline silica dust from cutting, grinding or drilling into materials like concrete, classified as a known human carcinogen and cause of silicosis."
127437,Silica,MINE_Miners/Quarrymen,EST,high,"Your answers indicate: “Clay, gravel or any stone (e.g. granite)” for “What was mined or quarried where you worked?”; and “Don't know” for “In the last working week, how was the working area cleaned of dust?”; and “No” for “In the last working week, was water spray or water suppression used to reduce the amount of dust in your work area?”. You may have been exposed to crystalline silica dust from cutting, grinding or drilling into materials like concrete, classified as a known human carcinogen and cause of silicosis."
127438,Silica,MINE_Miners/Quarrymen,EST,high,"Your answers indicate: “Clay, gravel or any stone (e.g. granite)” for “What was mined or quarried where you worked?”; and “None of these” for “In the last working week, how was the working area cleaned of dust?”; and “Don't know” for “In the last working week, was water spray or water suppression used to reduce the amount of dust in your work area?”. You may have been exposed to crystalline silica dust from cutting, grinding or drilling into materials like concrete, classified as a known human carcinogen and cause of silicosis."
127439,Silica,MINE_Miners/Quarrymen,EST,high,"Your answers indicate: “Clay, gravel or any stone (e.g. granite)” for “What was mined or quarried where you worked?”; and “The working area was not cleaned of dust” for “In the last working week, how was the working area cleaned of dust?”; and “Don't know” for “In the last working week, was water spray or water suppression used to reduce the amount of dust in your work area?”. You may have been exposed to crystalline silica dust from cutting, grinding or drilling into materials like concrete, classified as a known human carcinogen and cause of silicosis."
127440,Silica,MINE_Miners/Quarrymen,EST,high,"Your answers indicate: “Clay, gravel or any stone (e.g. granite)” for “What was mined or quarried where you worked?”; and “Don't know” for “In the last working week, how was the working area cleaned of dust?”; and “Don't know” for “In the last working week, was water spray or water suppression used to reduce the amount of dust in your work area?”. You may have been exposed to crystalline silica dust from cutting, grinding or drilling into materials like concrete, classified as a known human carcinogen and cause of silicosis."
127441,Silica,MINE_Miners/Quarrymen,EST,high,"Your answers indicate: “Coal” for “What was mined or quarried where you worked?”; and “Using compressed air” for “In the last working week, how was the working area cleaned of dust?”. You may have been exposed to crystalline silica dust from cutting, grinding or drilling into materials like concrete, classified as a known human carcinogen and cause of silicosis."
127442,Silica,MINE_Miners/Quarrymen,EST,high,"Your answers indicate: “Coal” for “What was mined or quarried where you worked?”; and “Using a brush or sweeping the area with a broom” for “In the last working week, how was the working area cleaned of dust?”. You may have been exposed to crystalline silica dust from cutting, grinding or drilling into materials like concrete, classified as a known human carcinogen and cause of silicosis."
127449,Silica,MINE_Miners/Quarrymen,EST,high,"Your answers indicate: “Coal” for “What was mined or quarried where you worked?”; and “None of these” for “In the last working week, how was the working area cleaned of dust?”; and “No” for “In the last working week, was water spray or water suppression used to reduce the amount of dust in your work area?”. You may have been exposed to crystalline silica dust from cutting, grinding or drilling into materials like concrete, classified as a known human carcinogen and cause of silicosis."
127450,Silica,MINE_Miners/Quarrymen,EST,high,"Your answers indicate: “Coal” for “What was mined or quarried where you worked?”; and “The working area was not cleaned of dust” for “In the last working week, how was the working area cleaned of dust?”; and “No” for “In the last working week, was water spray or water suppression used to reduce the amount of dust in your work area?”. You may have been exposed to crystalline silica dust from cutting, grinding or drilling into materials like concrete, classified as a known human carcinogen and cause of silicosis."
127451,Silica,MINE_Miners/Quarrymen,EST,high,"Your answers indicate: “Coal” for “What was mined or quarried where you worked?”; and “Don't know” for “In the last working week, how was the working area cleaned of dust?”; and “No” for “In the last working week, was water spray or water suppression used to reduce the amount of dust in your work area?”. You may have been exposed to crystalline silica dust from cutting, grinding or drilling into materials like concrete, classified as a known human carcinogen and cause of silicosis."
127452,Silica,MINE_Miners/Quarrymen,EST,high,"Your answers indicate: “Coal” for “What was mined or quarried where you worked?”; and “None of these” for “In the last working week, how was the working area cleaned of dust?”; and “Don't know” for “In the last working week, was water spray or water suppression used to reduce the amount of dust in your work area?”. You may have been exposed to crystalline silica dust from cutting, grinding or drilling into materials like concrete, classified as a known human carcinogen and cause of silicosis."
127453,Silica,MINE_Miners/Quarrymen,EST,high,"Your answers indicate: “Coal” for “What was mined or quarried where you worked?”; and “The working area was not cleaned of dust” for “In the last working week, how was the working area cleaned of dust?”; and “Don't know” for “In the last working week, was water spray or water suppression used to reduce the amount of dust in your work area?”. You may have been exposed to crystalline silica dust from cutting, grinding or drilling into materials like concrete, classified as a known human carcinogen and cause of silicosis."
127454,Silica,MINE_Miners/Quarrymen,EST,high,"Your answers indicate: “Coal” for “What was mined or quarried where you worked?”; and “Don't know” for “In the last working week, how was the working area cleaned of dust?”; and “Don't know” for “In the last working week, was water spray or water suppression used to reduce the amount of dust in your work area?”. You may have been exposed to crystalline silica dust from cutting, grinding or drilling into materials like concrete, classified as a known human carcinogen and cause of silicosis."
127455,Silica,MINE_Miners/Quarrymen,EST,high,"Your answers indicate: “Cobalt” for “What was mined or quarried where you worked?”; and “Using compressed air” for “In the last working week, how was the working area cleaned of dust?”. You may have been exposed to crystalline silica dust from cutting, grinding or drilling into materials like concrete, classified as a known human carcinogen and cause of silicosis."
127456,Silica,MINE_Miners/Quarrymen,EST,high,"Your answers indicate: “Cobalt” for “What was mined or quarried where you worked?”; and “Using a brush or sweeping the area with a broom” for “In the last working week, how was the working area cleaned of dust?”. You may have been exposed to crystalline silica dust from cutting, grinding or drilling into materials like concrete, classified as a known human carcinogen and cause of silicosis."
127462,Silica,MINE_Miners/Quarrymen,EST,high,"Your answers indicate: “Cobalt” for “What was mined or quarried where you worked?”; and “None of these” for “In the last working week, how was the working area cleaned of dust?”; and “No” for “In the last working week, was water spray or water suppression used to reduce the amount of dust in your work area?”. You may have been exposed to crystalline silica dust from cutting, grinding or drilling into materials like concrete, classified as a known human carcinogen and cause of silicosis."
127463,Silica,MINE_Miners/Quarrymen,EST,high,"Your answers indicate: “Cobalt” for “What was mined or quarried where you worked?”; and “The working area was not cleaned of dust” for “In the last working week, how was the working area cleaned of dust?”; and “No” for “In the last working week, was water spray or water suppression used to reduce the amount of dust in your work area?”. You may have been exposed to crystalline silica dust from cutting, grinding or drilling into materials like concrete, classified as a known human carcinogen and cause of silicosis."
127464,Silica,MINE_Miners/Quarrymen,EST,high,"Your answers indicate: “Cobalt” for “What was mined or quarried where you worked?”; and “Don't know” for “In the last working week, how was the working area cleaned of dust?”; and “No” for “In the last working week, was water spray or water suppression used to reduce the amount of dust in your work area?”. You may have been exposed to crystalline silica dust from cutting, grinding or drilling into materials like concrete, classified as a known human carcinogen and cause of silicosis."
127465,Silica,MINE_Miners/Quarrymen,EST,high,"Your answers indicate: “Cobalt” for “What was mined or quarried where you worked?”; and “None of these” for “In the last working week, how was the working area cleaned of dust?”; and “Don't know” for “In the last working week, was water spray or water suppression used to reduce the amount of dust in your work area?”. You may have been exposed to crystalline silica dust from cutting, grinding or drilling into materials like concrete, classified as a known human carcinogen and cause of silicosis."
127466,Silica,MINE_Miners/Quarrymen,EST,high,"Your answers indicate: “Cobalt” for “What was mined or quarried where you worked?”; and “The working area was not cleaned of dust” for “In the last working week, how was the working area cleaned of dust?”; and “Don't know” for “In the last working week, was water spray or water suppression used to reduce the amount of dust in your work area?”. You may have been exposed to crystalline silica dust from cutting, grinding or drilling into materials like concrete, classified as a known human carcinogen and cause of silicosis."
127467,Silica,MINE_Miners/Quarrymen,EST,high,"Your answers indicate: “Cobalt” for “What was mined or quarried where you worked?”; and “Don't know” for “In the last working week, how was the working area cleaned of dust?”; and “Don't know” for “In the last working week, was water spray or water suppression used to reduce the amount of dust in your work area?”. You may have been exposed to crystalline silica dust from cutting, grinding or drilling into materials like concrete, classified as a known human carcinogen and cause of silicosis."
127469,Silica,MINE_Miners/Quarrymen,EST,high,"Your answers indicate: “Copper” for “What was mined or quarried where you worked?”; and “Using compressed air” for “In the last working week, how was the working area cleaned of dust?”. You may have been exposed to crystalline silica dust from cutting, grinding or drilling into materials like concrete, classified as a known human carcinogen and cause of silicosis."
127470,Silica,MINE_Miners/Quarrymen,EST,high,"Your answers indicate: “Copper” for “What was mined or quarried where you worked?”; and “Using a brush or sweeping the area with a broom” for “In the last working week, how was the working area cleaned of dust?”. You may have been exposed to crystalline silica dust from cutting, grinding or drilling into materials like concrete, classified as a known human carcinogen and cause of silicosis."
127476,Silica,MINE_Miners/Quarrymen,EST,high,"Your answers indicate: “Copper” for “What was mined or quarried where you worked?”; and “None of these” for “In the last working week, how was the working area cleaned of dust?”; and “No” for “In the last working week, was water spray or water suppression used to reduce the amount of dust in your work area?”. You may have been exposed to crystalline silica dust from cutting, grinding or drilling into materials like concrete, classified as a known human carcinogen and cause of silicosis."
127477,Silica,MINE_Miners/Quarrymen,EST,high,"Your answers indicate: “Copper” for “What was mined or quarried where you worked?”; and “The working area was not cleaned of dust” for “In the last working week, how was the working area cleaned of dust?”; and “No” for “In the last working week, was water spray or water suppression used to reduce the amount of dust in your work area?”. You may have been exposed to crystalline silica dust from cutting, grinding or drilling into materials like concrete, classified as a known human carcinogen and cause of silicosis."
127478,Silica,MINE_Miners/Quarrymen,EST,high,"Your answers indicate: “Copper” for “What was mined or quarried where you worked?”; and “Don't know” for “In the last working week, how was the working area cleaned of dust?”; and “No” for “In the last working week, was water spray or water suppression used to reduce the amount of dust in your work area?”. You may have been exposed to crystalline silica dust from cutting, grinding or drilling into materials like concrete, classified as a known human carcinogen and cause of silicosis."
127479,Silica,MINE_Miners/Quarrymen,EST,high,"Your answers indicate: “Copper” for “What was mined or quarried where you worked?”; and “None of these” for “In the last working week, how was the working area cleaned of dust?”; and “Don't know” for “In the last working week, was water spray or water suppression used to reduce the amount of dust in your work area?”. You may have been exposed to crystalline silica dust from cutting, grinding or drilling into materials like concrete, classified as a known human carcinogen and cause of silicosis."
127480,Silica,MINE_Miners/Quarrymen,EST,high,"Your answers indicate: “Copper” for “What was mined or quarried where you worked?”; and “The working area was not cleaned of dust” for “In the last working week, how was the working area cleaned of dust?”; and “Don't know” for “In the last working week, was water spray or water suppression used to reduce the amount of dust in your work area?”. You may have been exposed to crystalline silica dust from cutting, grinding or drilling into materials like concrete, classified as a known human carcinogen and cause of silicosis."
127481,Silica,MINE_Miners/Quarrymen,EST,high,"Your answers indicate: “Copper” for “What was mined or quarried where you worked?”; and “Don't know” for “In the last working week, how was the working area cleaned of dust?”; and “Don't know” for “In the last working week, was water spray or water suppression used to reduce the amount of dust in your work area?”. You may have been exposed to crystalline silica dust from cutting, grinding or drilling into materials like concrete, classified as a known human carcinogen and cause of silicosis."
127482,Silica,MINE_Miners/Quarrymen,EST,high,"Your answers indicate: “Ferrochromium or chromium” for “What was mined or quarried where you worked?”; and “Using compressed air” for “In the last working week, how was the working area cleaned of dust?”. You may have been exposed to crystalline silica dust from cutting, grinding or drilling into materials like concrete, classified as a known human carcinogen and cause of silicosis."
127483,Silica,MINE_Miners/Quarrymen,EST,high,"Your answers indicate: “Ferrochromium or chromium” for “What was mined or quarried where you worked?”; and “Using a brush or sweeping the area with a broom” for “In the last working week, how was the working area cleaned of dust?”. You may have been exposed to crystalline silica dust from cutting, grinding or drilling into materials like concrete, classified as a known human carcinogen and cause of silicosis."
127489,Silica,MINE_Miners/Quarrymen,EST,high,"Your answers indicate: “Ferrochromium or chromium” for “What was mined or quarried where you worked?”; and “None of these” for “In the last working week, how was the working area cleaned of dust?”; and “No” for “In the last working week, was water spray or water suppression used to reduce the amount of dust in your work area?”. You may have been exposed to crystalline silica dust from cutting, grinding or drilling into materials like concrete, classified as a known human carcinogen and cause of silicosis."
127490,Silica,MINE_Miners/Quarrymen,EST,high,"Your answers indicate: “Ferrochromium or chromium” for “What was mined or quarried where you worked?”; and “The working area was not cleaned of dust” for “In the last working week, how was the working area cleaned of dust?”; and “No” for “In the last working week, was water spray or water suppression used to reduce the amount of dust in your work area?”. You may have been exposed to crystalline silica dust from cutting, grinding or drilling into materials like concrete, classified as a known human carcinogen and cause of silicosis."
127491,Silica,MINE_Miners/Quarrymen,EST,high,"Your answers indicate: “Ferrochromium or chromium” for “What was mined or quarried where you worked?”; and “Don't know” for “In the last working week, how was the working area cleaned of dust?”; and “No” for “In the last working week, was water spray or water suppression used to reduce the amount of dust in your work area?”. You may have been exposed to crystalline silica dust from cutting, grinding or drilling into materials like concrete, classified as a known human carcinogen and cause of silicosis."
127492,Silica,MINE_Miners/Quarrymen,EST,high,"Your answers indicate: “Ferrochromium or chromium” for “What was mined or quarried where you worked?”; and “None of these” for “In the last working week, how was the working area cleaned of dust?”; and “Don't know” for “In the last working week, was water spray or water suppression used to reduce the amount of dust in your work area?”. You may have been exposed to crystalline silica dust from cutting, grinding or drilling into materials like concrete, classified as a known human carcinogen and cause of silicosis."
127493,Silica,MINE_Miners/Quarrymen,EST,high,"Your answers indicate: “Ferrochromium or chromium” for “What was mined or quarried where you worked?”; and “The working area was not cleaned of dust” for “In the last working week, how was the working area cleaned of dust?”; and “Don't know” for “In the last working week, was water spray or water suppression used to reduce the amount of dust in your work area?”. You may have been exposed to crystalline silica dust from cutting, grinding or drilling into materials like concrete, classified as a known human carcinogen and cause of silicosis."
127494,Silica,MINE_Miners/Quarrymen,EST,high,"Your answers indicate: “Ferrochromium or chromium” for “What was mined or quarried where you worked?”; and “Don't know” for “In the last working week, how was the working area cleaned of dust?”; and “Don't know” for “In the last working week, was water spray or water suppression used to reduce the amount of dust in your work area?”. You may have been exposed to crystalline silica dust from cutting, grinding or drilling into materials like concrete, classified as a known human carcinogen and cause of silicosis."
127495,Silica,MINE_Miners/Quarrymen,EST,high,"Your answers indicate: “Gold” for “What was mined or quarried where you worked?”; and “Using compressed air” for “In the last working week, how was the working area cleaned of dust?”. You may have been exposed to crystalline silica dust from cutting, grinding or drilling into materials like concrete, classified as a known human carcinogen and cause of silicosis."
127496,Silica,MINE_Miners/Quarrymen,EST,high,"Your answers indicate: “Gold” for “What was mined or quarried where you worked?”; and “Using a brush or sweeping the area with a broom” for “In the last working week, how was the working area cleaned of dust?”. You may have been exposed to crystalline silica dust from cutting, grinding or drilling into materials like concrete, classified as a known human carcinogen and cause of silicosis."
127502,Silica,MINE_Miners/Quarrymen,EST,high,"Your answers indicate: “Gold” for “What was mined or quarried where you worked?”; and “None of these” for “In the last working week, how was the working area cleaned of dust?”; and “No” for “In the last working week, was water spray or water suppression used to reduce the amount of dust in your work area?”. You may have been exposed to crystalline silica dust from cutting, grinding or drilling into materials like concrete, classified as a known human carcinogen and cause of silicosis."
127503,Silica,MINE_Miners/Quarrymen,EST,high,"Your answers indicate: “Gold” for “What was mined or quarried where you worked?”; and “The working area was not cleaned of dust” for “In the last working week, how was the working area cleaned of dust?”; and “No” for “In the last working week, was water spray or water suppression used to reduce the amount of dust in your work area?”. You may have been exposed to crystalline silica dust from cutting, grinding or drilling into materials like concrete, classified as a known human carcinogen and cause of silicosis."
127504,Silica,MINE_Miners/Quarrymen,EST,high,"Your answers indicate: “Gold” for “What was mined or quarried where you worked?”; and “Don't know” for “In the last working week, how was the working area cleaned of dust?”; and “No” for “In the last working week, was water spray or water suppression used to reduce the amount of dust in your work area?”. You may have been exposed to crystalline silica dust from cutting, grinding or drilling into materials like concrete, classified as a known human carcinogen and cause of silicosis."
127505,Silica,MINE_Miners/Quarrymen,EST,high,"Your answers indicate: “Gold” for “What was mined or quarried where you worked?”; and “None of these” for “In the last working week, how was the working area cleaned of dust?”; and “Don't know” for “In the last working week, was water spray or water suppression used to reduce the amount of dust in your work area?”. You may have been exposed to crystalline silica dust from cutting, grinding or drilling into materials like concrete, classified as a known human carcinogen and cause of silicosis."
127506,Silica,MINE_Miners/Quarrymen,EST,high,"Your answers indicate: “Gold” for “What was mined or quarried where you worked?”; and “The working area was not cleaned of dust” for “In the last working week, how was the working area cleaned of dust?”; and “Don't know” for “In the last working week, was water spray or water suppression used to reduce the amount of dust in your work area?”. You may have been exposed to crystalline silica dust from cutting, grinding or drilling into materials like concrete, classified as a known human carcinogen and cause of silicosis."
127507,Silica,MINE_Miners/Quarrymen,EST,high,"Your answers indicate: “Gold” for “What was mined or quarried where you worked?”; and “Don't know” for “In the last working week, how was the working area cleaned of dust?”; and “Don't know” for “In the last working week, was water spray or water suppression used to reduce the amount of dust in your work area?”. You may have been exposed to crystalline silica dust from cutting, grinding or drilling into materials like concrete, classified as a known human carcinogen and cause of silicosis."
127508,Silica,MINE_Miners/Quarrymen,EST,high,"Your answers indicate: “Iron” for “What was mined or quarried where you worked?”; and “Using compressed air” for “In the last working week, how was the working area cleaned of dust?”. You may have been exposed to crystalline silica dust from cutting, grinding or drilling into materials like concrete, classified as a known human carcinogen and cause of silicosis."
127509,Silica,MINE_Miners/Quarrymen,EST,high,"Your answers indicate: “Iron” for “What was mined or quarried where you worked?”; and “Using a brush or sweeping the area with a broom” for “In the last working week, how was the working area cleaned of dust?”. You may have been exposed to crystalline silica dust from cutting, grinding or drilling into materials like concrete, classified as a known human carcinogen and cause of silicosis."
127515,Silica,MINE_Miners/Quarrymen,EST,high,"Your answers indicate: “Iron” for “What was mined or quarried where you worked?”; and “None of these” for “In the last working week, how was the working area cleaned of dust?”; and “No” for “In the last working week, was water spray or water suppression used to reduce the amount of dust in your work area?”. You may have been exposed to crystalline silica dust from cutting, grinding or drilling into materials like concrete, classified as a known human carcinogen and cause of silicosis."
127516,Silica,MINE_Miners/Quarrymen,EST,high,"Your answers indicate: “Iron” for “What was mined or quarried where you worked?”; and “The working area was not cleaned of dust” for “In the last working week, how was the working area cleaned of dust?”; and “No” for “In the last working week, was water spray or water suppression used to reduce the amount of dust in your work area?”. You may have been exposed to crystalline silica dust from cutting, grinding or drilling into materials like concrete, classified as a known human carcinogen and cause of silicosis."
127517,Silica,MINE_Miners/Quarrymen,EST,high,"Your answers indicate: “Iron” for “What was mined or quarried where you worked?”; and “Don't know” for “In the last working week, how was the working area cleaned of dust?”; and “No” for “In the last working week, was water spray or water suppression used to reduce the amount of dust in your work area?”. You may have been exposed to crystalline silica dust from cutting, grinding or drilling into materials like concrete, classified as a known human carcinogen and cause of silicosis."
127518,Silica,MINE_Miners/Quarrymen,EST,high,"Your answers indicate: “Iron” for “What was mined or quarried where you worked?”; and “None of these” for “In the last working week, how was the working area cleaned of dust?”; and “Don't know” for “In the last working week, was water spray or water suppression used to reduce the amount of dust in your work area?”. You may have been exposed to crystalline silica dust from cutting, grinding or drilling into materials like concrete, classified as a known human carcinogen and cause of silicosis."
127519,Silica,MINE_Miners/Quarrymen,EST,high,"Your answers indicate: “Iron” for “What was mined or quarried where you worked?”; and “The working area was not cleaned of dust” for “In the last working week, how was the working area cleaned of dust?”; and “Don't know” for “In the last working week, was water spray or water suppression used to reduce the amount of dust in your work area?”. You may have been exposed to crystalline silica dust from cutting, grinding or drilling into materials like concrete, classified as a known human carcinogen and cause of silicosis."
127520,Silica,MINE_Miners/Quarrymen,EST,high,"Your answers indicate: “Iron” for “What was mined or quarried where you worked?”; and “Don't know” for “In the last working week, how was the working area cleaned of dust?”; and “Don't know” for “In the last working week, was water spray or water suppression used to reduce the amount of dust in your work area?”. You may have been exposed to crystalline silica dust from cutting, grinding or drilling into materials like concrete, classified as a known human carcinogen and cause of silicosis."
127521,Silica,MINE_Miners/Quarrymen,EST,high,"Your answers indicate: “Lead” for “What was mined or quarried where you worked?”; and “Using compressed air” for “In the last working week, how was the working area cleaned of dust?”. You may have been exposed to crystalline silica dust from cutting, grinding or drilling into materials like concrete, classified as a known human carcinogen and cause of silicosis."
127522,Silica,MINE_Miners/Quarrymen,EST,high,"Your answers indicate: “Lead” for “What was mined or quarried where you worked?”; and “Using a brush or sweeping the area with a broom” for “In the last working week, how was the working area cleaned of dust?”. You may have been exposed to crystalline silica dust from cutting, grinding or drilling into materials like concrete, classified as a known human carcinogen and cause of silicosis."
127528,Silica,MINE_Miners/Quarrymen,EST,high,"Your answers indicate: “Lead” for “What was mined or quarried where you worked?”; and “None of these” for “In the last working week, how was the working area cleaned of dust?”; and “No” for “In the last working week, was water spray or water suppression used to reduce the amount of dust in your work area?”. You may have been exposed to crystalline silica dust from cutting, grinding or drilling into materials like concrete, classified as a known human carcinogen and cause of silicosis."
127529,Silica,MINE_Miners/Quarrymen,EST,high,"Your answers indicate: “Lead” for “What was mined or quarried where you worked?”; and “The working area was not cleaned of dust” for “In the last working week, how was the working area cleaned of dust?”; and “No” for “In the last working week, was water spray or water suppression used to reduce the amount of dust in your work area?”. You may have been exposed to crystalline silica dust from cutting, grinding or drilling into materials like concrete, classified as a known human carcinogen and cause of silicosis."
127530,Silica,MINE_Miners/Quarrymen,EST,high,"Your answers indicate: “Lead” for “What was mined or quarried where you worked?”; and “Don't know” for “In the last working week, how was the working area cleaned of dust?”; and “No” for “In the last working week, was water spray or water suppression used to reduce the amount of dust in your work area?”. You may have been exposed to crystalline silica dust from cutting, grinding or drilling into materials like concrete, classified as a known human carcinogen and cause of silicosis."
127531,Silica,MINE_Miners/Quarrymen,EST,high,"Your answers indicate: “Lead” for “What was mined or quarried where you worked?”; and “None of these” for “In the last working week, how was the working area cleaned of dust?”; and “Don't know” for “In the last working week, was water spray or water suppression used to reduce the amount of dust in your work area?”. You may have been exposed to crystalline silica dust from cutting, grinding or drilling into materials like concrete, classified as a known human carcinogen and cause of silicosis."
127532,Silica,MINE_Miners/Quarrymen,EST,high,"Your answers indicate: “Lead” for “What was mined or quarried where you worked?”; and “The working area was not cleaned of dust” for “In the last working week, how was the working area cleaned of dust?”; and “Don't know” for “In the last working week, was water spray or water suppression used to reduce the amount of dust in your work area?”. You may have been exposed to crystalline silica dust from cutting, grinding or drilling into materials like concrete, classified as a known human carcinogen and cause of silicosis."
127533,Silica,MINE_Miners/Quarrymen,EST,high,"Your answers indicate: “Lead” for “What was mined or quarried where you worked?”; and “Don't know” for “In the last working week, how was the working area cleaned of dust?”; and “Don't know” for “In the last working week, was water spray or water suppression used to reduce the amount of dust in your work area?”. You may have been exposed to crystalline silica dust from cutting, grinding or drilling into materials like concrete, classified as a known human carcinogen and cause of silicosis."
127534,Silica,MINE_Miners/Quarrymen,EST,high,"Your answers indicate: “Lime, lime stone or marble” for “What was mined or quarried where you worked?”; and “Using compressed air” for “In the last working week, how was the working area cleaned of dust?”. You may have been exposed to crystalline silica dust from cutting, grinding or drilling into materials like concrete, classified as a known human carcinogen and cause of silicosis."
127535,Silica,MINE_Miners/Quarrymen,EST,high,"Your answers indicate: “Lime, lime stone or marble” for “What was mined or quarried where you worked?”; and “Using a brush or sweeping the area with a broom” for “In the last working week, how was the working area cleaned of dust?”. You may have been exposed to crystalline silica dust from cutting, grinding or drilling into materials like concrete, classified as a known human carcinogen and cause of silicosis."
127541,Silica,MINE_Miners/Quarrymen,EST,high,"Your answers indicate: “Lime, lime stone or marble” for “What was mined or quarried where you worked?”; and “None of these” for “In the last working week, how was the working area cleaned of dust?”; and “No” for “In the last working week, was water spray or water suppression used to reduce the amount of dust in your work area?”. You may have been exposed to crystalline silica dust from cutting, grinding or drilling into materials like concrete, classified as a known human carcinogen and cause of silicosis."
127542,Silica,MINE_Miners/Quarrymen,EST,high,"Your answers indicate: “Lime, lime stone or marble” for “What was mined or quarried where you worked?”; and “The working area was not cleaned of dust” for “In the last working week, how was the working area cleaned of dust?”; and “No” for “In the last working week, was water spray or water suppression used to reduce the amount of dust in your work area?”. You may have been exposed to crystalline silica dust from cutting, grinding or drilling into materials like concrete, classified as a known human carcinogen and cause of silicosis."
127543,Silica,MINE_Miners/Quarrymen,EST,high,"Your answers indicate: “Lime, lime stone or marble” for “What was mined or quarried where you worked?”; and “Don't know” for “In the last working week, how was the working area cleaned of dust?”; and “No” for “In the last working week, was water spray or water suppression used to reduce the amount of dust in your work area?”. You may have been exposed to crystalline silica dust from cutting, grinding or drilling into materials like concrete, classified as a known human carcinogen and cause of silicosis."
127544,Silica,MINE_Miners/Quarrymen,EST,high,"Your answers indicate: “Lime, lime stone or marble” for “What was mined or quarried where you worked?”; and “None of these” for “In the last working week, how was the working area cleaned of dust?”; and “Don't know” for “In the last working week, was water spray or water suppression used to reduce the amount of dust in your work area?”. You may have been exposed to crystalline silica dust from cutting, grinding or drilling into materials like concrete, classified as a known human carcinogen and cause of silicosis."
127545,Silica,MINE_Miners/Quarrymen,EST,high,"Your answers indicate: “Lime, lime stone or marble” for “What was mined or quarried where you worked?”; and “The working area was not cleaned of dust” for “In the last working week, how was the working area cleaned of dust?”; and “Don't know” for “In the last working week, was water spray or water suppression used to reduce the amount of dust in your work area?”. You may have been exposed to crystalline silica dust from cutting, grinding or drilling into materials like concrete, classified as a known human carcinogen and cause of silicosis."
127546,Silica,MINE_Miners/Quarrymen,EST,high,"Your answers indicate: “Lime, lime stone or marble” for “What was mined or quarried where you worked?”; and “Don't know” for “In the last working week, how was the working area cleaned of dust?”; and “Don't know” for “In the last working week, was water spray or water suppression used to reduce the amount of dust in your work area?”. You may have been exposed to crystalline silica dust from cutting, grinding or drilling into materials like concrete, classified as a known human carcinogen and cause of silicosis."
127547,Silica,MINE_Miners/Quarrymen,EST,high,"Your answers indicate: “Mineral sands” for “What was mined or quarried where you worked?”; and “Using compressed air” for “In the last working week, how was the working area cleaned of dust?”. You may have been exposed to crystalline silica dust from cutting, grinding or drilling into materials like concrete, classified as a known human carcinogen and cause of silicosis."
127548,Silica,MINE_Miners/Quarrymen,EST,high,"Your answers indicate: “Mineral sands” for “What was mined or quarried where you worked?”; and “Using a brush or sweeping the area with a broom” for “In the last working week, how was the working area cleaned of dust?”. You may have been exposed to crystalline silica dust from cutting, grinding or drilling into materials like concrete, classified as a known human carcinogen and cause of silicosis."
127554,Silica,MINE_Miners/Quarrymen,EST,high,"Your answers indicate: “Mineral sands” for “What was mined or quarried where you worked?”; and “None of these” for “In the last working week, how was the working area cleaned of dust?”; and “No” for “In the last working week, was water spray or water suppression used to reduce the amount of dust in your work area?”. You may have been exposed to crystalline silica dust from cutting, grinding or drilling into materials like concrete, classified as a known human carcinogen and cause of silicosis."
127555,Silica,MINE_Miners/Quarrymen,EST,high,"Your answers indicate: “Mineral sands” for “What was mined or quarried where you worked?”; and “The working area was not cleaned of dust” for “In the last working week, how was the working area cleaned of dust?”; and “No” for “In the last working week, was water spray or water suppression used to reduce the amount of dust in your work area?”. You may have been exposed to crystalline silica dust from cutting, grinding or drilling into materials like concrete, classified as a known human carcinogen and cause of silicosis."
127556,Silica,MINE_Miners/Quarrymen,EST,high,"Your answers indicate: “Mineral sands” for “What was mined or quarried where you worked?”; and “Don't know” for “In the last working week, how was the working area cleaned of dust?”; and “No” for “In the last working week, was water spray or water suppression used to reduce the amount of dust in your work area?”. You may have been exposed to crystalline silica dust from cutting, grinding or drilling into materials like concrete, classified as a known human carcinogen and cause of silicosis."
127557,Silica,MINE_Miners/Quarrymen,EST,high,"Your answers indicate: “Mineral sands” for “What was mined or quarried where you worked?”; and “None of these” for “In the last working week, how was the working area cleaned of dust?”; and “Don't know” for “In the last working week, was water spray or water suppression used to reduce the amount of dust in your work area?”. You may have been exposed to crystalline silica dust from cutting, grinding or drilling into materials like concrete, classified as a known human carcinogen and cause of silicosis."
127558,Silica,MINE_Miners/Quarrymen,EST,high,"Your answers indicate: “Mineral sands” for “What was mined or quarried where you worked?”; and “The working area was not cleaned of dust” for “In the last working week, how was the working area cleaned of dust?”; and “Don't know” for “In the last working week, was water spray or water suppression used to reduce the amount of dust in your work area?”. You may have been exposed to crystalline silica dust from cutting, grinding or drilling into materials like concrete, classified as a known human carcinogen and cause of silicosis."
127559,Silica,MINE_Miners/Quarrymen,EST,high,"Your answers indicate: “Mineral sands” for “What was mined or quarried where you worked?”; and “Don't know” for “In the last working week, how was the working area cleaned of dust?”; and “Don't know” for “In the last working week, was water spray or water suppression used to reduce the amount of dust in your work area?”. You may have been exposed to crystalline silica dust from cutting, grinding or drilling into materials like concrete, classified as a known human carcinogen and cause of silicosis."
127560,Silica,MINE_Miners/Quarrymen,EST,high,"Your answers indicate: “Nickel” for “What was mined or quarried where you worked?”; and “Using compressed air” for “In the last working week, how was the working area cleaned of dust?”. You may have been exposed to crystalline silica dust from cutting, grinding or drilling into materials like concrete, classified as a known human carcinogen and cause of silicosis."
127561,Silica,MINE_Miners/Quarrymen,EST,high,"Your answers indicate: “Nickel” for “What was mined or quarried where you worked?”; and “Using a brush or sweeping the area with a broom” for “In the last working week, how was the working area cleaned of dust?”. You may have been exposed to crystalline silica dust from cutting, grinding or drilling into materials like concrete, classified as a known human carcinogen and cause of silicosis."
127567,Silica,MINE_Miners/Quarrymen,EST,high,"Your answers indicate: “Nickel” for “What was mined or quarried where you worked?”; and “None of these” for “In the last working week, how was the working area cleaned of dust?”; and “No” for “In the last working week, was water spray or water suppression used to reduce the amount of dust in your work area?”. You may have been exposed to crystalline silica dust from cutting, grinding or drilling into materials like concrete, classified as a known human carcinogen and cause of silicosis."
127568,Silica,MINE_Miners/Quarrymen,EST,high,"Your answers indicate: “Nickel” for “What was mined or quarried where you worked?”; and “The working area was not cleaned of dust” for “In the last working week, how was the working area cleaned of dust?”; and “No” for “In the last working week, was water spray or water suppression used to reduce the amount of dust in your work area?”. You may have been exposed to crystalline silica dust from cutting, grinding or drilling into materials like concrete, classified as a known human carcinogen and cause of silicosis."
127569,Silica,MINE_Miners/Quarrymen,EST,high,"Your answers indicate: “Nickel” for “What was mined or quarried where you worked?”; and “Don't know” for “In the last working week, how was the working area cleaned of dust?”; and “No” for “In the last working week, was water spray or water suppression used to reduce the amount of dust in your work area?”. You may have been exposed to crystalline silica dust from cutting, grinding or drilling into materials like concrete, classified as a known human carcinogen and cause of silicosis."
127570,Silica,MINE_Miners/Quarrymen,EST,high,"Your answers indicate: “Nickel” for “What was mined or quarried where you worked?”; and “None of these” for “In the last working week, how was the working area cleaned of dust?”; and “Don't know” for “In the last working week, was water spray or water suppression used to reduce the amount of dust in your work area?”. You may have been exposed to crystalline silica dust from cutting, grinding or drilling into materials like concrete, classified as a known human carcinogen and cause of silicosis."
127571,Silica,MINE_Miners/Quarrymen,EST,high,"Your answers indicate: “Nickel” for “What was mined or quarried where you worked?”; and “The working area was not cleaned of dust” for “In the last working week, how was the working area cleaned of dust?”; and “Don't know” for “In the last working week, was water spray or water suppression used to reduce the amount of dust in your work area?”. You may have been exposed to crystalline silica dust from cutting, grinding or drilling into materials like concrete, classified as a known human carcinogen and cause of silicosis."
127572,Silica,MINE_Miners/Quarrymen,EST,high,"Your answers indicate: “Nickel” for “What was mined or quarried where you worked?”; and “Don't know” for “In the last working week, how was the working area cleaned of dust?”; and “Don't know” for “In the last working week, was water spray or water suppression used to reduce the amount of dust in your work area?”. You may have been exposed to crystalline silica dust from cutting, grinding or drilling into materials like concrete, classified as a known human carcinogen and cause of silicosis."
127573,Silica,MINE_Miners/Quarrymen,EST,high,"Your answers indicate: “Titanium, vanadium, platinum” for “What was mined or quarried where you worked?”; and “Using compressed air” for “In the last working week, how was the working area cleaned of dust?”. You may have been exposed to crystalline silica dust from cutting, grinding or drilling into materials like concrete, classified as a known human carcinogen and cause of silicosis."
127574,Silica,MINE_Miners/Quarrymen,EST,high,"Your answers indicate: “Titanium, vanadium, platinum” for “What was mined or quarried where you worked?”; and “Using a brush or sweeping the area with a broom” for “In the last working week, how was the working area cleaned of dust?”. You may have been exposed to crystalline silica dust from cutting, grinding or drilling into materials like concrete, classified as a known human carcinogen and cause of silicosis."
127580,Silica,MINE_Miners/Quarrymen,EST,high,"Your answers indicate: “Titanium, vanadium, platinum” for “What was mined or quarried where you worked?”; and “None of these” for “In the last working week, how was the working area cleaned of dust?”; and “No” for “In the last working week, was water spray or water suppression used to reduce the amount of dust in your work area?”. You may have been exposed to crystalline silica dust from cutting, grinding or drilling into materials like concrete, classified as a known human carcinogen and cause of silicosis."
127581,Silica,MINE_Miners/Quarrymen,EST,high,"Your answers indicate: “Titanium, vanadium, platinum” for “What was mined or quarried where you worked?”; and “The working area was not cleaned of dust” for “In the last working week, how was the working area cleaned of dust?”; and “No” for “In the last working week, was water spray or water suppression used to reduce the amount of dust in your work area?”. You may have been exposed to crystalline silica dust from cutting, grinding or drilling into materials like concrete, classified as a known human carcinogen and cause of silicosis."
127582,Silica,MINE_Miners/Quarrymen,EST,high,"Your answers indicate: “Titanium, vanadium, platinum” for “What was mined or quarried where you worked?”; and “Don't know” for “In the last working week, how was the working area cleaned of dust?”; and “No” for “In the last working week, was water spray or water suppression used to reduce the amount of dust in your work area?”. You may have been exposed to crystalline silica dust from cutting, grinding or drilling into materials like concrete, classified as a known human carcinogen and cause of silicosis."
127583,Silica,MINE_Miners/Quarrymen,EST,high,"Your answers indicate: “Titanium, vanadium, platinum” for “What was mined or quarried where you worked?”; and “None of these” for “In the last working week, how was the working area cleaned of dust?”; and “Don't know” for “In the last working week, was water spray or water suppression used to reduce the amount of dust in your work area?”. You may have been exposed to crystalline silica dust from cutting, grinding or drilling into materials like concrete, classified as a known human carcinogen and cause of silicosis."
127584,Silica,MINE_Miners/Quarrymen,EST,high,"Your answers indicate: “Titanium, vanadium, platinum” for “What was mined or quarried where you worked?”; and “The working area was not cleaned of dust” for “In the last working week, how was the working area cleaned of dust?”; and “Don't know” for “In the last working week, was water spray or water suppression used to reduce the amount of dust in your work area?”. You may have been exposed to crystalline silica dust from cutting, grinding or drilling into materials like concrete, classified as a known human carcinogen and cause of silicosis."
127585,Silica,MINE_Miners/Quarrymen,EST,high,"Your answers indicate: “Titanium, vanadium, platinum” for “What was mined or quarried where you worked?”; and “Don't know” for “In the last working week, how was the working area cleaned of dust?”; and “Don't know” for “In the last working week, was water spray or water suppression used to reduce the amount of dust in your work area?”. You may have been exposed to crystalline silica dust from cutting, grinding or drilling into materials like concrete, classified as a known human carcinogen and cause of silicosis."
127586,Silica,MINE_Miners/Quarrymen,EST,high,"Your answers indicate: “Tin” for “What was mined or quarried where you worked?”; and “Using compressed air” for “In the last working week, how was the working area cleaned of dust?”. You may have been exposed to crystalline silica dust from cutting, grinding or drilling into materials like concrete, classified as a known human carcinogen and cause of silicosis."
127587,Silica,MINE_Miners/Quarrymen,EST,high,"Your answers indicate: “Tin” for “What was mined or quarried where you worked?”; and “Using a brush or sweeping the area with a broom” for “In the last working week, how was the working area cleaned of dust?”. You may have been exposed to crystalline silica dust from cutting, grinding or drilling into materials like concrete, classified as a known human carcinogen and cause of silicosis."
127593,Silica,MINE_Miners/Quarrymen,EST,high,"Your answers indicate: “Tin” for “What was mined or quarried where you worked?”; and “None of these” for “In the last working week, how was the working area cleaned of dust?”; and “No” for “In the last working week, was water spray or water suppression used to reduce the amount of dust in your work area?”. You may have been exposed to crystalline silica dust from cutting, grinding or drilling into materials like concrete, classified as a known human carcinogen and cause of silicosis."
127594,Silica,MINE_Miners/Quarrymen,EST,high,"Your answers indicate: “Tin” for “What was mined or quarried where you worked?”; and “The working area was not cleaned of dust” for “In the last working week, how was the working area cleaned of dust?”; and “No” for “In the last working week, was water spray or water suppression used to reduce the amount of dust in your work area?”. You may have been exposed to crystalline silica dust from cutting, grinding or drilling into materials like concrete, classified as a known human carcinogen and cause of silicosis."
127595,Silica,MINE_Miners/Quarrymen,EST,high,"Your answers indicate: “Tin” for “What was mined or quarried where you worked?”; and “Don't know” for “In the last working week, how was the working area cleaned of dust?”; and “No” for “In the last working week, was water spray or water suppression used to reduce the amount of dust in your work area?”. You may have been exposed to crystalline silica dust from cutting, grinding or drilling into materials like concrete, classified as a known human carcinogen and cause of silicosis."
127596,Silica,MINE_Miners/Quarrymen,EST,high,"Your answers indicate: “Tin” for “What was mined or quarried where you worked?”; and “None of these” for “In the last working week, how was the working area cleaned of dust?”; and “Don't know” for “In the last working week, was water spray or water suppression used to reduce the amount of dust in your work area?”. You may have been exposed to crystalline silica dust from cutting, grinding or drilling into materials like concrete, classified as a known human carcinogen and cause of silicosis."
127597,Silica,MINE_Miners/Quarrymen,EST,high,"Your answers indicate: “Tin” for “What was mined or quarried where you worked?”; and “The working area was not cleaned of dust” for “In the last working week, how was the working area cleaned of dust?”; and “Don't know” for “In the last working week, was water spray or water suppression used to reduce the amount of dust in your work area?”. You may have been exposed to crystalline silica dust from cutting, grinding or drilling into materials like concrete, classified as a known human carcinogen and cause of silicosis."
127598,Silica,MINE_Miners/Quarrymen,EST,high,"Your answers indicate: “Tin” for “What was mined or quarried where you worked?”; and “Don't know” for “In the last working week, how was the working area cleaned of dust?”; and “Don't know” for “In the last working week, was water spray or water suppression used to reduce the amount of dust in your work area?”. You may have been exposed to crystalline silica dust from cutting, grinding or drilling into materials like concrete, classified as a known human carcinogen and cause of silicosis."
127599,Silica,MINE_Miners/Quarrymen,EST,high,"Your answers indicate: “Uranium” for “What was mined or quarried where you worked?”; and “Using compressed air” for “In the last working week, how was the working area cleaned of dust?”. You may have been exposed to crystalline silica dust from cutting, grinding or drilling into materials like concrete, classified as a known human carcinogen and cause of silicosis."
127600,Silica,MINE_Miners/Quarrymen,EST,high,"Your answers indicate: “Uranium” for “What was mined or quarried where you worked?”; and “Using a brush or sweeping the area with a broom” for “In the last working week, how was the working area cleaned of dust?”. You may have been exposed to crystalline silica dust from cutting, grinding or drilling into materials like concrete, classified as a known human carcinogen and cause of silicosis."
127606,Silica,MINE_Miners/Quarrymen,EST,high,"Your answers indicate: “Uranium” for “What was mined or quarried where you worked?”; and “None of these” for “In the last working week, how was the working area cleaned of dust?”; and “No” for “In the last working week, was water spray or water suppression used to reduce the amount of dust in your work area?”. You may have been exposed to crystalline silica dust from cutting, grinding or drilling into materials like concrete, classified as a known human carcinogen and cause of silicosis."
127607,Silica,MINE_Miners/Quarrymen,EST,high,"Your answers indicate: “Uranium” for “What was mined or quarried where you worked?”; and “The working area was not cleaned of dust” for “In the last working week, how was the working area cleaned of dust?”; and “No” for “In the last working week, was water spray or water suppression used to reduce the amount of dust in your work area?”. You may have been exposed to crystalline silica dust from cutting, grinding or drilling into materials like concrete, classified as a known human carcinogen and cause of silicosis."
127608,Silica,MINE_Miners/Quarrymen,EST,high,"Your answers indicate: “Uranium” for “What was mined or quarried where you worked?”; and “Don't know” for “In the last working week, how was the working area cleaned of dust?”; and “No” for “In the last working week, was water spray or water suppression used to reduce the amount of dust in your work area?”. You may have been exposed to crystalline silica dust from cutting, grinding or drilling into materials like concrete, classified as a known human carcinogen and cause of silicosis."
127609,Silica,MINE_Miners/Quarrymen,EST,high,"Your answers indicate: “Uranium” for “What was mined or quarried where you worked?”; and “None of these” for “In the last working week, how was the working area cleaned of dust?”; and “Don't know” for “In the last working week, was water spray or water suppression used to reduce the amount of dust in your work area?”. You may have been exposed to crystalline silica dust from cutting, grinding or drilling into materials like concrete, classified as a known human carcinogen and cause of silicosis."
127610,Silica,MINE_Miners/Quarrymen,EST,high,"Your answers indicate: “Uranium” for “What was mined or quarried where you worked?”; and “The working area was not cleaned of dust” for “In the last working week, how was the working area cleaned of dust?”; and “Don't know” for “In the last working week, was water spray or water suppression used to reduce the amount of dust in your work area?”. You may have been exposed to crystalline silica dust from cutting, grinding or drilling into materials like concrete, classified as a known human carcinogen and cause of silicosis."
127611,Silica,MINE_Miners/Quarrymen,EST,high,"Your answers indicate: “Uranium” for “What was mined or quarried where you worked?”; and “Don't know” for “In the last working week, how was the working area cleaned of dust?”; and “Don't know” for “In the last working week, was water spray or water suppression used to reduce the amount of dust in your work area?”. You may have been exposed to crystalline silica dust from cutting, grinding or drilling into materials like concrete, classified as a known human carcinogen and cause of silicosis."
1494186,Environmental Tobacco Smoke,aETS Environmental Tobacco Smoke aJSM,EST,high,"Your answers indicate: “Indoors (includes inside vehicles)” for “When they were smoking or vaping around you, were you indoors, outdoors, or around entrances you passed through?”. You may have been exposed to secondhand tobacco smoke, classified as a known human carcinogen."
1494241,Light at night,aSFW Shiftworker aJSM,PHYS,medium,"Your answers indicate: “Yes” for “When you were called in, did you work in an area which is very brightly lit?”. You may have been exposed to exposure to light during normal sleeping hours, such as from night shift work, associated with circadian disruption; international health authorities classify shift work involving this as a probable carcinogen."
1494253,Phase shift,aSFW Shiftworker aJSM,PHYS,medium,"Your answers indicate: “Morning or evening shifts, followed by night shifts then days off” for “What pattern of shifts did you do?”; and “5” for “How many night shifts in a row did you usually work?”. You may have been exposed to circadian disruption from shift work involving changing shift times, classified by international health authorities as a probable carcinogen, alongside other health effects."
1494254,Phase shift,aSFW Shiftworker aJSM,PHYS,medium,"Your answers indicate: “Morning or evening shifts, followed by night shifts then days off” for “What pattern of shifts did you do?”; and “6 or more” for “How many night shifts in a row did you usually work?”. You may have been exposed to circadian disruption from shift work involving changing shift times, classified by international health authorities as a probable carcinogen, alongside other health effects."
1494257,Phase shift,aSFW Shiftworker aJSM,PHYS,medium,"Your answers indicate: “Night shifts, followed by day shifts then days off” for “What pattern of shifts did you do?”; and “6 or more” for “How many night shifts in a row did you usually work?”. You may have been exposed to circadian disruption from shift work involving changing shift times, classified by international health authorities as a probable carcinogen, alongside other health effects."
1494298,Sleep disturbances,aSFW Shiftworker aJSM,PHYS,medium,"Your answers indicate: “Frequently or always” for “How often did you have difficulty falling asleep between two consecutive night shifts?”; and “Less than 6” for “How many hours of sleep did you get between two consecutive night shifts?”. You may have been exposed to disrupted sleep patterns, often linked to shift work, associated with a range of health effects."
1494299,Sleep disturbances,aSFW Shiftworker aJSM,PHYS,medium,"Your answers indicate: “Frequently or always” for “How often did you have difficulty falling asleep between two consecutive night shifts?”; and “More than 9” for “How many hours of sleep did you get between two consecutive night shifts?”. You may have been exposed to disrupted sleep patterns, often linked to shift work, associated with a range of health effects."
1494304,Sleep disturbances,aSFW Shiftworker aJSM,PHYS,medium,"Your answers indicate: “Frequently or always” for “How often did you have trouble staying asleep, including waking up much earlier than you intended between two consecutive night shifts?”; and “Less than 6” for “How many hours of sleep did you get between two consecutive night shifts?”. You may have been exposed to disrupted sleep patterns, often linked to shift work, associated with a range of health effects."
1494305,Sleep disturbances,aSFW Shiftworker aJSM,PHYS,medium,"Your answers indicate: “Frequently or always” for “How often did you have trouble staying asleep, including waking up much earlier than you intended between two consecutive night shifts?”; and “More than 9” for “How many hours of sleep did you get between two consecutive night shifts?”. You may have been exposed to disrupted sleep patterns, often linked to shift work, associated with a range of health effects."
1494312,Light at night,aSFW Shiftworker aJSM,PHYS,medium,"Your answers indicate: “Light - could easily read” for “Which best describes the light in the areas where you worked when you were on night shift?”. You may have been exposed to exposure to light during normal sleeping hours, such as from night shift work, associated with circadian disruption; international health authorities classify shift work involving this as a probable carcinogen."
1494969,Glyphosate,aPEL Pesticides Long version,UNC,medium,"Your answers indicate: “Glyphosate/ Roundup” for “What herbicides did you apply or mix?”; and “Backpack sprayer” for “What types of equipment did you use to apply the herbicides, insecticides, or fungicides?”. You may have been exposed to a widely used herbicide; international health authorities differ on its cancer risk classification, and evidence is still debated."
1494971,Phenoxy Herbicides,aPEL Pesticides Long version,UNC,medium,"Your answers indicate: “MCPA” for “What herbicides did you apply or mix?”; and “Backpack sprayer” for “What types of equipment did you use to apply the herbicides, insecticides, or fungicides?”. You may have been exposed to a class of herbicides; evidence on cancer risk is debated and varies by specific compound."
1494973,Phenoxy Herbicides,aPEL Pesticides Long version,UNC,medium,"Your answers indicate: “24D” for “What herbicides did you apply or mix?”; and “Backpack sprayer” for “What types of equipment did you use to apply the herbicides, insecticides, or fungicides?”. You may have been exposed to a class of herbicides; evidence on cancer risk is debated and varies by specific compound."
1495000,Organophosphates,aPEL Pesticides Long version,ACUTE,high,"Your answers indicate: “Omethoate” for “What insecticides did you handle?”; and “Backpack sprayer” for “What types of equipment did you use to apply the herbicides, insecticides, or fungicides?”. You may have been exposed to a class of pesticides, capable of serious acute nervous system effects."
1495002,Organophosphates,aPEL Pesticides Long version,ACUTE,high,"Your answers indicate: “Dimethoate” for “What insecticides did you handle?”; and “Backpack sprayer” for “What types of equipment did you use to apply the herbicides, insecticides, or fungicides?”. You may have been exposed to a class of pesticides, capable of serious acute nervous system effects."
1495004,Organophosphates,aPEL Pesticides Long version,ACUTE,high,"Your answers indicate: “Chlorpyrifos” for “What insecticides did you handle?”; and “Backpack sprayer” for “What types of equipment did you use to apply the herbicides, insecticides, or fungicides?”. You may have been exposed to a class of pesticides, capable of serious acute nervous system effects."
1495006,Carbamate,aPEL Pesticides Long version,UNC,low,"Your answers indicate: “Carbamate” for “What insecticides did you handle?”; and “Backpack sprayer” for “What types of equipment did you use to apply the herbicides, insecticides, or fungicides?”. You may have been exposed to a class of pesticide; evidence on long-term health effects varies by the specific compound."
1495030,Methyl bromide,aPEL Pesticides Long version,EST,medium,"Your answers indicate: “Methyl bromide” for “What fumigants did you apply or mix?”; and “Gaseous” for “Which of the following forms of fumigant did you apply?”. You may have been exposed to a fumigant gas, capable of serious acute toxicity and nervous system effects."
1496059,Other PAHs,aBWG Burn Waste aJSM,EST,high,"Your answers indicate: “In the open” for “How did you burn the waste?”. You may have been exposed to polycyclic aromatic hydrocarbons formed by combustion, such as in coal, tar or soot, several classified as known or probable human carcinogens."
1496065,Other PAHs,aBWG Burn Waste aJSM,EST,high,"Your answers indicate: “Yes” for “In the last working week, did you remove/clean out the ash after burning waste?”. You may have been exposed to polycyclic aromatic hydrocarbons formed by combustion, such as in coal, tar or soot, several classified as known or probable human carcinogens."
1497020,noise2,aNMD Medical Cast Cutter,PHYS,high,"Your answers indicate: “Yes” for “During your last working day, did you use a powered cast cutter (cast removal saw)?”. You may have been exposed to occupational noise exposure, a recognised cause of hearing damage that depends on volume and duration."
1497861,Other PAHs,MINE_Miners/Quarrymen,EST,high,"Your answers indicate: “Yes” for “In the last working week, did you use ANFO (ammonium nitrate/fuel oil)?”. You may have been exposed to polycyclic aromatic hydrocarbons formed by combustion, such as in coal, tar or soot, several classified as known or probable human carcinogens."
1497932,Welding fumes,NSWX_Welding fumes,EST,high,"Your answers indicate: “No” for “In a typical working week, do you wear an air supplied welding helmet when supervising other welders?”. You may have been exposed to fumes produced during welding, classified as a known human carcinogen."
1497933,Welding fumes,NSWX_Welding fumes,EST,high,"Your answers indicate: “Don't know” for “In a typical working week, do you wear an air supplied welding helmet when supervising other welders?”. You may have been exposed to fumes produced during welding, classified as a known human carcinogen."
1497944,Ocular UV EU,NSWX_Welding fumes,EST,high,"Your answers indicate: “No” for “In a typical working week, do you wear welding goggles, a welding helmet that includes goggles or a welding shield when welding?”. You may have been exposed to ultraviolet light exposure to the eyes, a recognised cause of eye damage including cataracts."
1497945,Ocular UV EU,NSWX_Welding fumes,EST,high,"Your answers indicate: “Don't know” for “In a typical working week, do you wear welding goggles, a welding helmet that includes goggles or a welding shield when welding?”. You may have been exposed to ultraviolet light exposure to the eyes, a recognised cause of eye damage including cataracts."
1498026,noise2,OPET_Oil/Petroleum Industry,PHYS,high,"Your answers indicate: “LPG bottling plant” for “Where did you work (or in what area did you work) on your last working day?”. You may have been exposed to occupational noise exposure, a recognised cause of hearing damage that depends on volume and duration."
1498154,Other PAHs,PRMM_Metal Refining/Smelting,EST,high,"Your answers indicate: “Soderberg” for “What type of aluminium reducing process was used?”; and “In the green mill” for “Which of the following areas in the aluminium smelter did you work in the last working week?”. You may have been exposed to polycyclic aromatic hydrocarbons formed by combustion, such as in coal, tar or soot, several classified as known or probable human carcinogens."
1498626,Bushfire smoke,aBBU Back Burning aJSM,UNC,medium,"Your answers indicate: “No” for “Did you wear an air-supplied respirator or SCBA (self-contained breathing apparatus) when managing fires in the last working week?”. You may have been exposed to smoke from bushfires, a complex mixture whose long-term health effects are still an active area of research."
1498637,Shiftwork,aSFW Shiftworker aJSM,PHYS,medium,"Your answers indicate: “4 or more” for “In your last swing or roster, how many nights in a row did you do night shifts before having a day off or changing to a different shift?”. You may have been exposed to working outside standard daytime hours, associated with circadian disruption; international health authorities classify shift work as a probable carcinogen, alongside other health effects."
1498639,ETS incl vapes,aETS Environmental Tobacco Smoke aJSM,EST,medium,"Your answers indicate: “Indoors (includes inside vehicles)” for “When they were smoking or vaping around you, were you indoors, outdoors, or around entrances you passed through?”. You may have been exposed to secondhand tobacco smoke or vape aerosol; tobacco smoke is a known human carcinogen, while evidence on vape aerosol is comparatively newer and still developing."
1498644,Heat at work,aHTS Heat Stress,PHYS,high,"Your answers indicate: “Yes” for “In your last working week did you work close to equipment that produces significant heat or steam?”. You may have been exposed to working in hot conditions, a recognised cause of heat stress and related illness, with risk depending on duration and intensity."
1498645,Heat at work,aHTS Heat Stress,PHYS,high,"Your answers indicate: “Yes” for “In your last working week, did you work in clothing or PPE that made you feel the heat more?”. You may have been exposed to working in hot conditions, a recognised cause of heat stress and related illness, with risk depending on duration and intensity."
1498646,Heat at work,aHTS Heat Stress,PHYS,high,"Your answers indicate: “Yes” for “In your last working week, did you do physical tasks at work that make you feel the heat more?”. You may have been exposed to working in hot conditions, a recognised cause of heat stress and related illness, with risk depending on duration and intensity."
1498687,Other PAHs,HLTH_Health Workers,EST,high,"Your answers indicate: “No” for “Was there a suction tube on the diathermy pencil?”. You may have been exposed to polycyclic aromatic hydrocarbons formed by combustion, such as in coal, tar or soot, several classified as known or probable human carcinogens."
1498688,Other PAHs,HLTH_Health Workers,EST,high,"Your answers indicate: “Don't know” for “Was there a suction tube on the diathermy pencil?”. You may have been exposed to polycyclic aromatic hydrocarbons formed by combustion, such as in coal, tar or soot, several classified as known or probable human carcinogens."
1498784,MOCA,RUBB_Rubber or plastic Industry,EST,medium,"Your answers indicate: “No” for “Did you consistently wear gloves when working with the MOCA?”. You may have been exposed to a chemical used in some polyurethane manufacturing, classified as a probable human carcinogen."
1498786,MOCA,RUBB_Rubber or plastic Industry,EST,medium,"Your answers indicate: “No” for “Did you consistently wear gloves when working with the MOCA?”. You may have been exposed to a chemical used in some polyurethane manufacturing, classified as a probable human carcinogen."
1498789,Isocyanates,aGLU Glues aJSM,BIO,high,"Your answers indicate: “No” for “Did you wear a full-face respirator?”. You may have been exposed to chemicals used in some manufacturing such as spray painting or foam production, a leading cause of occupational asthma and a possible carcinogen."
1498790,Isocyanates,aGLU Glues aJSM,BIO,high,"Your answers indicate: “Don't know” for “Did you use the filler in a spray booth?”. You may have been exposed to chemicals used in some manufacturing such as spray painting or foam production, a leading cause of occupational asthma and a possible carcinogen."
1498791,Isocyanates,aGLU Glues aJSM,BIO,high,"Your answers indicate: “Don't know” for “Did you wear a full-face respirator?”. You may have been exposed to chemicals used in some manufacturing such as spray painting or foam production, a leading cause of occupational asthma and a possible carcinogen."
1498797,Isocyanates,aPAI Painting aJSM,BIO,high,"Your answers indicate: “Isocyanate paints” for “Did you use any of the following paints?”; and “No” for “In the last working week, did you spray/powder coat in a spray booth?”; and “No” for “In the last working week, did you use a cartridge filter respirator, a powered air-purifying respirator (PAPR) or an air-supplied respirator when painting or applying coats?”. You may have been exposed to chemicals used in some manufacturing such as spray painting or foam production, a leading cause of occupational asthma and a possible carcinogen."
1498799,Isocyanates,FOUN_Foundry,BIO,high,"Your answers indicate: “Thermosetting (hot box or warm box or shell moulding)” for “What processes did you use in the casting station?”; and “Don't know” for “Was this casting station inside a ventilated booth?”. You may have been exposed to chemicals used in some manufacturing such as spray painting or foam production, a leading cause of occupational asthma and a possible carcinogen."
1498802,Isocyanates,RUBB_Rubber or plastic Industry,BIO,high,"Your answers indicate: “Yes” for “Did you personally handle any polyurethane foam?”. You may have been exposed to chemicals used in some manufacturing such as spray painting or foam production, a leading cause of occupational asthma and a possible carcinogen."
1498809,Solar UV AU,aUVR Solar UV aJSM,EST,high,"Your answers indicate: “More than 4 hours” for “In the last working week, how many hours per day did you spend working out in the open?”; and “No” for “In the last working week, did you wear clothing that covered most of your body (i.e., trousers and shirts or t-shirts with sleeves) when working out in the open?”. You may have been exposed to ultraviolet radiation from sunlight, classified as a known human carcinogen (skin cancer)."
1498810,Solar UV AU,aUVR Solar UV aJSM,EST,high,"Your answers indicate: “Between 1 and 4 hours” for “In the last working week, how many hours per day did you spend working out in the open?”; and “No” for “In the last working week, did you wear clothing that covered most of your body (i.e., trousers and shirts or t-shirts with sleeves) when working out in the open?”. You may have been exposed to ultraviolet radiation from sunlight, classified as a known human carcinogen (skin cancer)."
1498833,Ocular UV AU,aUVR Solar UV aJSM,EST,high,"Your answers indicate: “More than 4 hours” for “In the last working week, how many hours per day did you spend working out in the open?”; and “No” for “In the last working week, did you wear sunglasses when you were working outside?”. You may have been exposed to ultraviolet light exposure to the eyes, a recognised cause of eye damage including cataracts."
1498834,Ocular UV AU,aUVR Solar UV aJSM,EST,high,"Your answers indicate: “More than 4 hours” for “In the last working week, how many hours per day did you spend working out in the open?”; and “Don't know” for “In the last working week, did you wear sunglasses when you were working outside?”. You may have been exposed to ultraviolet light exposure to the eyes, a recognised cause of eye damage including cataracts."
1498835,Ocular UV AU,aUVR Solar UV aJSM,EST,high,"Your answers indicate: “Between 1 and 4 hours” for “In the last working week, how many hours per day did you spend working out in the open?”; and “No” for “In the last working week, did you wear sunglasses when you were working outside?”. You may have been exposed to ultraviolet light exposure to the eyes, a recognised cause of eye damage including cataracts."
1498836,Ocular UV AU,aUVR Solar UV aJSM,EST,high,"Your answers indicate: “Between 1 and 4 hours” for “In the last working week, how many hours per day did you spend working out in the open?”; and “Don't know” for “In the last working week, did you wear sunglasses when you were working outside?”. You may have been exposed to ultraviolet light exposure to the eyes, a recognised cause of eye damage including cataracts."
1498849,Solar UV AU,aUVR Solar UV aJSM,EST,high,"Your answers indicate: “More than 4 hours” for “In the last working week, how many hours per day did you spend working out in the open?”; and “Don't know” for “In the last working week, did you wear clothing that covered most of your body (i.e., trousers and shirts or t-shirts with sleeves) when working out in the open?”. You may have been exposed to ultraviolet radiation from sunlight, classified as a known human carcinogen (skin cancer)."
1498853,Solar UV AU,aUVR Solar UV aJSM,EST,high,"Your answers indicate: “More than 4 hours” for “In the last working week, how many hours per day did you spend working out in the open?”; and “No” for “In the last working week, did you wear a hat or other sun protection head cover when working out in the open?”. You may have been exposed to ultraviolet radiation from sunlight, classified as a known human carcinogen (skin cancer)."
1498854,Solar UV AU,aUVR Solar UV aJSM,EST,high,"Your answers indicate: “More than 4 hours” for “In the last working week, how many hours per day did you spend working out in the open?”; and “Don't know” for “In the last working week, did you wear a hat or other sun protection head cover when working out in the open?”. You may have been exposed to ultraviolet radiation from sunlight, classified as a known human carcinogen (skin cancer)."
1498855,Solar UV AU,aUVR Solar UV aJSM,EST,high,"Your answers indicate: “Between 1 and 4 hours” for “In the last working week, how many hours per day did you spend working out in the open?”; and “Don't know” for “In the last working week, did you wear clothing that covered most of your body (i.e., trousers and shirts or t-shirts with sleeves) when working out in the open?”. You may have been exposed to ultraviolet radiation from sunlight, classified as a known human carcinogen (skin cancer)."
1498856,Solar UV AU,aUVR Solar UV aJSM,EST,high,"Your answers indicate: “Between 1 and 4 hours” for “In the last working week, how many hours per day did you spend working out in the open?”; and “Don't know” for “In the last working week, did you wear a hat or other sun protection head cover when working out in the open?”. You may have been exposed to ultraviolet radiation from sunlight, classified as a known human carcinogen (skin cancer)."
1498857,Solar UV AU,aUVR Solar UV aJSM,EST,high,"Your answers indicate: “Between 1 and 4 hours” for “In the last working week, how many hours per day did you spend working out in the open?”; and “No” for “In the last working week, did you wear a hat or other sun protection head cover when working out in the open?”. You may have been exposed to ultraviolet radiation from sunlight, classified as a known human carcinogen (skin cancer)."
1498860,Asbestos Aust,aASR Asbestos Removal,EST,high,"Your answers indicate: “Yes” for “Did you cut, grind, or break up asbestos-containing material (including by accident)?”; and “Don't know” for “How did you clean up the dust in the last working week when doing repair or maintenance tasks?”. You may have been exposed to a mineral fibre once widely used in building materials, classified as a known human carcinogen."
1498861,Asbestos Aust,aASR Asbestos Removal,EST,high,"Your answers indicate: “Yes” for “Did you cut, grind, or break up asbestos-containing material (including by accident)?”; and “The working area was not cleaned of dust” for “How did you clean up the dust in the last working week when doing repair or maintenance tasks?”. You may have been exposed to a mineral fibre once widely used in building materials, classified as a known human carcinogen."
1498862,Asbestos Aust,aASR Asbestos Removal,EST,high,"Your answers indicate: “Yes” for “Did you cut, grind, or break up asbestos-containing material (including by accident)?”; and “Using a brush or sweeping the area with a broom” for “How did you clean up the dust in the last working week when doing repair or maintenance tasks?”. You may have been exposed to a mineral fibre once widely used in building materials, classified as a known human carcinogen."
1498863,Asbestos Aust,aASR Asbestos Removal,EST,high,"Your answers indicate: “Yes” for “Did you cut, grind, or break up asbestos-containing material (including by accident)?”; and “Using compressed air” for “How did you clean up the dust in the last working week when doing repair or maintenance tasks?”. You may have been exposed to a mineral fibre once widely used in building materials, classified as a known human carcinogen."
1498864,Asbestos Aust,aASR Asbestos Removal,EST,high,"Your answers indicate: “Yes” for “Did you cut, grind, or break up asbestos-containing material (including by accident)?”; and “Don't know” for “In the last working week, did you use respiratory protection when doing repair or maintenance tasks?”. You may have been exposed to a mineral fibre once widely used in building materials, classified as a known human carcinogen."
1498865,Asbestos Aust,aASR Asbestos Removal,EST,high,"Your answers indicate: “Yes” for “Did you cut, grind, or break up asbestos-containing material (including by accident)?”; and “No” for “In the last working week, did you use respiratory protection when doing repair or maintenance tasks?”. You may have been exposed to a mineral fibre once widely used in building materials, classified as a known human carcinogen."
1498866,Asbestos Aust,aASR Asbestos Removal,EST,high,"Your answers indicate: “Yes” for “Did you cut, grind, or break up asbestos-containing material (including by accident)?”; and “A filtering face piece mask or dust mask (called an FFP)” for “What types of respiratory protective equipment (RPE) did you use?”. You may have been exposed to a mineral fibre once widely used in building materials, classified as a known human carcinogen."
1498872,Asbestos Aust,aASR Asbestos Removal,EST,high,"Your answers indicate: “Hammering or using power tools (e.g. disc cutters, saws, etc)” for “In the last working week, did you use any of the following methods to remove the asbestos-containing materials?”. You may have been exposed to a mineral fibre once widely used in building materials, classified as a known human carcinogen."
1498873,Asbestos Aust,aASR Asbestos Removal,EST,high,"Your answers indicate: “Dry method” for “In the last working week, did you use any of the following methods to remove the asbestos-containing materials?”. You may have been exposed to a mineral fibre once widely used in building materials, classified as a known human carcinogen."
1498875,Asbestos Aust,aASR Asbestos Removal,EST,high,"Your answers indicate: “Don't know” for “In the last working week, did you use any of the following methods to remove the asbestos-containing materials?”. You may have been exposed to a mineral fibre once widely used in building materials, classified as a known human carcinogen."
1498876,Asbestos Aust,aASR Asbestos Removal,EST,high,"Your answers indicate: “No” for “In the last working week, did you use respiratory protection when removing the asbestos containing materials?”. You may have been exposed to a mineral fibre once widely used in building materials, classified as a known human carcinogen."
1498877,Asbestos Aust,aASR Asbestos Removal,EST,high,"Your answers indicate: “Don't know” for “In the last working week, did you use respiratory protection when removing the asbestos containing materials?”. You may have been exposed to a mineral fibre once widely used in building materials, classified as a known human carcinogen."
1498878,Asbestos Aust,aASR Asbestos Removal,EST,high,"Your answers indicate: “A filtering face piece mask or dust mask (FFP3 type)” for “What  type of respiratory protective equipment (RPE) did you use when removing the asbestos-containing materials in the last working week?”. You may have been exposed to a mineral fibre once widely used in building materials, classified as a known human carcinogen."
1498879,Asbestos Aust,aASR Asbestos Removal,EST,high,"Your answers indicate: “Other” for “What  type of respiratory protective equipment (RPE) did you use when removing the asbestos-containing materials in the last working week?”. You may have been exposed to a mineral fibre once widely used in building materials, classified as a known human carcinogen."
1498880,Asbestos Aust,aASR Asbestos Removal,EST,high,"Your answers indicate: “Don't know” for “What  type of respiratory protective equipment (RPE) did you use when removing the asbestos-containing materials in the last working week?”. You may have been exposed to a mineral fibre once widely used in building materials, classified as a known human carcinogen."
1498881,Asbestos Aust,aASR Asbestos Removal,EST,high,"Your answers indicate: “Rubber face mask fitted with a particle filter (P3) or a cartridge” for “What  type of respiratory protective equipment (RPE) did you use when removing the asbestos-containing materials in the last working week?”. You may have been exposed to a mineral fibre once widely used in building materials, classified as a known human carcinogen."
1498896,Isocyanates,aPAI Painting aJSM,BIO,high,"Your answers indicate: “Isocyanate paints” for “Did you use any of the following paints?”; and “No” for “In the last working week, did you spray/powder coat in a spray booth?”; and “Don't know” for “In the last working week, did you use a cartridge filter respirator, a powered air-purifying respirator (PAPR) or an air-supplied respirator when painting or applying coats?”. You may have been exposed to chemicals used in some manufacturing such as spray painting or foam production, a leading cause of occupational asthma and a possible carcinogen."
1498897,Isocyanates,aPAI Painting aJSM,BIO,high,"Your answers indicate: “Isocyanate paints” for “Did you use any of the following paints?”; and “Don't know” for “In the last working week, did you spray/powder coat in a spray booth?”; and “Don't know” for “In the last working week, did you use a cartridge filter respirator, a powered air-purifying respirator (PAPR) or an air-supplied respirator when painting or applying coats?”. You may have been exposed to chemicals used in some manufacturing such as spray painting or foam production, a leading cause of occupational asthma and a possible carcinogen."
1498898,Isocyanates,aPAI Painting aJSM,BIO,high,"Your answers indicate: “Isocyanate paints” for “Did you use any of the following paints?”; and “Don't know” for “In the last working week, did you spray/powder coat in a spray booth?”; and “No” for “In the last working week, did you use a cartridge filter respirator, a powered air-purifying respirator (PAPR) or an air-supplied respirator when painting or applying coats?”. You may have been exposed to chemicals used in some manufacturing such as spray painting or foam production, a leading cause of occupational asthma and a possible carcinogen."
1498900,Isocyanates,RUBB_Rubber or plastic Industry,BIO,high,"Your answers indicate: “Yes” for “Did you personally handle any polyurethane foam?”. You may have been exposed to chemicals used in some manufacturing such as spray painting or foam production, a leading cause of occupational asthma and a possible carcinogen."
1498901,Bushfire smoke,aBBU Back Burning aJSM,UNC,medium,"Your answers indicate: “Don't know” for “Did you wear an air-supplied respirator or SCBA (self-contained breathing apparatus) when managing fires in the last working week?”. You may have been exposed to smoke from bushfires, a complex mixture whose long-term health effects are still an active area of research."
1498903,Other PAHs,aBBU Back Burning aJSM,EST,high,"Your answers indicate: “Don't know” for “Did you wear an air-supplied respirator or SCBA (self-contained breathing apparatus) when managing fires in the last working week?”. You may have been exposed to polycyclic aromatic hydrocarbons formed by combustion, such as in coal, tar or soot, several classified as known or probable human carcinogens."
1498904,Bushfire smoke,FIRE_Firefighter,UNC,medium,"Your answers indicate: “Wildfires or forest fires” for “In the last working week, did you fight any of the following fire types?”; and “Don't know” for “In the last working week, did you wear an air-supplied breathing apparatus or self-contained breathing apparatus (SCBA) during frontline firefighting?”. You may have been exposed to smoke from bushfires, a complex mixture whose long-term health effects are still an active area of research."
1498905,Bushfire smoke,FIRE_Firefighter,UNC,medium,"Your answers indicate: “Wildfires or forest fires” for “In the last working week, did you fight any of the following fire types?”; and “No” for “In the last working week, did you wear an air-supplied breathing apparatus or self-contained breathing apparatus (SCBA) during frontline firefighting?”. You may have been exposed to smoke from bushfires, a complex mixture whose long-term health effects are still an active area of research."
1498910,Bushfire smoke,FIRE_Firefighter,UNC,medium,"Your answers indicate: “No” for “In the last working week, did you wear an air-supplied breathing apparatus or self-contained breathing apparatus (SCBA) when doing preventative burning or controlled burning?”. You may have been exposed to smoke from bushfires, a complex mixture whose long-term health effects are still an active area of research."
1498911,Bushfire smoke,FIRE_Firefighter,UNC,medium,"Your answers indicate: “Don't know” for “In the last working week, did you wear an air-supplied breathing apparatus or self-contained breathing apparatus (SCBA) when doing preventative burning or controlled burning?”. You may have been exposed to smoke from bushfires, a complex mixture whose long-term health effects are still an active area of research."
1498919,Asbestos Aust,WAMA_Waste Management,EST,high,"Your answers indicate: “Friable (e.g., pipe lagging, insulation, or flaking off from a surface)” for “Were the waste asbestos materials you worked with friable or non-friable?”; and “A filtering face piece mask or dust mask (called an FFP)” for “What types of respiratory protective equipment (RPE) did you use?”. You may have been exposed to a mineral fibre once widely used in building materials, classified as a known human carcinogen."
1498920,Asbestos Aust,WAMA_Waste Management,EST,high,"Your answers indicate: “Friable (e.g., pipe lagging, insulation, or flaking off from a surface)” for “Were the waste asbestos materials you worked with friable or non-friable?”; and “Don't know” for “In the last working week, did you wear respiratory protection when you loaded/unloaded asbestos-containing products?”. You may have been exposed to a mineral fibre once widely used in building materials, classified as a known human carcinogen."
1498921,Asbestos Aust,WAMA_Waste Management,EST,high,"Your answers indicate: “Friable (e.g., pipe lagging, insulation, or flaking off from a surface)” for “Were the waste asbestos materials you worked with friable or non-friable?”; and “No” for “In the last working week, did you wear respiratory protection when you loaded/unloaded asbestos-containing products?”. You may have been exposed to a mineral fibre once widely used in building materials, classified as a known human carcinogen."
1498922,Asbestos Aust,WAMA_Waste Management,EST,high,"Your answers indicate: “Poor (where you could see loose fibres and dust)” for “In what condition was the non-friable asbestos material you worked with?”; and “Don't know” for “In the last working week, did you wear respiratory protection when you loaded/unloaded asbestos-containing products?”. You may have been exposed to a mineral fibre once widely used in building materials, classified as a known human carcinogen."
1498923,Asbestos Aust,WAMA_Waste Management,EST,high,"Your answers indicate: “Poor (where you could see loose fibres and dust)” for “In what condition was the non-friable asbestos material you worked with?”; and “No” for “In the last working week, did you wear respiratory protection when you loaded/unloaded asbestos-containing products?”. You may have been exposed to a mineral fibre once widely used in building materials, classified as a known human carcinogen."
1498924,Asbestos Aust,WAMA_Waste Management,EST,high,"Your answers indicate: “Poor (where you could see loose fibres and dust)” for “In what condition was the non-friable asbestos material you worked with?”; and “A filtering face piece mask or dust mask (called an FFP)” for “What types of respiratory protective equipment (RPE) did you use?”. You may have been exposed to a mineral fibre once widely used in building materials, classified as a known human carcinogen."
1498925,Asbestos Aust,WAMA_Waste Management,EST,high,"Your answers indicate: “Don't know” for “In what condition was the non-friable asbestos material you worked with?”; and “A filtering face piece mask or dust mask (called an FFP)” for “What types of respiratory protective equipment (RPE) did you use?”. You may have been exposed to a mineral fibre once widely used in building materials, classified as a known human carcinogen."
1498926,Asbestos Aust,WAMA_Waste Management,EST,high,"Your answers indicate: “Don't know” for “In what condition was the non-friable asbestos material you worked with?”; and “No” for “In the last working week, did you wear respiratory protection when you loaded/unloaded asbestos-containing products?”. You may have been exposed to a mineral fibre once widely used in building materials, classified as a known human carcinogen."
1498927,Asbestos Aust,WAMA_Waste Management,EST,high,"Your answers indicate: “Don't know” for “In what condition was the non-friable asbestos material you worked with?”; and “Don't know” for “In the last working week, did you wear respiratory protection when you loaded/unloaded asbestos-containing products?”. You may have been exposed to a mineral fibre once widely used in building materials, classified as a known human carcinogen."
1498928,Asbestos Aust,WAMA_Waste Management,EST,high,"Your answers indicate: “Don't know” for “Were the waste asbestos materials you worked with friable or non-friable?”; and “A filtering face piece mask or dust mask (called an FFP)” for “What types of respiratory protective equipment (RPE) did you use?”. You may have been exposed to a mineral fibre once widely used in building materials, classified as a known human carcinogen."
1498929,Asbestos Aust,WAMA_Waste Management,EST,high,"Your answers indicate: “Don't know” for “Were the waste asbestos materials you worked with friable or non-friable?”; and “No” for “In the last working week, did you wear respiratory protection when you loaded/unloaded asbestos-containing products?”. You may have been exposed to a mineral fibre once widely used in building materials, classified as a known human carcinogen."
1498930,Asbestos Aust,WAMA_Waste Management,EST,high,"Your answers indicate: “Don't know” for “Were the waste asbestos materials you worked with friable or non-friable?”; and “Don't know” for “In the last working week, did you wear respiratory protection when you loaded/unloaded asbestos-containing products?”. You may have been exposed to a mineral fibre once widely used in building materials, classified as a known human carcinogen."
1498935,Asbestos Aust,LABC_Lab worker Chemist,EST,high,"Your answers indicate: “Asbestos” for “In the last working week, did you come in contact with any of the following?”; and “Don't know” for “In the last working week, how was the area where you handled chemicals ventilated?”; and “No” for “In the last working week, did you use respiratory protection?”. You may have been exposed to a mineral fibre once widely used in building materials, classified as a known human carcinogen."
1498936,Asbestos Aust,LABC_Lab worker Chemist,EST,high,"Your answers indicate: “Asbestos” for “In the last working week, did you come in contact with any of the following?”; and “Don't know” for “In the last working week, how was the area where you handled chemicals ventilated?”; and “A filtering face piece mask or dust mask (called an FFP)” for “What types of respiratory protective equipment (RPE) did you use?”. You may have been exposed to a mineral fibre once widely used in building materials, classified as a known human carcinogen."
1498937,Asbestos Aust,LABC_Lab worker Chemist,EST,high,"Your answers indicate: “Asbestos” for “In the last working week, did you come in contact with any of the following?”; and “Don't know” for “In the last working week, how was the area where you handled chemicals ventilated?”; and “Don't know” for “In the last working week, did you use respiratory protection?”. You may have been exposed to a mineral fibre once widely used in building materials, classified as a known human carcinogen."
1498938,Asbestos Aust,LABC_Lab worker Chemist,EST,high,"Your answers indicate: “Asbestos” for “In the last working week, did you come in contact with any of the following?”; and “None of these” for “In the last working week, how was the area where you handled chemicals ventilated?”; and “Don't know” for “In the last working week, did you use respiratory protection?”. You may have been exposed to a mineral fibre once widely used in building materials, classified as a known human carcinogen."
1498939,Asbestos Aust,LABC_Lab worker Chemist,EST,high,"Your answers indicate: “Asbestos” for “In the last working week, did you come in contact with any of the following?”; and “None of these” for “In the last working week, how was the area where you handled chemicals ventilated?”; and “No” for “In the last working week, did you use respiratory protection?”. You may have been exposed to a mineral fibre once widely used in building materials, classified as a known human carcinogen."
1498940,Asbestos Aust,LABC_Lab worker Chemist,EST,high,"Your answers indicate: “Asbestos” for “In the last working week, did you come in contact with any of the following?”; and “None of these” for “In the last working week, how was the area where you handled chemicals ventilated?”; and “A filtering face piece mask or dust mask (called an FFP)” for “What types of respiratory protective equipment (RPE) did you use?”. You may have been exposed to a mineral fibre once widely used in building materials, classified as a known human carcinogen."
1498954,Asbestos Aust,aSER Service tunnels aJSM,EST,high,"Your answers indicate: “Yes” for “Was the insulation crumbly or fibrous?”; and “Don't know” for “How were the service tunnels ventilated?”. You may have been exposed to a mineral fibre once widely used in building materials, classified as a known human carcinogen."
1498955,Asbestos Aust,aSER Service tunnels aJSM,EST,high,"Your answers indicate: “Yes” for “Was the insulation crumbly or fibrous?”; and “No ventilation was applied to the area” for “How were the service tunnels ventilated?”. You may have been exposed to a mineral fibre once widely used in building materials, classified as a known human carcinogen."
1498958,Asbestos Aust,aMAH Material Handling aJSM,EST,high,"Your answers indicate: “Friable (e.g., pipe lagging, insulation)” for “Were the asbestos-containing products you loaded/unloaded friable or non-friable?”; and “Don't know” for “In the last working week, did you wear respiratory protection when you loaded/unloaded asbestos-containing products?”. You may have been exposed to a mineral fibre once widely used in building materials, classified as a known human carcinogen."
1498959,Asbestos Aust,aMAH Material Handling aJSM,EST,high,"Your answers indicate: “Friable (e.g., pipe lagging, insulation)” for “Were the asbestos-containing products you loaded/unloaded friable or non-friable?”; and “No” for “In the last working week, did you wear respiratory protection when you loaded/unloaded asbestos-containing products?”. You may have been exposed to a mineral fibre once widely used in building materials, classified as a known human carcinogen."
1498960,Asbestos Aust,aMAH Material Handling aJSM,EST,high,"Your answers indicate: “Friable (e.g., pipe lagging, insulation)” for “Were the asbestos-containing products you loaded/unloaded friable or non-friable?”; and “A filtering face piece mask or dust mask (called an FFP)” for “What types of respiratory protective equipment (RPE) did you use?”. You may have been exposed to a mineral fibre once widely used in building materials, classified as a known human carcinogen."
1498961,Asbestos Aust,aMAH Material Handling aJSM,EST,high,"Your answers indicate: “Poor (where release of fibres is likely)” for “In what condition was the asbestos?”; and “Don't know” for “In the last working week, did you wear respiratory protection when you loaded/unloaded asbestos-containing products?”. You may have been exposed to a mineral fibre once widely used in building materials, classified as a known human carcinogen."
1498962,Asbestos Aust,aMAH Material Handling aJSM,EST,high,"Your answers indicate: “Poor (where release of fibres is likely)” for “In what condition was the asbestos?”; and “No” for “In the last working week, did you wear respiratory protection when you loaded/unloaded asbestos-containing products?”. You may have been exposed to a mineral fibre once widely used in building materials, classified as a known human carcinogen."
1498963,Asbestos Aust,aMAH Material Handling aJSM,EST,high,"Your answers indicate: “Poor (where release of fibres is likely)” for “In what condition was the asbestos?”; and “A filtering face piece mask or dust mask (called an FFP)” for “What types of respiratory protective equipment (RPE) did you use?”. You may have been exposed to a mineral fibre once widely used in building materials, classified as a known human carcinogen."
1498966,Asbestos Aust,"aFUR Furnace cleaning, installation and maintenance",EST,high,"Your answers indicate: “Yes” for “In the last working week, did you remove or maintain lining made out of asbestos?”; and “A filtering face piece mask or dust mask (called an FFP)” for “What types of respiratory protective equipment (RPE) did you use?”. You may have been exposed to a mineral fibre once widely used in building materials, classified as a known human carcinogen."
1498967,Asbestos Aust,"aFUR Furnace cleaning, installation and maintenance",EST,high,"Your answers indicate: “Yes” for “In the last working week, did you remove or maintain lining made out of asbestos?”; and “No” for “In the last working week, did you use respiratory protection when re-lining, cleaning or maintaining furnaces?”. You may have been exposed to a mineral fibre once widely used in building materials, classified as a known human carcinogen."
1498968,Asbestos Aust,"aFUR Furnace cleaning, installation and maintenance",EST,high,"Your answers indicate: “Yes” for “In the last working week, did you remove or maintain lining made out of asbestos?”; and “Don't know” for “In the last working week, did you use respiratory protection when re-lining, cleaning or maintaining furnaces?”. You may have been exposed to a mineral fibre once widely used in building materials, classified as a known human carcinogen."
1498973,Asbestos Aust,aASR Asbestos Removal,EST,high,"Your answers indicate: “No” for “Did you cut, grind, or break up asbestos-containing material (including by accident)?”; and “No” for “In the last working week, did you use respiratory protection when doing repair or maintenance tasks?”. You may have been exposed to a mineral fibre once widely used in building materials, classified as a known human carcinogen."
1498975,Asbestos Aust,aASR Asbestos Removal,EST,high,"Your answers indicate: “No” for “Did you cut, grind, or break up asbestos-containing material (including by accident)?”; and “Don't know” for “In the last working week, did you use respiratory protection when doing repair or maintenance tasks?”. You may have been exposed to a mineral fibre once widely used in building materials, classified as a known human carcinogen."
1498976,Asbestos Aust,aASR Asbestos Removal,EST,high,"Your answers indicate: “Don't know” for “Did you cut, grind, or break up asbestos-containing material (including by accident)?”; and “Don't know” for “How did you clean up the dust in the last working week when doing repair or maintenance tasks?”. You may have been exposed to a mineral fibre once widely used in building materials, classified as a known human carcinogen."
1498977,Asbestos Aust,aASR Asbestos Removal,EST,high,"Your answers indicate: “Don't know” for “Did you cut, grind, or break up asbestos-containing material (including by accident)?”; and “The working area was not cleaned of dust” for “How did you clean up the dust in the last working week when doing repair or maintenance tasks?”. You may have been exposed to a mineral fibre once widely used in building materials, classified as a known human carcinogen."
1498978,Asbestos Aust,aASR Asbestos Removal,EST,high,"Your answers indicate: “Don't know” for “Did you cut, grind, or break up asbestos-containing material (including by accident)?”; and “Using a brush or sweeping the area with a broom” for “How did you clean up the dust in the last working week when doing repair or maintenance tasks?”. You may have been exposed to a mineral fibre once widely used in building materials, classified as a known human carcinogen."
1498979,Asbestos Aust,aASR Asbestos Removal,EST,high,"Your answers indicate: “Don't know” for “Did you cut, grind, or break up asbestos-containing material (including by accident)?”; and “Using compressed air” for “How did you clean up the dust in the last working week when doing repair or maintenance tasks?”. You may have been exposed to a mineral fibre once widely used in building materials, classified as a known human carcinogen."
1498980,Asbestos Aust,aASR Asbestos Removal,EST,high,"Your answers indicate: “Don't know” for “Did you cut, grind, or break up asbestos-containing material (including by accident)?”; and “No” for “In the last working week, did you use respiratory protection when doing repair or maintenance tasks?”. You may have been exposed to a mineral fibre once widely used in building materials, classified as a known human carcinogen."
1498981,Asbestos Aust,aASR Asbestos Removal,EST,high,"Your answers indicate: “Don't know” for “Did you cut, grind, or break up asbestos-containing material (including by accident)?”; and “Don't know” for “In the last working week, did you use respiratory protection when doing repair or maintenance tasks?”. You may have been exposed to a mineral fibre once widely used in building materials, classified as a known human carcinogen."
1498982,Asbestos Aust,aASR Asbestos Removal,EST,high,"Your answers indicate: “Don't know” for “Did you cut, grind, or break up asbestos-containing material (including by accident)?”; and “A filtering face piece mask or dust mask (called an FFP)” for “What types of respiratory protective equipment (RPE) did you use?”. You may have been exposed to a mineral fibre once widely used in building materials, classified as a known human carcinogen."
1498986,MOCA,RUBB_Rubber or plastic Industry,EST,medium,"Your answers indicate: “Don't know” for “Did you consistently wear gloves when working with the MOCA?”. You may have been exposed to a chemical used in some polyurethane manufacturing, classified as a probable human carcinogen."
1498990,MOCA,RUBB_Rubber or plastic Industry,EST,medium,"Your answers indicate: “Don't know” for “Did you consistently wear gloves when working with the MOCA?”. You may have been exposed to a chemical used in some polyurethane manufacturing, classified as a probable human carcinogen."
1498991,Asbestos Aust,aASR Asbestos Removal,EST,high,"Your answers indicate: “Other” for “In the last working week, did you use any of the following methods to remove the asbestos-containing materials?”. You may have been exposed to a mineral fibre once widely used in building materials, classified as a known human carcinogen."
1499011,Ocular UV AU,aWEL Welding aJSM,EST,high,"Your answers indicate: “No” for “In the last working week, did you wear welding goggles, a welding helmet that includes goggles, or a welding shield when welding, brazing or cutting?”. You may have been exposed to ultraviolet light exposure to the eyes, a recognised cause of eye damage including cataracts."
1499012,Ocular UV AU,aWEL Welding aJSM,EST,high,"Your answers indicate: “Don't know” for “In the last working week, did you wear welding goggles, a welding helmet that includes goggles, or a welding shield when welding, brazing or cutting?”. You may have been exposed to ultraviolet light exposure to the eyes, a recognised cause of eye damage including cataracts."
1499014,Ocular UV AU,aWEL Welding aJSM,EST,high,"Your answers indicate: “More than 6 others” for “How many other welders were there in the area where you worked?”. You may have been exposed to ultraviolet light exposure to the eyes, a recognised cause of eye damage including cataracts."
1499023,Isocyanates,aMAC Machining Parts aJSM,BIO,high,"Your answers indicate: “Yes” for “Did you personally handle polyurethane foam?”. You may have been exposed to chemicals used in some manufacturing such as spray painting or foam production, a leading cause of occupational asthma and a possible carcinogen."
